img_id,img_filename,y,split,place,group_id,place_filename
5635,097.Orchard_Oriole/Orchard_Oriole_0080_91417.jpg,0,0,0,0,/b/bamboo_forest/00003772.jpg
5992,103.Sayornis/Sayornis_0109_98906.jpg,0,0,0,0,/f/forest/broadleaf/00001673.jpg
7156,123.Henslow_Sparrow/Henslow_Sparrow_0009_796611.jpg,0,0,0,0,/f/forest/broadleaf/00002262.jpg
1850,033.Yellow_billed_Cuckoo/Yellow_Billed_Cuckoo_0049_26766.jpg,0,0,0,0,/b/bamboo_forest/00000761.jpg
10878,185.Bohemian_Waxwing/Bohemian_Waxwing_0046_177864.jpg,0,0,0,0,/b/bamboo_forest/00003780.jpg
588,011.Rusty_Blackbird/Rusty_Blackbird_0074_6585.jpg,0,0,0,0,/b/bamboo_forest/00001773.jpg
8814,150.Sage_Thrasher/Sage_Thrasher_0103_155575.jpg,0,0,0,0,/f/forest/broadleaf/00002510.jpg
7937,136.Barn_Swallow/Barn_Swallow_0073_131389.jpg,0,0,0,0,/b/bamboo_forest/00002680.jpg
225,004.Groove_billed_Ani/Groove_Billed_Ani_0027_1754.jpg,0,0,0,0,/b/bamboo_forest/00002306.jpg
5583,096.Hooded_Oriole/Hooded_Oriole_0126_90319.jpg,0,0,0,0,/f/forest/broadleaf/00004216.jpg
6510,112.Great_Grey_Shrike/Great_Grey_Shrike_0064_106778.jpg,0,0,0,0,/b/bamboo_forest/00003626.jpg
10788,184.Louisiana_Waterthrush/Louisiana_Waterthrush_0004_177455.jpg,0,0,0,0,/b/bamboo_forest/00004237.jpg
3265,057.Rose_breasted_Grosbeak/Rose_Breasted_Grosbeak_0068_39094.jpg,0,0,0,0,/f/forest/broadleaf/00004006.jpg
2007,036.Northern_Flicker/Northern_Flicker_0132_28313.jpg,0,0,0,0,/f/forest/broadleaf/00000925.jpg
5636,097.Orchard_Oriole/Orchard_Oriole_0042_91678.jpg,0,0,0,0,/b/bamboo_forest/00003094.jpg
4561,079.Belted_Kingfisher/Belted_Kingfisher_0047_70705.jpg,0,0,0,0,/f/forest/broadleaf/00002591.jpg
8089,138.Tree_Swallow/Tree_Swallow_0019_137073.jpg,0,0,0,0,/b/bamboo_forest/00004737.jpg
6061,104.American_Pipit/American_Pipit_0113_99939.jpg,0,0,0,0,/b/bamboo_forest/00004367.jpg
2151,038.Great_Crested_Flycatcher/Great_Crested_Flycatcher_0066_29488.jpg,0,0,0,0,/b/bamboo_forest/00004057.jpg
9901,169.Magnolia_Warbler/Magnolia_Warbler_0114_165467.jpg,0,0,0,0,/b/bamboo_forest/00004179.jpg
7564,129.Song_Sparrow/Song_Sparrow_0058_121832.jpg,0,0,0,0,/b/bamboo_forest/00001288.jpg
7381,126.Nelson_Sharp_tailed_Sparrow/Nelson_Sharp_Tailed_Sparrow_0038_796920.jpg,0,0,0,0,/f/forest/broadleaf/00003344.jpg
2791,049.Boat_tailed_Grackle/Boat_Tailed_Grackle_0056_33649.jpg,0,0,0,0,/b/bamboo_forest/00004624.jpg
5562,095.Baltimore_Oriole/Baltimore_Oriole_0039_88027.jpg,0,0,0,0,/b/bamboo_forest/00002067.jpg
5404,093.Clark_Nutcracker/Clark_Nutcracker_0137_85172.jpg,0,0,0,0,/f/forest/broadleaf/00004100.jpg
6213,107.Common_Raven/Common_Raven_0072_102443.jpg,0,0,0,0,/f/forest/broadleaf/00000951.jpg
7462,128.Seaside_Sparrow/Seaside_Sparrow_0047_796520.jpg,0,0,0,0,/b/bamboo_forest/00001548.jpg
719,013.Bobolink/Bobolink_0047_9204.jpg,0,0,0,0,/f/forest/broadleaf/00002600.jpg
7790,133.White_throated_Sparrow/White_Throated_Sparrow_0056_128906.jpg,0,0,0,0,/b/bamboo_forest/00000314.jpg
11229,191.Red_headed_Woodpecker/Red_Headed_Woodpecker_0052_182702.jpg,0,0,0,0,/f/forest/broadleaf/00003322.jpg
10227,174.Palm_Warbler/Palm_Warbler_0004_168786.jpg,0,0,0,0,/b/bamboo_forest/00003917.jpg
11193,191.Red_headed_Woodpecker/Red_Headed_Woodpecker_0041_182788.jpg,0,0,0,0,/f/forest/broadleaf/00000944.jpg
10388,177.Prothonotary_Warbler/Prothonotary_Warbler_0124_173686.jpg,0,0,0,0,/b/bamboo_forest/00003163.jpg
7468,128.Seaside_Sparrow/Seaside_Sparrow_0041_796529.jpg,0,0,0,0,/b/bamboo_forest/00002011.jpg
2391,042.Vermilion_Flycatcher/Vermilion_Flycatcher_0034_42356.jpg,0,0,0,0,/f/forest/broadleaf/00002297.jpg
9468,161.Blue_winged_Warbler/Blue_Winged_Warbler_0028_161787.jpg,0,0,0,0,/b/bamboo_forest/00004164.jpg
6496,111.Loggerhead_Shrike/Loggerhead_Shrike_0084_105919.jpg,0,0,0,0,/f/forest/broadleaf/00003427.jpg
5360,092.Nighthawk/Nighthawk_0055_83352.jpg,0,0,0,0,/b/bamboo_forest/00004081.jpg
614,012.Yellow_headed_Blackbird/Yellow_Headed_Blackbird_0008_8756.jpg,0,0,0,0,/b/bamboo_forest/00004027.jpg
2793,049.Boat_tailed_Grackle/Boat_Tailed_Grackle_0043_33595.jpg,0,0,0,0,/b/bamboo_forest/00002346.jpg
8847,151.Black_capped_Vireo/Black_Capped_Vireo_0035_797471.jpg,0,0,0,0,/b/bamboo_forest/00000325.jpg
7549,129.Song_Sparrow/Song_Sparrow_0055_121158.jpg,0,0,0,0,/b/bamboo_forest/00002734.jpg
6962,119.Field_Sparrow/Field_Sparrow_0034_113364.jpg,0,0,0,0,/b/bamboo_forest/00000705.jpg
4950,085.Horned_Lark/Horned_Lark_0096_74075.jpg,0,0,0,0,/f/forest/broadleaf/00000878.jpg
1897,034.Gray_crowned_Rosy_Finch/Gray_Crowned_Rosy_Finch_0006_797284.jpg,0,0,0,0,/f/forest/broadleaf/00002876.jpg
5695,098.Scott_Oriole/Scott_Oriole_0069_92271.jpg,0,0,0,0,/b/bamboo_forest/00001652.jpg
1219,022.Chuck_will_Widow/Chuck_Will_Widow_0024_796993.jpg,0,0,0,0,/b/bamboo_forest/00000586.jpg
10344,176.Prairie_Warbler/Prairie_Warbler_0136_172768.jpg,0,0,0,0,/b/bamboo_forest/00004626.jpg
5482,094.White_breasted_Nuthatch/White_Breasted_Nuthatch_0064_86324.jpg,0,0,0,0,/b/bamboo_forest/00003940.jpg
7979,136.Barn_Swallow/Barn_Swallow_0084_130800.jpg,0,0,0,0,/b/bamboo_forest/00001604.jpg
8725,149.Brown_Thrasher/Brown_Thrasher_0009_155221.jpg,0,0,0,0,/f/forest/broadleaf/00000582.jpg
7817,134.Cape_Glossy_Starling/Cape_Glossy_Starling_0020_129328.jpg,0,0,0,0,/f/forest/broadleaf/00000460.jpg
10397,177.Prothonotary_Warbler/Prothonotary_Warbler_0021_173816.jpg,0,0,0,0,/b/bamboo_forest/00004166.jpg
10582,180.Wilson_Warbler/Wilson_Warbler_0018_175389.jpg,0,0,0,0,/f/forest/broadleaf/00002797.jpg
1210,022.Chuck_will_Widow/Chuck_Will_Widow_0059_796982.jpg,0,0,0,0,/f/forest/broadleaf/00000113.jpg
6470,111.Loggerhead_Shrike/Loggerhead_Shrike_0033_105686.jpg,0,0,0,0,/f/forest/broadleaf/00001701.jpg
3229,056.Pine_Grosbeak/Pine_Grosbeak_0105_38210.jpg,0,0,0,0,/b/bamboo_forest/00004532.jpg
7426,127.Savannah_Sparrow/Savannah_Sparrow_0091_120630.jpg,0,0,0,0,/f/forest/broadleaf/00004224.jpg
7843,134.Cape_Glossy_Starling/Cape_Glossy_Starling_0075_129431.jpg,0,0,0,0,/b/bamboo_forest/00001242.jpg
1181,022.Chuck_will_Widow/Chuck_Will_Widow_0053_796953.jpg,0,0,0,0,/f/forest/broadleaf/00000251.jpg
2326,041.Scissor_tailed_Flycatcher/Scissor_Tailed_Flycatcher_0115_42137.jpg,0,0,0,0,/f/forest/broadleaf/00000046.jpg
10561,180.Wilson_Warbler/Wilson_Warbler_0129_175256.jpg,0,0,0,0,/b/bamboo_forest/00000148.jpg
8744,149.Brown_Thrasher/Brown_Thrasher_0001_155380.jpg,0,0,0,0,/b/bamboo_forest/00002264.jpg
9519,162.Canada_Warbler/Canada_Warbler_0075_162428.jpg,0,0,0,0,/f/forest/broadleaf/00000452.jpg
478,009.Brewer_Blackbird/Brewer_Blackbird_0070_2325.jpg,0,0,0,0,/f/forest/broadleaf/00000347.jpg
6031,103.Sayornis/Sayornis_0020_98727.jpg,0,0,0,0,/b/bamboo_forest/00004260.jpg
4724,081.Pied_Kingfisher/Pied_Kingfisher_0007_72438.jpg,0,0,0,0,/f/forest/broadleaf/00000361.jpg
8064,138.Tree_Swallow/Tree_Swallow_0049_134740.jpg,0,0,0,0,/b/bamboo_forest/00001722.jpg
5558,095.Baltimore_Oriole/Baltimore_Oriole_0104_86979.jpg,0,0,0,0,/b/bamboo_forest/00003230.jpg
6567,113.Baird_Sparrow/Baird_Sparrow_0014_794549.jpg,0,0,0,0,/f/forest/broadleaf/00003479.jpg
7784,133.White_throated_Sparrow/White_Throated_Sparrow_0027_128847.jpg,0,0,0,0,/f/forest/broadleaf/00003263.jpg
4016,069.Rufous_Hummingbird/Rufous_Hummingbird_0037_60415.jpg,0,0,0,0,/b/bamboo_forest/00003463.jpg
4956,085.Horned_Lark/Horned_Lark_0095_74640.jpg,0,0,0,0,/f/forest/broadleaf/00004137.jpg
9858,168.Kentucky_Warbler/Kentucky_Warbler_0025_165304.jpg,0,0,0,0,/b/bamboo_forest/00001996.jpg
1191,022.Chuck_will_Widow/Chuck_Will_Widow_0026_796963.jpg,0,0,0,0,/b/bamboo_forest/00003287.jpg
1763,032.Mangrove_Cuckoo/Mangrove_Cuckoo_0022_794625.jpg,0,0,0,0,/b/bamboo_forest/00003464.jpg
2745,048.European_Goldfinch/European_Goldfinch_0074_33348.jpg,0,0,0,0,/f/forest/broadleaf/00003499.jpg
1048,019.Gray_Catbird/Gray_Catbird_0045_20950.jpg,0,0,0,0,/f/forest/broadleaf/00002618.jpg
6819,117.Clay_colored_Sparrow/Clay_Colored_Sparrow_0044_110942.jpg,0,0,0,0,/f/forest/broadleaf/00002676.jpg
5429,093.Clark_Nutcracker/Clark_Nutcracker_0063_84869.jpg,0,0,0,0,/f/forest/broadleaf/00001029.jpg
10153,173.Orange_crowned_Warbler/Orange_Crowned_Warbler_0091_167578.jpg,0,0,0,0,/f/forest/broadleaf/00002191.jpg
9040,154.Red_eyed_Vireo/Red_Eyed_Vireo_0045_157252.jpg,0,0,0,0,/f/forest/broadleaf/00003590.jpg
11354,193.Bewick_Wren/Bewick_Wren_0110_185216.jpg,0,0,0,0,/f/forest/broadleaf/00000137.jpg
6654,114.Black_throated_Sparrow/Black_Throated_Sparrow_0055_107213.jpg,0,0,0,0,/b/bamboo_forest/00004959.jpg
8214,140.Summer_Tanager/Summer_Tanager_0119_140617.jpg,0,0,0,0,/f/forest/broadleaf/00002094.jpg
6127,105.Whip_poor_Will/Whip_Poor_Will_0038_100443.jpg,0,0,0,0,/b/bamboo_forest/00003036.jpg
6534,112.Great_Grey_Shrike/Great_Grey_Shrike_0014_797044.jpg,0,0,0,0,/f/forest/broadleaf/00001294.jpg
613,012.Yellow_headed_Blackbird/Yellow_Headed_Blackbird_0082_8577.jpg,0,0,0,0,/f/forest/broadleaf/00001489.jpg
4219,073.Blue_Jay/Blue_Jay_0022_63074.jpg,0,0,0,0,/b/bamboo_forest/00001186.jpg
11292,192.Downy_Woodpecker/Downy_Woodpecker_0005_184098.jpg,0,0,0,0,/b/bamboo_forest/00000517.jpg
10946,186.Cedar_Waxwing/Cedar_Waxwing_0004_179215.jpg,0,0,0,0,/b/bamboo_forest/00004750.jpg
1720,031.Black_billed_Cuckoo/Black_Billed_Cuckoo_0077_26222.jpg,0,0,0,0,/b/bamboo_forest/00001063.jpg
11023,188.Pileated_Woodpecker/Pileated_Woodpecker_0072_180006.jpg,0,0,0,0,/b/bamboo_forest/00002920.jpg
2688,047.American_Goldfinch/American_Goldfinch_0104_32540.jpg,0,0,0,0,/b/bamboo_forest/00001401.jpg
3096,054.Blue_Grosbeak/Blue_Grosbeak_0033_36980.jpg,0,0,0,0,/f/forest/broadleaf/00003488.jpg
461,009.Brewer_Blackbird/Brewer_Blackbird_0030_2268.jpg,0,0,0,0,/f/forest/broadleaf/00003311.jpg
1002,019.Gray_Catbird/Gray_Catbird_0127_20034.jpg,0,0,0,0,/b/bamboo_forest/00003003.jpg
7337,126.Nelson_Sharp_tailed_Sparrow/Nelson_Sharp_Tailed_Sparrow_0013_796942.jpg,0,0,0,0,/f/forest/broadleaf/00000003.jpg
1676,030.Fish_Crow/Fish_Crow_0038_26000.jpg,0,0,0,0,/b/bamboo_forest/00003206.jpg
7657,131.Vesper_Sparrow/Vesper_Sparrow_0046_125575.jpg,0,0,0,0,/f/forest/broadleaf/00000881.jpg
776,014.Indigo_Bunting/Indigo_Bunting_0024_13523.jpg,0,0,0,0,/f/forest/broadleaf/00002143.jpg
9574,163.Cape_May_Warbler/Cape_May_Warbler_0005_163197.jpg,0,0,0,0,/f/forest/broadleaf/00000858.jpg
715,013.Bobolink/Bobolink_0117_10215.jpg,0,0,0,0,/f/forest/broadleaf/00001402.jpg
7544,129.Song_Sparrow/Song_Sparrow_0007_121133.jpg,0,0,0,0,/b/bamboo_forest/00004173.jpg
2291,041.Scissor_tailed_Flycatcher/Scissor_Tailed_Flycatcher_0098_41731.jpg,0,0,0,0,/b/bamboo_forest/00002060.jpg
3997,069.Rufous_Hummingbird/Rufous_Hummingbird_0116_58568.jpg,0,0,0,0,/f/forest/broadleaf/00000617.jpg
227,004.Groove_billed_Ani/Groove_Billed_Ani_0055_1501.jpg,0,0,0,0,/f/forest/broadleaf/00001297.jpg
4848,083.White_breasted_Kingfisher/White_Breasted_Kingfisher_0118_73511.jpg,0,0,0,0,/f/forest/broadleaf/00003169.jpg
4612,079.Belted_Kingfisher/Belted_Kingfisher_0084_70399.jpg,0,0,0,0,/f/forest/broadleaf/00001603.jpg
2157,038.Great_Crested_Flycatcher/Great_Crested_Flycatcher_0086_29518.jpg,0,0,0,0,/f/forest/broadleaf/00000070.jpg
8016,137.Cliff_Swallow/Cliff_Swallow_0092_132971.jpg,0,0,0,0,/b/bamboo_forest/00000527.jpg
5526,095.Baltimore_Oriole/Baltimore_Oriole_0014_87690.jpg,0,0,0,0,/b/bamboo_forest/00000144.jpg
10540,179.Tennessee_Warbler/Tennessee_Warbler_0052_175089.jpg,0,0,0,0,/f/forest/broadleaf/00004710.jpg
1657,030.Fish_Crow/Fish_Crow_0005_25912.jpg,0,0,0,0,/b/bamboo_forest/00004344.jpg
9371,160.Black_throated_Blue_Warbler/Black_Throated_Blue_Warbler_0133_161539.jpg,0,0,0,0,/b/bamboo_forest/00000710.jpg
8161,139.Scarlet_Tanager/Scarlet_Tanager_0024_137712.jpg,0,0,0,0,/b/bamboo_forest/00000478.jpg
4398,076.Dark_eyed_Junco/Dark_Eyed_Junco_0072_67810.jpg,0,0,0,0,/f/forest/broadleaf/00001081.jpg
7718,132.White_crowned_Sparrow/White_Crowned_Sparrow_0034_126199.jpg,0,0,0,0,/b/bamboo_forest/00002967.jpg
3082,054.Blue_Grosbeak/Blue_Grosbeak_0103_36673.jpg,0,0,0,0,/f/forest/broadleaf/00000472.jpg
10457,178.Swainson_Warbler/Swainson_Warbler_0011_174680.jpg,0,0,0,0,/b/bamboo_forest/00003016.jpg
7035,121.Grasshopper_Sparrow/Grasshopper_Sparrow_0073_115996.jpg,0,0,0,0,/f/forest/broadleaf/00001743.jpg
10406,177.Prothonotary_Warbler/Prothonotary_Warbler_0098_173913.jpg,0,0,0,0,/f/forest/broadleaf/00001232.jpg
9966,170.Mourning_Warbler/Mourning_Warbler_0029_166530.jpg,0,0,0,0,/f/forest/broadleaf/00002458.jpg
5444,093.Clark_Nutcracker/Clark_Nutcracker_0136_85490.jpg,0,0,0,0,/f/forest/broadleaf/00003859.jpg
4450,077.Tropical_Kingbird/Tropical_Kingbird_0122_69687.jpg,0,0,0,0,/b/bamboo_forest/00003328.jpg
1464,027.Shiny_Cowbird/Shiny_Cowbird_0019_24323.jpg,0,0,0,0,/f/forest/broadleaf/00001976.jpg
4790,082.Ringed_Kingfisher/Ringed_Kingfisher_0082_72955.jpg,0,0,0,0,/b/bamboo_forest/00000641.jpg
5355,092.Nighthawk/Nighthawk_0003_82827.jpg,0,0,0,0,/b/bamboo_forest/00001162.jpg
1436,026.Bronzed_Cowbird/Bronzed_Cowbird_0002_796244.jpg,0,0,0,0,/f/forest/broadleaf/00001379.jpg
1701,030.Fish_Crow/Fish_Crow_0016_25854.jpg,0,0,0,0,/f/forest/broadleaf/00001246.jpg
4391,076.Dark_eyed_Junco/Dark_Eyed_Junco_0088_66722.jpg,0,0,0,0,/f/forest/broadleaf/00003494.jpg
1928,034.Gray_crowned_Rosy_Finch/Gray_Crowned_Rosy_Finch_0080_27108.jpg,0,0,0,0,/b/bamboo_forest/00000960.jpg
3088,054.Blue_Grosbeak/Blue_Grosbeak_0053_36709.jpg,0,0,0,0,/f/forest/broadleaf/00001384.jpg
4405,076.Dark_eyed_Junco/Dark_Eyed_Junco_0109_66326.jpg,0,0,0,0,/b/bamboo_forest/00004448.jpg
1794,032.Mangrove_Cuckoo/Mangrove_Cuckoo_0005_794599.jpg,0,0,0,0,/b/bamboo_forest/00003641.jpg
4838,083.White_breasted_Kingfisher/White_Breasted_Kingfisher_0036_73403.jpg,0,0,0,0,/b/bamboo_forest/00000282.jpg
1414,026.Bronzed_Cowbird/Bronzed_Cowbird_0092_796215.jpg,0,0,0,0,/f/forest/broadleaf/00001945.jpg
6787,116.Chipping_Sparrow/Chipping_Sparrow_0032_108882.jpg,0,0,0,0,/f/forest/broadleaf/00004319.jpg
10324,176.Prairie_Warbler/Prairie_Warbler_0137_172610.jpg,0,0,0,0,/b/bamboo_forest/00004424.jpg
9794,167.Hooded_Warbler/Hooded_Warbler_0057_164137.jpg,0,0,0,0,/f/forest/broadleaf/00002984.jpg
3865,067.Anna_Hummingbird/Anna_Hummingbird_0112_56353.jpg,0,0,0,0,/b/bamboo_forest/00001244.jpg
4199,073.Blue_Jay/Blue_Jay_0052_63148.jpg,0,0,0,0,/b/bamboo_forest/00003536.jpg
9372,160.Black_throated_Blue_Warbler/Black_Throated_Blue_Warbler_0123_161542.jpg,0,0,0,0,/b/bamboo_forest/00003423.jpg
3077,054.Blue_Grosbeak/Blue_Grosbeak_0079_36656.jpg,0,0,0,0,/b/bamboo_forest/00004910.jpg
7988,137.Cliff_Swallow/Cliff_Swallow_0088_134188.jpg,0,0,0,0,/f/forest/broadleaf/00004248.jpg
6447,111.Loggerhead_Shrike/Loggerhead_Shrike_0046_104998.jpg,0,0,0,0,/f/forest/broadleaf/00001657.jpg
11087,189.Red_bellied_Woodpecker/Red_Bellied_Woodpecker_0115_180775.jpg,0,0,0,0,/b/bamboo_forest/00004026.jpg
1998,036.Northern_Flicker/Northern_Flicker_0075_28729.jpg,0,0,0,0,/f/forest/broadleaf/00001290.jpg
10933,186.Cedar_Waxwing/Cedar_Waxwing_0048_178960.jpg,0,0,0,0,/f/forest/broadleaf/00002897.jpg
11535,196.House_Wren/House_Wren_0088_187243.jpg,0,0,0,0,/b/bamboo_forest/00004444.jpg
6132,105.Whip_poor_Will/Whip_Poor_Will_0018_796403.jpg,0,0,0,0,/b/bamboo_forest/00003860.jpg
2174,039.Least_Flycatcher/Least_Flycatcher_0001_30221.jpg,0,0,0,0,/b/bamboo_forest/00004934.jpg
555,011.Rusty_Blackbird/Rusty_Blackbird_0019_6704.jpg,0,0,0,0,/f/forest/broadleaf/00000035.jpg
10117,172.Nashville_Warbler/Nashville_Warbler_0055_167331.jpg,0,0,0,0,/b/bamboo_forest/00002746.jpg
10718,182.Yellow_Warbler/Yellow_Warbler_0044_176367.jpg,0,0,0,0,/b/bamboo_forest/00000362.jpg
9290,158.Bay_breasted_Warbler/Bay_Breasted_Warbler_0079_159998.jpg,0,0,0,0,/f/forest/broadleaf/00004530.jpg
1645,030.Fish_Crow/Fish_Crow_0011_25866.jpg,0,0,0,0,/f/forest/broadleaf/00002872.jpg
11280,192.Downy_Woodpecker/Downy_Woodpecker_0136_184534.jpg,0,0,0,0,/f/forest/broadleaf/00002295.jpg
11473,195.Carolina_Wren/Carolina_Wren_0099_186237.jpg,0,0,0,0,/f/forest/broadleaf/00004475.jpg
9274,158.Bay_breasted_Warbler/Bay_Breasted_Warbler_0105_797143.jpg,0,0,0,0,/f/forest/broadleaf/00002006.jpg
466,009.Brewer_Blackbird/Brewer_Blackbird_0002_2278.jpg,0,0,0,0,/f/forest/broadleaf/00004805.jpg
429,009.Brewer_Blackbird/Brewer_Blackbird_0135_2607.jpg,0,0,0,0,/f/forest/broadleaf/00000445.jpg
8836,151.Black_capped_Vireo/Black_Capped_Vireo_0022_797459.jpg,0,0,0,0,/b/bamboo_forest/00000170.jpg
1744,031.Black_billed_Cuckoo/Black_Billed_Cuckoo_0093_795316.jpg,0,0,0,0,/b/bamboo_forest/00000083.jpg
6390,110.Geococcyx/Geococcyx_0112_104548.jpg,0,0,0,0,/f/forest/broadleaf/00004697.jpg
10895,185.Bohemian_Waxwing/Bohemian_Waxwing_0072_177901.jpg,0,0,0,0,/b/bamboo_forest/00000573.jpg
11627,198.Rock_Wren/Rock_Wren_0087_188988.jpg,0,0,0,0,/b/bamboo_forest/00004909.jpg
7832,134.Cape_Glossy_Starling/Cape_Glossy_Starling_0077_129378.jpg,0,0,0,0,/b/bamboo_forest/00003915.jpg
1059,020.Yellow_breasted_Chat/Yellow_Breasted_Chat_0073_21932.jpg,0,0,0,0,/f/forest/broadleaf/00001191.jpg
9822,167.Hooded_Warbler/Hooded_Warbler_0011_164801.jpg,0,0,0,0,/f/forest/broadleaf/00002036.jpg
8925,152.Blue_headed_Vireo/Blue_Headed_Vireo_0098_156348.jpg,0,0,0,0,/f/forest/broadleaf/00003077.jpg
9639,164.Cerulean_Warbler/Cerulean_Warbler_0078_163271.jpg,0,0,0,0,/f/forest/broadleaf/00002961.jpg
10590,180.Wilson_Warbler/Wilson_Warbler_0041_175464.jpg,0,0,0,0,/f/forest/broadleaf/00004473.jpg
4424,076.Dark_eyed_Junco/Dark_Eyed_Junco_0115_68840.jpg,0,0,0,0,/f/forest/broadleaf/00004872.jpg
11156,190.Red_cockaded_Woodpecker/Red_Cockaded_Woodpecker_0022_794700.jpg,0,0,0,0,/b/bamboo_forest/00000384.jpg
8970,153.Philadelphia_Vireo/Philadelphia_Vireo_0012_794785.jpg,0,0,0,0,/b/bamboo_forest/00004180.jpg
3874,067.Anna_Hummingbird/Anna_Hummingbird_0128_57047.jpg,0,0,0,0,/f/forest/broadleaf/00002592.jpg
9062,155.Warbling_Vireo/Warbling_Vireo_0118_158285.jpg,0,0,0,0,/b/bamboo_forest/00002465.jpg
2359,042.Vermilion_Flycatcher/Vermilion_Flycatcher_0042_42266.jpg,0,0,0,0,/f/forest/broadleaf/00004000.jpg
10469,178.Swainson_Warbler/Swainson_Warbler_0020_794863.jpg,0,0,0,0,/f/forest/broadleaf/00002784.jpg
6411,110.Geococcyx/Geococcyx_0005_104187.jpg,0,0,0,0,/b/bamboo_forest/00003207.jpg
6886,118.House_Sparrow/House_Sparrow_0139_112438.jpg,0,0,0,0,/b/bamboo_forest/00003453.jpg
4957,085.Horned_Lark/Horned_Lark_0009_74646.jpg,0,0,0,0,/b/bamboo_forest/00000419.jpg
8707,149.Brown_Thrasher/Brown_Thrasher_0069_155151.jpg,0,0,0,0,/b/bamboo_forest/00002072.jpg
4812,083.White_breasted_Kingfisher/White_Breasted_Kingfisher_0011_73267.jpg,0,0,0,0,/b/bamboo_forest/00004038.jpg
6247,107.Common_Raven/Common_Raven_0001_101213.jpg,0,0,0,0,/b/bamboo_forest/00004146.jpg
4346,075.Green_Jay/Green_Jay_0006_65788.jpg,0,0,0,0,/b/bamboo_forest/00004631.jpg
4804,083.White_breasted_Kingfisher/White_Breasted_Kingfisher_0032_73248.jpg,0,0,0,0,/f/forest/broadleaf/00002166.jpg
10271,175.Pine_Warbler/Pine_Warbler_0102_171147.jpg,0,0,0,0,/f/forest/broadleaf/00004962.jpg
5382,092.Nighthawk/Nighthawk_0027_84697.jpg,0,0,0,0,/f/forest/broadleaf/00000124.jpg
5297,091.Mockingbird/Mockingbird_0072_80789.jpg,0,0,0,0,/b/bamboo_forest/00000575.jpg
8964,153.Philadelphia_Vireo/Philadelphia_Vireo_0078_794776.jpg,0,0,0,0,/f/forest/broadleaf/00003121.jpg
917,017.Cardinal/Cardinal_0089_18005.jpg,0,0,0,0,/b/bamboo_forest/00002669.jpg
5368,092.Nighthawk/Nighthawk_0083_83647.jpg,0,0,0,0,/f/forest/broadleaf/00001672.jpg
1022,019.Gray_Catbird/Gray_Catbird_0055_20671.jpg,0,0,0,0,/f/forest/broadleaf/00000019.jpg
6632,114.Black_throated_Sparrow/Black_Throated_Sparrow_0091_107346.jpg,0,0,0,0,/f/forest/broadleaf/00003738.jpg
7870,135.Bank_Swallow/Bank_Swallow_0004_129549.jpg,0,0,0,0,/b/bamboo_forest/00001535.jpg
9060,155.Warbling_Vireo/Warbling_Vireo_0067_158283.jpg,0,0,0,0,/b/bamboo_forest/00003318.jpg
11071,188.Pileated_Woodpecker/Pileated_Woodpecker_0051_179965.jpg,0,0,0,0,/f/forest/broadleaf/00003069.jpg
672,013.Bobolink/Bobolink_0050_9821.jpg,0,0,0,0,/f/forest/broadleaf/00003229.jpg
1578,028.Brown_Creeper/Brown_Creeper_0043_24549.jpg,0,0,0,0,/f/forest/broadleaf/00002476.jpg
621,012.Yellow_headed_Blackbird/Yellow_Headed_Blackbird_0018_8588.jpg,0,0,0,0,/f/forest/broadleaf/00001286.jpg
4509,078.Gray_Kingbird/Gray_Kingbird_0018_70241.jpg,0,0,0,0,/b/bamboo_forest/00002739.jpg
2220,039.Least_Flycatcher/Least_Flycatcher_0026_30434.jpg,0,0,0,0,/f/forest/broadleaf/00000115.jpg
7804,133.White_throated_Sparrow/White_Throated_Sparrow_0123_129009.jpg,0,0,0,0,/b/bamboo_forest/00004239.jpg
6500,111.Loggerhead_Shrike/Loggerhead_Shrike_0090_106461.jpg,0,0,0,0,/b/bamboo_forest/00001891.jpg
6028,103.Sayornis/Sayornis_0130_98678.jpg,0,0,0,0,/b/bamboo_forest/00004109.jpg
9193,157.Yellow_throated_Vireo/Yellow_Throated_Vireo_0012_794977.jpg,0,0,0,0,/f/forest/broadleaf/00003666.jpg
8689,148.Green_tailed_Towhee/Green_Tailed_Towhee_0001_797412.jpg,0,0,0,0,/f/forest/broadleaf/00000834.jpg
2748,048.European_Goldfinch/European_Goldfinch_0068_33359.jpg,0,0,0,0,/b/bamboo_forest/00004751.jpg
10382,177.Prothonotary_Warbler/Prothonotary_Warbler_0108_174125.jpg,0,0,0,0,/f/forest/broadleaf/00000866.jpg
11076,189.Red_bellied_Woodpecker/Red_Bellied_Woodpecker_0050_180751.jpg,0,0,0,0,/f/forest/broadleaf/00002621.jpg
6636,114.Black_throated_Sparrow/Black_Throated_Sparrow_0081_107111.jpg,0,0,0,0,/b/bamboo_forest/00001395.jpg
11739,200.Common_Yellowthroat/Common_Yellowthroat_0028_190527.jpg,0,0,0,0,/f/forest/broadleaf/00004724.jpg
9665,165.Chestnut_sided_Warbler/Chestnut_Sided_Warbler_0121_164125.jpg,0,0,0,0,/b/bamboo_forest/00003286.jpg
4230,073.Blue_Jay/Blue_Jay_0017_62854.jpg,0,0,0,0,/b/bamboo_forest/00002402.jpg
1228,022.Chuck_will_Widow/Chuck_Will_Widow_0049_22747.jpg,0,0,0,0,/f/forest/broadleaf/00002925.jpg
10120,172.Nashville_Warbler/Nashville_Warbler_0118_167350.jpg,0,0,0,0,/b/bamboo_forest/00003529.jpg
9162,156.White_eyed_Vireo/White_Eyed_Vireo_0040_159101.jpg,0,0,0,0,/f/forest/broadleaf/00002099.jpg
5397,093.Clark_Nutcracker/Clark_Nutcracker_0071_85125.jpg,0,0,0,0,/b/bamboo_forest/00001431.jpg
11218,191.Red_headed_Woodpecker/Red_Headed_Woodpecker_0103_183571.jpg,0,0,0,0,/b/bamboo_forest/00003575.jpg
6336,109.American_Redstart/American_Redstart_0054_103543.jpg,0,0,0,0,/f/forest/broadleaf/00002065.jpg
10420,177.Prothonotary_Warbler/Prothonotary_Warbler_0082_173970.jpg,0,0,0,0,/f/forest/broadleaf/00002226.jpg
11663,198.Rock_Wren/Rock_Wren_0009_189162.jpg,0,0,0,0,/f/forest/broadleaf/00003106.jpg
6538,112.Great_Grey_Shrike/Great_Grey_Shrike_0076_797050.jpg,0,0,0,0,/f/forest/broadleaf/00001347.jpg
9235,158.Bay_breasted_Warbler/Bay_Breasted_Warbler_0055_159740.jpg,0,0,0,0,/f/forest/broadleaf/00003246.jpg
10005,170.Mourning_Warbler/Mourning_Warbler_0034_795384.jpg,0,0,0,0,/b/bamboo_forest/00000956.jpg
2202,039.Least_Flycatcher/Least_Flycatcher_0076_30117.jpg,0,0,0,0,/f/forest/broadleaf/00002545.jpg
11323,193.Bewick_Wren/Bewick_Wren_0132_184906.jpg,0,0,0,0,/f/forest/broadleaf/00002225.jpg
11072,189.Red_bellied_Woodpecker/Red_Bellied_Woodpecker_0069_181248.jpg,0,0,0,0,/f/forest/broadleaf/00003504.jpg
1762,032.Mangrove_Cuckoo/Mangrove_Cuckoo_0029_794624.jpg,0,0,0,0,/b/bamboo_forest/00003400.jpg
7621,130.Tree_Sparrow/Tree_Sparrow_0052_123869.jpg,0,0,0,0,/b/bamboo_forest/00004539.jpg
8717,149.Brown_Thrasher/Brown_Thrasher_0112_155183.jpg,0,0,0,0,/f/forest/broadleaf/00001607.jpg
7826,134.Cape_Glossy_Starling/Cape_Glossy_Starling_0059_129357.jpg,0,0,0,0,/f/forest/broadleaf/00001877.jpg
4324,075.Green_Jay/Green_Jay_0049_65600.jpg,0,0,0,0,/f/forest/broadleaf/00001091.jpg
9430,161.Blue_winged_Warbler/Blue_Winged_Warbler_0054_161862.jpg,0,0,0,0,/f/forest/broadleaf/00001462.jpg
10207,174.Palm_Warbler/Palm_Warbler_0015_169626.jpg,0,0,0,0,/b/bamboo_forest/00003342.jpg
8886,152.Blue_headed_Vireo/Blue_Headed_Vireo_0101_156203.jpg,0,0,0,0,/f/forest/broadleaf/00001712.jpg
9632,164.Cerulean_Warbler/Cerulean_Warbler_0020_163353.jpg,0,0,0,0,/b/bamboo_forest/00004928.jpg
11443,195.Carolina_Wren/Carolina_Wren_0091_186464.jpg,0,0,0,0,/b/bamboo_forest/00000872.jpg
10018,171.Myrtle_Warbler/Myrtle_Warbler_0072_166702.jpg,0,0,0,0,/b/bamboo_forest/00000005.jpg
8116,139.Scarlet_Tanager/Scarlet_Tanager_0119_138291.jpg,0,0,0,0,/b/bamboo_forest/00003306.jpg
7187,123.Henslow_Sparrow/Henslow_Sparrow_0023_796582.jpg,0,0,0,0,/b/bamboo_forest/00001143.jpg
6558,112.Great_Grey_Shrike/Great_Grey_Shrike_0016_106720.jpg,0,0,0,0,/b/bamboo_forest/00003361.jpg
4625,080.Green_Kingfisher/Green_Kingfisher_0022_71223.jpg,0,0,0,0,/f/forest/broadleaf/00004680.jpg
8852,151.Black_capped_Vireo/Black_Capped_Vireo_0053_797478.jpg,0,0,0,0,/f/forest/broadleaf/00002255.jpg
1951,035.Purple_Finch/Purple_Finch_0032_27305.jpg,0,0,0,0,/b/bamboo_forest/00000008.jpg
598,011.Rusty_Blackbird/Rusty_Blackbird_0048_6632.jpg,0,0,0,0,/f/forest/broadleaf/00003814.jpg
2718,048.European_Goldfinch/European_Goldfinch_0041_794645.jpg,0,0,0,0,/f/forest/broadleaf/00002927.jpg
4214,073.Blue_Jay/Blue_Jay_0038_62784.jpg,0,0,0,0,/f/forest/broadleaf/00001034.jpg
7677,131.Vesper_Sparrow/Vesper_Sparrow_0018_125651.jpg,0,0,0,0,/f/forest/broadleaf/00002919.jpg
4954,085.Horned_Lark/Horned_Lark_0069_74093.jpg,0,0,0,0,/f/forest/broadleaf/00004312.jpg
11158,190.Red_cockaded_Woodpecker/Red_Cockaded_Woodpecker_0018_794705.jpg,0,0,0,0,/b/bamboo_forest/00002972.jpg
7604,130.Tree_Sparrow/Tree_Sparrow_0060_123743.jpg,0,0,0,0,/b/bamboo_forest/00004761.jpg
10715,182.Yellow_Warbler/Yellow_Warbler_0020_176364.jpg,0,0,0,0,/f/forest/broadleaf/00001575.jpg
6345,109.American_Redstart/American_Redstart_0116_103631.jpg,0,0,0,0,/f/forest/broadleaf/00004333.jpg
5612,096.Hooded_Oriole/Hooded_Oriole_0111_89988.jpg,0,0,0,0,/b/bamboo_forest/00001554.jpg
2047,036.Northern_Flicker/Northern_Flicker_0096_28623.jpg,0,0,0,0,/b/bamboo_forest/00004882.jpg
1707,031.Black_billed_Cuckoo/Black_Billed_Cuckoo_0047_26176.jpg,0,0,0,0,/f/forest/broadleaf/00004109.jpg
8102,138.Tree_Swallow/Tree_Swallow_0013_135923.jpg,0,0,0,0,/f/forest/broadleaf/00004455.jpg
7079,121.Grasshopper_Sparrow/Grasshopper_Sparrow_0115_115914.jpg,0,0,0,0,/f/forest/broadleaf/00003070.jpg
2124,038.Great_Crested_Flycatcher/Great_Crested_Flycatcher_0105_29456.jpg,0,0,0,0,/b/bamboo_forest/00001285.jpg
497,010.Red_winged_Blackbird/Red_Winged_Blackbird_0093_5948.jpg,0,0,0,0,/f/forest/broadleaf/00004278.jpg
11121,189.Red_bellied_Woodpecker/Red_Bellied_Woodpecker_0022_181969.jpg,0,0,0,0,/f/forest/broadleaf/00002537.jpg
725,014.Indigo_Bunting/Indigo_Bunting_0075_12835.jpg,0,0,0,0,/b/bamboo_forest/00003737.jpg
6025,103.Sayornis/Sayornis_0113_98630.jpg,0,0,0,0,/f/forest/broadleaf/00000408.jpg
8010,137.Cliff_Swallow/Cliff_Swallow_0049_132965.jpg,0,0,0,0,/b/bamboo_forest/00004861.jpg
5708,098.Scott_Oriole/Scott_Oriole_0008_795814.jpg,0,0,0,0,/b/bamboo_forest/00000390.jpg
10602,180.Wilson_Warbler/Wilson_Warbler_0132_175600.jpg,0,0,0,0,/b/bamboo_forest/00002395.jpg
1849,033.Yellow_billed_Cuckoo/Yellow_Billed_Cuckoo_0084_26761.jpg,0,0,0,0,/b/bamboo_forest/00002519.jpg
10487,179.Tennessee_Warbler/Tennessee_Warbler_0026_175118.jpg,0,0,0,0,/f/forest/broadleaf/00001586.jpg
9749,166.Golden_winged_Warbler/Golden_Winged_Warbler_0078_794827.jpg,0,0,0,0,/b/bamboo_forest/00001473.jpg
1015,019.Gray_Catbird/Gray_Catbird_0074_19601.jpg,0,0,0,0,/b/bamboo_forest/00001002.jpg
4321,075.Green_Jay/Green_Jay_0085_66077.jpg,0,0,0,0,/b/bamboo_forest/00002735.jpg
9203,157.Yellow_throated_Vireo/Yellow_Throated_Vireo_0035_794991.jpg,0,0,0,0,/f/forest/broadleaf/00004878.jpg
717,013.Bobolink/Bobolink_0020_9194.jpg,0,0,0,0,/f/forest/broadleaf/00004002.jpg
2420,043.Yellow_bellied_Flycatcher/Yellow_Bellied_Flycatcher_0045_42575.jpg,0,0,0,0,/b/bamboo_forest/00000914.jpg
6994,120.Fox_Sparrow/Fox_Sparrow_0063_114350.jpg,0,0,0,0,/f/forest/broadleaf/00000467.jpg
10433,178.Swainson_Warbler/Swainson_Warbler_0024_794885.jpg,0,0,0,0,/f/forest/broadleaf/00002385.jpg
7066,121.Grasshopper_Sparrow/Grasshopper_Sparrow_0058_115862.jpg,0,0,0,0,/b/bamboo_forest/00002599.jpg
5980,103.Sayornis/Sayornis_0036_98323.jpg,0,0,0,0,/f/forest/broadleaf/00002638.jpg
7959,136.Barn_Swallow/Barn_Swallow_0077_130707.jpg,0,0,0,0,/f/forest/broadleaf/00004151.jpg
4556,079.Belted_Kingfisher/Belted_Kingfisher_0075_70873.jpg,0,0,0,0,/f/forest/broadleaf/00002125.jpg
464,009.Brewer_Blackbird/Brewer_Blackbird_0103_2273.jpg,0,0,0,0,/b/bamboo_forest/00001361.jpg
10704,182.Yellow_Warbler/Yellow_Warbler_0096_176586.jpg,0,0,0,0,/f/forest/broadleaf/00004469.jpg
6387,110.Geococcyx/Geococcyx_0030_104525.jpg,0,0,0,0,/f/forest/broadleaf/00003196.jpg
798,015.Lazuli_Bunting/Lazuli_Bunting_0010_14915.jpg,0,0,0,0,/b/bamboo_forest/00002782.jpg
6218,107.Common_Raven/Common_Raven_0066_101461.jpg,0,0,0,0,/b/bamboo_forest/00002329.jpg
7328,126.Nelson_Sharp_tailed_Sparrow/Nelson_Sharp_Tailed_Sparrow_0068_796930.jpg,0,0,0,0,/b/bamboo_forest/00001673.jpg
6776,116.Chipping_Sparrow/Chipping_Sparrow_0010_109760.jpg,0,0,0,0,/f/forest/broadleaf/00002305.jpg
823,015.Lazuli_Bunting/Lazuli_Bunting_0031_15018.jpg,0,0,0,0,/b/bamboo_forest/00000836.jpg
194,004.Groove_billed_Ani/Groove_Billed_Ani_0036_1604.jpg,0,0,0,0,/f/forest/broadleaf/00004209.jpg
7111,122.Harris_Sparrow/Harris_Sparrow_0081_116574.jpg,0,0,0,0,/b/bamboo_forest/00004685.jpg
6552,112.Great_Grey_Shrike/Great_Grey_Shrike_0029_106668.jpg,0,0,0,0,/f/forest/broadleaf/00004476.jpg
10676,182.Yellow_Warbler/Yellow_Warbler_0039_176444.jpg,0,0,0,0,/b/bamboo_forest/00001729.jpg
11491,196.House_Wren/House_Wren_0071_187399.jpg,0,0,0,0,/f/forest/broadleaf/00001511.jpg
4510,078.Gray_Kingbird/Gray_Kingbird_0062_795026.jpg,0,0,0,0,/f/forest/broadleaf/00003800.jpg
11030,188.Pileated_Woodpecker/Pileated_Woodpecker_0077_180286.jpg,0,0,0,0,/b/bamboo_forest/00002679.jpg
1757,031.Black_billed_Cuckoo/Black_Billed_Cuckoo_0090_26311.jpg,0,0,0,0,/f/forest/broadleaf/00004614.jpg
685,013.Bobolink/Bobolink_0044_9990.jpg,0,0,0,0,/b/bamboo_forest/00001622.jpg
8839,151.Black_capped_Vireo/Black_Capped_Vireo_0028_155799.jpg,0,0,0,0,/f/forest/broadleaf/00001220.jpg
7188,123.Henslow_Sparrow/Henslow_Sparrow_0074_116905.jpg,0,0,0,0,/b/bamboo_forest/00001916.jpg
11008,187.American_Three_toed_Woodpecker/American_Three_Toed_Woodpecker_0021_179832.jpg,0,0,0,0,/b/bamboo_forest/00000344.jpg
1620,029.American_Crow/American_Crow_0081_25837.jpg,0,0,0,0,/b/bamboo_forest/00000389.jpg
1955,035.Purple_Finch/Purple_Finch_0114_27837.jpg,0,0,0,0,/b/bamboo_forest/00004274.jpg
5796,099.Ovenbird/Ovenbird_0054_92594.jpg,0,0,0,0,/b/bamboo_forest/00004879.jpg
9954,170.Mourning_Warbler/Mourning_Warbler_0064_166447.jpg,0,0,0,0,/b/bamboo_forest/00002304.jpg
10526,179.Tennessee_Warbler/Tennessee_Warbler_0019_174786.jpg,0,0,0,0,/f/forest/broadleaf/00002884.jpg
9910,169.Magnolia_Warbler/Magnolia_Warbler_0029_165567.jpg,0,0,0,0,/b/bamboo_forest/00000228.jpg
10281,175.Pine_Warbler/Pine_Warbler_0004_171215.jpg,0,0,0,0,/b/bamboo_forest/00001253.jpg
1452,026.Bronzed_Cowbird/Bronzed_Cowbird_0018_24140.jpg,0,0,0,0,/f/forest/broadleaf/00001486.jpg
2465,043.Yellow_bellied_Flycatcher/Yellow_Bellied_Flycatcher_0054_42709.jpg,0,0,0,0,/f/forest/broadleaf/00003497.jpg
7414,127.Savannah_Sparrow/Savannah_Sparrow_0022_118989.jpg,0,0,0,0,/f/forest/broadleaf/00002717.jpg
4331,075.Green_Jay/Green_Jay_0129_65680.jpg,0,0,0,0,/f/forest/broadleaf/00000632.jpg
11293,192.Downy_Woodpecker/Downy_Woodpecker_0032_184622.jpg,0,0,0,0,/b/bamboo_forest/00004621.jpg
4232,073.Blue_Jay/Blue_Jay_0078_62351.jpg,0,0,0,0,/f/forest/broadleaf/00004672.jpg
9446,161.Blue_winged_Warbler/Blue_Winged_Warbler_0023_161774.jpg,0,0,0,0,/b/bamboo_forest/00000406.jpg
10275,175.Pine_Warbler/Pine_Warbler_0078_171374.jpg,0,0,0,0,/b/bamboo_forest/00004625.jpg
6326,109.American_Redstart/American_Redstart_0111_102945.jpg,0,0,0,0,/b/bamboo_forest/00003187.jpg
10595,180.Wilson_Warbler/Wilson_Warbler_0025_175859.jpg,0,0,0,0,/b/bamboo_forest/00004363.jpg
10470,178.Swainson_Warbler/Swainson_Warbler_0030_794864.jpg,0,0,0,0,/b/bamboo_forest/00002603.jpg
3839,067.Anna_Hummingbird/Anna_Hummingbird_0052_56344.jpg,0,0,0,0,/f/forest/broadleaf/00001497.jpg
4332,075.Green_Jay/Green_Jay_0075_65701.jpg,0,0,0,0,/f/forest/broadleaf/00000880.jpg
7872,135.Bank_Swallow/Bank_Swallow_0066_129559.jpg,0,0,0,0,/b/bamboo_forest/00004878.jpg
7547,129.Song_Sparrow/Song_Sparrow_0132_121153.jpg,0,0,0,0,/b/bamboo_forest/00004284.jpg
8026,137.Cliff_Swallow/Cliff_Swallow_0023_134314.jpg,0,0,0,0,/b/bamboo_forest/00002075.jpg
872,016.Painted_Bunting/Painted_Bunting_0070_16515.jpg,0,0,0,0,/f/forest/broadleaf/00003790.jpg
10441,178.Swainson_Warbler/Swainson_Warbler_0044_794894.jpg,0,0,0,0,/b/bamboo_forest/00001496.jpg
782,015.Lazuli_Bunting/Lazuli_Bunting_0102_14605.jpg,0,0,0,0,/f/forest/broadleaf/00002910.jpg
11530,196.House_Wren/House_Wren_0085_187723.jpg,0,0,0,0,/b/bamboo_forest/00004123.jpg
1930,034.Gray_crowned_Rosy_Finch/Gray_Crowned_Rosy_Finch_0055_27112.jpg,0,0,0,0,/f/forest/broadleaf/00001085.jpg
9361,160.Black_throated_Blue_Warbler/Black_Throated_Blue_Warbler_0090_161507.jpg,0,0,0,0,/b/bamboo_forest/00000064.jpg
4807,083.White_breasted_Kingfisher/White_Breasted_Kingfisher_0121_73258.jpg,0,0,0,0,/b/bamboo_forest/00003080.jpg
7755,133.White_throated_Sparrow/White_Throated_Sparrow_0118_129084.jpg,0,0,0,0,/f/forest/broadleaf/00001788.jpg
2440,043.Yellow_bellied_Flycatcher/Yellow_Bellied_Flycatcher_0010_795498.jpg,0,0,0,0,/b/bamboo_forest/00001178.jpg
6312,108.White_necked_Raven/White_Necked_Raven_0001_797384.jpg,0,0,0,0,/b/bamboo_forest/00001254.jpg
8181,140.Summer_Tanager/Summer_Tanager_0063_139743.jpg,0,0,0,0,/b/bamboo_forest/00003312.jpg
8816,150.Sage_Thrasher/Sage_Thrasher_0077_155608.jpg,0,0,0,0,/b/bamboo_forest/00000013.jpg
6562,112.Great_Grey_Shrike/Great_Grey_Shrike_0050_797012.jpg,0,0,0,0,/f/forest/broadleaf/00003747.jpg
9425,161.Blue_winged_Warbler/Blue_Winged_Warbler_0036_161758.jpg,0,0,0,0,/b/bamboo_forest/00000545.jpg
10284,175.Pine_Warbler/Pine_Warbler_0010_171239.jpg,0,0,0,0,/b/bamboo_forest/00002162.jpg
10999,187.American_Three_toed_Woodpecker/American_Three_Toed_Woodpecker_0006_179838.jpg,0,0,0,0,/f/forest/broadleaf/00000329.jpg
7635,131.Vesper_Sparrow/Vesper_Sparrow_0041_125458.jpg,0,0,0,0,/b/bamboo_forest/00001904.jpg
8917,152.Blue_headed_Vireo/Blue_Headed_Vireo_0031_156056.jpg,0,0,0,0,/f/forest/broadleaf/00000485.jpg
11283,192.Downy_Woodpecker/Downy_Woodpecker_0041_184528.jpg,0,0,0,0,/b/bamboo_forest/00000277.jpg
7957,136.Barn_Swallow/Barn_Swallow_0049_130181.jpg,0,0,0,0,/b/bamboo_forest/00002667.jpg
9979,170.Mourning_Warbler/Mourning_Warbler_0035_166586.jpg,0,0,0,0,/b/bamboo_forest/00000736.jpg
10186,173.Orange_crowned_Warbler/Orange_Crowned_Warbler_0087_168439.jpg,0,0,0,0,/b/bamboo_forest/00003669.jpg
10495,179.Tennessee_Warbler/Tennessee_Warbler_0095_174903.jpg,0,0,0,0,/b/bamboo_forest/00000199.jpg
4354,075.Green_Jay/Green_Jay_0014_65825.jpg,0,0,0,0,/b/bamboo_forest/00004549.jpg
807,015.Lazuli_Bunting/Lazuli_Bunting_0008_15195.jpg,0,0,0,0,/b/bamboo_forest/00001871.jpg
8147,139.Scarlet_Tanager/Scarlet_Tanager_0079_138669.jpg,0,0,0,0,/b/bamboo_forest/00004394.jpg
2137,038.Great_Crested_Flycatcher/Great_Crested_Flycatcher_0006_29362.jpg,0,0,0,0,/f/forest/broadleaf/00003316.jpg
11694,199.Winter_Wren/Winter_Wren_0075_189578.jpg,0,0,0,0,/f/forest/broadleaf/00002766.jpg
9090,155.Warbling_Vireo/Warbling_Vireo_0003_158484.jpg,0,0,0,0,/b/bamboo_forest/00002436.jpg
9080,155.Warbling_Vireo/Warbling_Vireo_0132_158420.jpg,0,0,0,0,/f/forest/broadleaf/00001717.jpg
10203,174.Palm_Warbler/Palm_Warbler_0092_170604.jpg,0,0,0,0,/b/bamboo_forest/00000767.jpg
9191,157.Yellow_throated_Vireo/Yellow_Throated_Vireo_0073_159583.jpg,0,0,0,0,/b/bamboo_forest/00000916.jpg
4360,075.Green_Jay/Green_Jay_0040_65863.jpg,0,0,0,0,/b/bamboo_forest/00001039.jpg
7028,120.Fox_Sparrow/Fox_Sparrow_0110_115172.jpg,0,0,0,0,/b/bamboo_forest/00000236.jpg
4737,082.Ringed_Kingfisher/Ringed_Kingfisher_0044_72976.jpg,0,0,0,0,/f/forest/broadleaf/00003101.jpg
10553,180.Wilson_Warbler/Wilson_Warbler_0069_175181.jpg,0,0,0,0,/b/bamboo_forest/00000429.jpg
834,015.Lazuli_Bunting/Lazuli_Bunting_0039_15081.jpg,0,0,0,0,/b/bamboo_forest/00000071.jpg
11306,192.Downy_Woodpecker/Downy_Woodpecker_0102_184263.jpg,0,0,0,0,/b/bamboo_forest/00001978.jpg
7905,135.Bank_Swallow/Bank_Swallow_0054_129743.jpg,0,0,0,0,/f/forest/broadleaf/00001277.jpg
9656,165.Chestnut_sided_Warbler/Chestnut_Sided_Warbler_0124_164109.jpg,0,0,0,0,/b/bamboo_forest/00004355.jpg
7676,131.Vesper_Sparrow/Vesper_Sparrow_0057_125649.jpg,0,0,0,0,/b/bamboo_forest/00003128.jpg
6292,108.White_necked_Raven/White_Necked_Raven_0026_797357.jpg,0,0,0,0,/b/bamboo_forest/00001176.jpg
2666,047.American_Goldfinch/American_Goldfinch_0096_31876.jpg,0,0,0,0,/f/forest/broadleaf/00000579.jpg
6436,110.Geococcyx/Geococcyx_0047_104259.jpg,0,0,0,0,/f/forest/broadleaf/00002752.jpg
11214,191.Red_headed_Woodpecker/Red_Headed_Woodpecker_0094_183401.jpg,0,0,0,0,/b/bamboo_forest/00004427.jpg
1953,035.Purple_Finch/Purple_Finch_0014_27322.jpg,0,0,0,0,/b/bamboo_forest/00000679.jpg
10640,181.Worm_eating_Warbler/Worm_Eating_Warbler_0034_795560.jpg,0,0,0,0,/b/bamboo_forest/00002543.jpg
9650,164.Cerulean_Warbler/Cerulean_Warbler_0018_797183.jpg,0,0,0,0,/f/forest/broadleaf/00003979.jpg
9579,163.Cape_May_Warbler/Cape_May_Warbler_0069_162980.jpg,0,0,0,0,/f/forest/broadleaf/00004763.jpg
2375,042.Vermilion_Flycatcher/Vermilion_Flycatcher_0003_42316.jpg,0,0,0,0,/f/forest/broadleaf/00002824.jpg
9342,159.Black_and_white_Warbler/Black_And_White_Warbler_0021_160686.jpg,0,0,0,0,/f/forest/broadleaf/00001494.jpg
3221,056.Pine_Grosbeak/Pine_Grosbeak_0078_38242.jpg,0,0,0,0,/b/bamboo_forest/00004270.jpg
1511,027.Shiny_Cowbird/Shiny_Cowbird_0021_796870.jpg,0,0,0,0,/b/bamboo_forest/00001461.jpg
5607,096.Hooded_Oriole/Hooded_Oriole_0069_90981.jpg,0,0,0,0,/f/forest/broadleaf/00000182.jpg
2003,036.Northern_Flicker/Northern_Flicker_0091_28799.jpg,0,0,0,0,/b/bamboo_forest/00001029.jpg
562,011.Rusty_Blackbird/Rusty_Blackbird_0122_6736.jpg,0,0,0,0,/f/forest/broadleaf/00002960.jpg
9154,156.White_eyed_Vireo/White_Eyed_Vireo_0071_159072.jpg,0,0,0,0,/f/forest/broadleaf/00004372.jpg
189,004.Groove_billed_Ani/Groove_Billed_Ani_0019_1585.jpg,0,0,0,0,/b/bamboo_forest/00001937.jpg
7960,136.Barn_Swallow/Barn_Swallow_0018_130709.jpg,0,0,0,0,/b/bamboo_forest/00000803.jpg
6022,103.Sayornis/Sayornis_0133_99129.jpg,0,0,0,0,/f/forest/broadleaf/00001540.jpg
9924,169.Magnolia_Warbler/Magnolia_Warbler_0053_165682.jpg,0,0,0,0,/b/bamboo_forest/00004261.jpg
3289,057.Rose_breasted_Grosbeak/Rose_Breasted_Grosbeak_0062_39234.jpg,0,0,0,0,/b/bamboo_forest/00004147.jpg
9895,169.Magnolia_Warbler/Magnolia_Warbler_0064_165471.jpg,0,0,0,0,/b/bamboo_forest/00001635.jpg
7300,125.Lincoln_Sparrow/Lincoln_Sparrow_0087_117444.jpg,0,0,0,0,/b/bamboo_forest/00004218.jpg
10321,176.Prairie_Warbler/Prairie_Warbler_0054_172602.jpg,0,0,0,0,/b/bamboo_forest/00000558.jpg
4745,082.Ringed_Kingfisher/Ringed_Kingfisher_0076_73095.jpg,0,0,0,0,/b/bamboo_forest/00004611.jpg
2386,042.Vermilion_Flycatcher/Vermilion_Flycatcher_0004_42395.jpg,0,0,0,0,/b/bamboo_forest/00000931.jpg
5566,096.Hooded_Oriole/Hooded_Oriole_0050_90629.jpg,0,0,0,0,/f/forest/broadleaf/00002564.jpg
6403,110.Geococcyx/Geococcyx_0022_104157.jpg,0,0,0,0,/f/forest/broadleaf/00004895.jpg
7584,130.Tree_Sparrow/Tree_Sparrow_0022_123496.jpg,0,0,0,0,/f/forest/broadleaf/00000802.jpg
10734,183.Northern_Waterthrush/Northern_Waterthrush_0044_176961.jpg,0,0,0,0,/b/bamboo_forest/00002560.jpg
7207,123.Henslow_Sparrow/Henslow_Sparrow_0087_116942.jpg,0,0,0,0,/f/forest/broadleaf/00002335.jpg
4530,078.Gray_Kingbird/Gray_Kingbird_0003_70305.jpg,0,0,0,0,/b/bamboo_forest/00001678.jpg
2138,038.Great_Crested_Flycatcher/Great_Crested_Flycatcher_0085_29812.jpg,0,0,0,0,/b/bamboo_forest/00002545.jpg
10428,178.Swainson_Warbler/Swainson_Warbler_0049_794880.jpg,0,0,0,0,/b/bamboo_forest/00004298.jpg
1540,028.Brown_Creeper/Brown_Creeper_0074_24789.jpg,0,0,0,0,/f/forest/broadleaf/00003816.jpg
792,015.Lazuli_Bunting/Lazuli_Bunting_0041_15152.jpg,0,0,0,0,/f/forest/broadleaf/00000983.jpg
9200,157.Yellow_throated_Vireo/Yellow_Throated_Vireo_0017_794988.jpg,0,0,0,0,/b/bamboo_forest/00000293.jpg
8838,151.Black_capped_Vireo/Black_Capped_Vireo_0014_797462.jpg,0,0,0,0,/b/bamboo_forest/00004303.jpg
1810,032.Mangrove_Cuckoo/Mangrove_Cuckoo_0046_794616.jpg,0,0,0,0,/b/bamboo_forest/00004264.jpg
8718,149.Brown_Thrasher/Brown_Thrasher_0105_155187.jpg,0,0,0,0,/f/forest/broadleaf/00003421.jpg
8066,138.Tree_Swallow/Tree_Swallow_0103_137272.jpg,0,0,0,0,/f/forest/broadleaf/00001272.jpg
10078,172.Nashville_Warbler/Nashville_Warbler_0006_167497.jpg,0,0,0,0,/b/bamboo_forest/00003763.jpg
3949,068.Ruby_throated_Hummingbird/Ruby_Throated_Hummingbird_0055_57781.jpg,0,0,0,0,/b/bamboo_forest/00001650.jpg
6892,118.House_Sparrow/House_Sparrow_0082_112478.jpg,0,0,0,0,/f/forest/broadleaf/00002311.jpg
215,004.Groove_billed_Ani/Groove_Billed_Ani_0077_1724.jpg,0,0,0,0,/b/bamboo_forest/00002860.jpg
4459,077.Tropical_Kingbird/Tropical_Kingbird_0017_69715.jpg,0,0,0,0,/b/bamboo_forest/00000967.jpg
7634,131.Vesper_Sparrow/Vesper_Sparrow_0009_125713.jpg,0,0,0,0,/f/forest/broadleaf/00001902.jpg
2414,043.Yellow_bellied_Flycatcher/Yellow_Bellied_Flycatcher_0035_795464.jpg,0,0,0,0,/f/forest/broadleaf/00002704.jpg
11545,196.House_Wren/House_Wren_0045_187374.jpg,0,0,0,0,/b/bamboo_forest/00004973.jpg
6950,119.Field_Sparrow/Field_Sparrow_0095_113842.jpg,0,0,0,0,/f/forest/broadleaf/00004559.jpg
5599,096.Hooded_Oriole/Hooded_Oriole_0067_90416.jpg,0,0,0,0,/b/bamboo_forest/00002131.jpg
4634,080.Green_Kingfisher/Green_Kingfisher_0058_70998.jpg,0,0,0,0,/b/bamboo_forest/00001550.jpg
2023,036.Northern_Flicker/Northern_Flicker_0111_28402.jpg,0,0,0,0,/b/bamboo_forest/00001571.jpg
530,010.Red_winged_Blackbird/Red_Winged_Blackbird_0096_5019.jpg,0,0,0,0,/b/bamboo_forest/00002394.jpg
2165,038.Great_Crested_Flycatcher/Great_Crested_Flycatcher_0092_29583.jpg,0,0,0,0,/b/bamboo_forest/00001482.jpg
1918,034.Gray_crowned_Rosy_Finch/Gray_Crowned_Rosy_Finch_0052_27032.jpg,0,0,0,0,/b/bamboo_forest/00003359.jpg
7324,125.Lincoln_Sparrow/Lincoln_Sparrow_0050_117744.jpg,0,0,0,0,/f/forest/broadleaf/00001239.jpg
11276,192.Downy_Woodpecker/Downy_Woodpecker_0014_183975.jpg,0,0,0,0,/b/bamboo_forest/00002757.jpg
9695,165.Chestnut_sided_Warbler/Chestnut_Sided_Warbler_0071_163784.jpg,0,0,0,0,/b/bamboo_forest/00004045.jpg
2762,048.European_Goldfinch/European_Goldfinch_0046_33307.jpg,0,0,0,0,/f/forest/broadleaf/00002687.jpg
9664,165.Chestnut_sided_Warbler/Chestnut_Sided_Warbler_0073_163868.jpg,0,0,0,0,/f/forest/broadleaf/00001417.jpg
3283,057.Rose_breasted_Grosbeak/Rose_Breasted_Grosbeak_0011_39207.jpg,0,0,0,0,/b/bamboo_forest/00004465.jpg
2068,037.Acadian_Flycatcher/Acadian_Flycatcher_0056_29086.jpg,0,0,0,0,/b/bamboo_forest/00002026.jpg
11045,188.Pileated_Woodpecker/Pileated_Woodpecker_0056_180094.jpg,0,0,0,0,/b/bamboo_forest/00000848.jpg
9544,163.Cape_May_Warbler/Cape_May_Warbler_0068_163147.jpg,0,0,0,0,/b/bamboo_forest/00003371.jpg
8101,138.Tree_Swallow/Tree_Swallow_0069_135148.jpg,0,0,0,0,/f/forest/broadleaf/00003135.jpg
7899,135.Bank_Swallow/Bank_Swallow_0044_129687.jpg,0,0,0,0,/f/forest/broadleaf/00002287.jpg
11767,200.Common_Yellowthroat/Common_Yellowthroat_0075_190900.jpg,0,0,0,0,/f/forest/broadleaf/00003932.jpg
9185,157.Yellow_throated_Vireo/Yellow_Throated_Vireo_0079_159576.jpg,0,0,0,0,/b/bamboo_forest/00003530.jpg
4580,079.Belted_Kingfisher/Belted_Kingfisher_0024_70538.jpg,0,0,0,0,/b/bamboo_forest/00004208.jpg
9429,161.Blue_winged_Warbler/Blue_Winged_Warbler_0034_161861.jpg,0,0,0,0,/b/bamboo_forest/00001591.jpg
6477,111.Loggerhead_Shrike/Loggerhead_Shrike_0127_105742.jpg,0,0,0,0,/f/forest/broadleaf/00000272.jpg
2253,040.Olive_sided_Flycatcher/Olive_Sided_Flycatcher_0022_30551.jpg,0,0,0,0,/f/forest/broadleaf/00004658.jpg
2261,040.Olive_sided_Flycatcher/Olive_Sided_Flycatcher_0052_30639.jpg,0,0,0,0,/b/bamboo_forest/00001418.jpg
6362,109.American_Redstart/American_Redstart_0071_103266.jpg,0,0,0,0,/f/forest/broadleaf/00000804.jpg
2800,049.Boat_tailed_Grackle/Boat_Tailed_Grackle_0040_33417.jpg,0,0,0,0,/f/forest/broadleaf/00002679.jpg
8714,149.Brown_Thrasher/Brown_Thrasher_0119_155170.jpg,0,0,0,0,/b/bamboo_forest/00001353.jpg
6622,114.Black_throated_Sparrow/Black_Throated_Sparrow_0090_107295.jpg,0,0,0,0,/f/forest/broadleaf/00003320.jpg
2254,040.Olive_sided_Flycatcher/Olive_Sided_Flycatcher_0086_30553.jpg,0,0,0,0,/f/forest/broadleaf/00002233.jpg
6661,114.Black_throated_Sparrow/Black_Throated_Sparrow_0086_106970.jpg,0,0,0,0,/f/forest/broadleaf/00000437.jpg
7941,136.Barn_Swallow/Barn_Swallow_0047_130016.jpg,0,0,0,0,/f/forest/broadleaf/00000868.jpg
197,004.Groove_billed_Ani/Groove_Billed_Ani_0007_1615.jpg,0,0,0,0,/f/forest/broadleaf/00002851.jpg
2797,049.Boat_tailed_Grackle/Boat_Tailed_Grackle_0062_33650.jpg,0,0,0,0,/b/bamboo_forest/00003249.jpg
11174,190.Red_cockaded_Woodpecker/Red_Cockaded_Woodpecker_0029_794724.jpg,0,0,0,0,/f/forest/broadleaf/00004105.jpg
5375,092.Nighthawk/Nighthawk_0063_795339.jpg,0,0,0,0,/b/bamboo_forest/00004810.jpg
4749,082.Ringed_Kingfisher/Ringed_Kingfisher_0039_71052.jpg,0,0,0,0,/b/bamboo_forest/00001758.jpg
10617,181.Worm_eating_Warbler/Worm_Eating_Warbler_0012_795515.jpg,0,0,0,0,/b/bamboo_forest/00000110.jpg
6674,115.Brewer_Sparrow/Brewer_Sparrow_0053_796694.jpg,0,0,0,0,/f/forest/broadleaf/00002599.jpg
9672,165.Chestnut_sided_Warbler/Chestnut_Sided_Warbler_0094_164152.jpg,0,0,0,0,/f/forest/broadleaf/00000608.jpg
7758,133.White_throated_Sparrow/White_Throated_Sparrow_0112_129101.jpg,0,0,0,0,/b/bamboo_forest/00002194.jpg
10686,182.Yellow_Warbler/Yellow_Warbler_0100_176733.jpg,0,0,0,0,/f/forest/broadleaf/00003647.jpg
11238,191.Red_headed_Woodpecker/Red_Headed_Woodpecker_0088_183246.jpg,0,0,0,0,/f/forest/broadleaf/00003002.jpg
6068,104.American_Pipit/American_Pipit_0095_99959.jpg,0,0,0,0,/b/bamboo_forest/00000856.jpg
11464,195.Carolina_Wren/Carolina_Wren_0055_186154.jpg,0,0,0,0,/b/bamboo_forest/00000900.jpg
11633,198.Rock_Wren/Rock_Wren_0114_189283.jpg,0,0,0,0,/f/forest/broadleaf/00001854.jpg
10497,179.Tennessee_Warbler/Tennessee_Warbler_0100_175168.jpg,0,0,0,0,/f/forest/broadleaf/00003584.jpg
4423,076.Dark_eyed_Junco/Dark_Eyed_Junco_0084_66455.jpg,0,0,0,0,/b/bamboo_forest/00002518.jpg
732,014.Indigo_Bunting/Indigo_Bunting_0001_12469.jpg,0,0,0,0,/b/bamboo_forest/00000365.jpg
927,017.Cardinal/Cardinal_0020_18664.jpg,0,0,0,0,/b/bamboo_forest/00002403.jpg
1476,027.Shiny_Cowbird/Shiny_Cowbird_0086_24386.jpg,0,0,0,0,/f/forest/broadleaf/00004487.jpg
6798,117.Clay_colored_Sparrow/Clay_Colored_Sparrow_0095_110635.jpg,0,0,0,0,/f/forest/broadleaf/00002032.jpg
4557,079.Belted_Kingfisher/Belted_Kingfisher_0054_70424.jpg,0,0,0,0,/f/forest/broadleaf/00002748.jpg
2392,042.Vermilion_Flycatcher/Vermilion_Flycatcher_0071_42429.jpg,0,0,0,0,/f/forest/broadleaf/00000505.jpg
7898,135.Bank_Swallow/Bank_Swallow_0020_129747.jpg,0,0,0,0,/f/forest/broadleaf/00002822.jpg
1203,022.Chuck_will_Widow/Chuck_Will_Widow_0001_796975.jpg,0,0,0,0,/b/bamboo_forest/00001184.jpg
11428,194.Cactus_Wren/Cactus_Wren_0117_185591.jpg,0,0,0,0,/b/bamboo_forest/00001310.jpg
9810,167.Hooded_Warbler/Hooded_Warbler_0014_164672.jpg,0,0,0,0,/b/bamboo_forest/00004799.jpg
8746,149.Brown_Thrasher/Brown_Thrasher_0072_155406.jpg,0,0,0,0,/b/bamboo_forest/00004009.jpg
7445,127.Savannah_Sparrow/Savannah_Sparrow_0061_119783.jpg,0,0,0,0,/f/forest/broadleaf/00002929.jpg
11195,191.Red_headed_Woodpecker/Red_Headed_Woodpecker_0101_182538.jpg,0,0,0,0,/b/bamboo_forest/00002894.jpg
6809,117.Clay_colored_Sparrow/Clay_Colored_Sparrow_0080_797253.jpg,0,0,0,0,/b/bamboo_forest/00000510.jpg
3954,068.Ruby_throated_Hummingbird/Ruby_Throated_Hummingbird_0027_58191.jpg,0,0,0,0,/b/bamboo_forest/00001137.jpg
8666,148.Green_tailed_Towhee/Green_Tailed_Towhee_0064_154771.jpg,0,0,0,0,/b/bamboo_forest/00001855.jpg
3843,067.Anna_Hummingbird/Anna_Hummingbird_0006_55871.jpg,0,0,0,0,/f/forest/broadleaf/00004555.jpg
6223,107.Common_Raven/Common_Raven_0007_102020.jpg,0,0,0,0,/f/forest/broadleaf/00002767.jpg
11558,197.Marsh_Wren/Marsh_Wren_0008_188533.jpg,0,0,0,0,/b/bamboo_forest/00002983.jpg
7652,131.Vesper_Sparrow/Vesper_Sparrow_0013_109937.jpg,0,0,0,0,/b/bamboo_forest/00002489.jpg
9017,154.Red_eyed_Vireo/Red_Eyed_Vireo_0019_156921.jpg,0,0,0,0,/f/forest/broadleaf/00003218.jpg
10796,184.Louisiana_Waterthrush/Louisiana_Waterthrush_0014_795238.jpg,0,0,0,0,/f/forest/broadleaf/00004751.jpg
3281,057.Rose_breasted_Grosbeak/Rose_Breasted_Grosbeak_0106_39714.jpg,0,0,0,0,/b/bamboo_forest/00002774.jpg
1591,029.American_Crow/American_Crow_0111_25127.jpg,0,0,0,0,/b/bamboo_forest/00002730.jpg
11394,194.Cactus_Wren/Cactus_Wren_0025_185696.jpg,0,0,0,0,/b/bamboo_forest/00003129.jpg
5417,093.Clark_Nutcracker/Clark_Nutcracker_0003_85296.jpg,0,0,0,0,/b/bamboo_forest/00003067.jpg
568,011.Rusty_Blackbird/Rusty_Blackbird_0017_6755.jpg,0,0,0,0,/b/bamboo_forest/00002006.jpg
10152,173.Orange_crowned_Warbler/Orange_Crowned_Warbler_0055_168600.jpg,0,0,0,0,/b/bamboo_forest/00003000.jpg
9460,161.Blue_winged_Warbler/Blue_Winged_Warbler_0077_162021.jpg,0,0,0,0,/f/forest/broadleaf/00004861.jpg
5493,094.White_breasted_Nuthatch/White_Breasted_Nuthatch_0027_85905.jpg,0,0,0,0,/b/bamboo_forest/00000861.jpg
2754,048.European_Goldfinch/European_Goldfinch_0098_33152.jpg,0,0,0,0,/b/bamboo_forest/00004085.jpg
3161,055.Evening_Grosbeak/Evening_Grosbeak_0107_37933.jpg,0,0,0,0,/b/bamboo_forest/00004267.jpg
6546,112.Great_Grey_Shrike/Great_Grey_Shrike_0058_106634.jpg,0,0,0,0,/f/forest/broadleaf/00000244.jpg
11734,200.Common_Yellowthroat/Common_Yellowthroat_0090_190503.jpg,0,0,0,0,/f/forest/broadleaf/00000357.jpg
10960,186.Cedar_Waxwing/Cedar_Waxwing_0101_179707.jpg,0,0,0,0,/b/bamboo_forest/00000458.jpg
8731,149.Brown_Thrasher/Brown_Thrasher_0081_155256.jpg,0,0,0,0,/b/bamboo_forest/00003568.jpg
1863,033.Yellow_billed_Cuckoo/Yellow_Billed_Cuckoo_0038_26912.jpg,0,0,0,0,/f/forest/broadleaf/00001248.jpg
8977,153.Philadelphia_Vireo/Philadelphia_Vireo_0046_794798.jpg,0,0,0,0,/b/bamboo_forest/00001590.jpg
975,018.Spotted_Catbird/Spotted_Catbird_0029_796825.jpg,0,0,0,0,/b/bamboo_forest/00003866.jpg
2225,039.Least_Flycatcher/Least_Flycatcher_0033_30449.jpg,0,0,0,0,/f/forest/broadleaf/00002198.jpg
9680,165.Chestnut_sided_Warbler/Chestnut_Sided_Warbler_0041_163944.jpg,0,0,0,0,/f/forest/broadleaf/00000654.jpg
2663,047.American_Goldfinch/American_Goldfinch_0087_32363.jpg,0,0,0,0,/b/bamboo_forest/00000667.jpg
11108,189.Red_bellied_Woodpecker/Red_Bellied_Woodpecker_0017_181131.jpg,0,0,0,0,/b/bamboo_forest/00002093.jpg
11475,195.Carolina_Wren/Carolina_Wren_0043_186286.jpg,0,0,0,0,/f/forest/broadleaf/00004776.jpg
10560,180.Wilson_Warbler/Wilson_Warbler_0083_175253.jpg,0,0,0,0,/b/bamboo_forest/00004077.jpg
6877,118.House_Sparrow/House_Sparrow_0086_111385.jpg,0,0,0,0,/b/bamboo_forest/00000918.jpg
5726,098.Scott_Oriole/Scott_Oriole_0012_795837.jpg,0,0,0,0,/b/bamboo_forest/00003514.jpg
7869,135.Bank_Swallow/Bank_Swallow_0062_129548.jpg,0,0,0,0,/f/forest/broadleaf/00004415.jpg
7145,122.Harris_Sparrow/Harris_Sparrow_0005_116694.jpg,0,0,0,0,/b/bamboo_forest/00001915.jpg
666,013.Bobolink/Bobolink_0102_10807.jpg,0,0,0,0,/b/bamboo_forest/00003748.jpg
7765,133.White_throated_Sparrow/White_Throated_Sparrow_0085_129180.jpg,0,0,0,0,/f/forest/broadleaf/00004832.jpg
6275,108.White_necked_Raven/White_Necked_Raven_0020_102730.jpg,0,0,0,0,/f/forest/broadleaf/00004668.jpg
5439,093.Clark_Nutcracker/Clark_Nutcracker_0026_84945.jpg,0,0,0,0,/f/forest/broadleaf/00000481.jpg
10199,174.Palm_Warbler/Palm_Warbler_0113_170080.jpg,0,0,0,0,/b/bamboo_forest/00003380.jpg
9709,165.Chestnut_sided_Warbler/Chestnut_Sided_Warbler_0066_164078.jpg,0,0,0,0,/f/forest/broadleaf/00001464.jpg
1564,028.Brown_Creeper/Brown_Creeper_0048_24976.jpg,0,0,0,0,/b/bamboo_forest/00004322.jpg
4208,073.Blue_Jay/Blue_Jay_0075_63021.jpg,0,0,0,0,/f/forest/broadleaf/00000103.jpg
6224,107.Common_Raven/Common_Raven_0069_101825.jpg,0,0,0,0,/b/bamboo_forest/00001640.jpg
11059,188.Pileated_Woodpecker/Pileated_Woodpecker_0059_180177.jpg,0,0,0,0,/b/bamboo_forest/00004276.jpg
4578,079.Belted_Kingfisher/Belted_Kingfisher_0048_70532.jpg,0,0,0,0,/f/forest/broadleaf/00001719.jpg
4023,070.Green_Violetear/Green_Violetear_0067_795674.jpg,0,0,0,0,/b/bamboo_forest/00000769.jpg
859,016.Painted_Bunting/Painted_Bunting_0073_16737.jpg,0,0,0,0,/b/bamboo_forest/00002470.jpg
7992,137.Cliff_Swallow/Cliff_Swallow_0087_133294.jpg,0,0,0,0,/b/bamboo_forest/00002790.jpg
6580,113.Baird_Sparrow/Baird_Sparrow_0025_794564.jpg,0,0,0,0,/f/forest/broadleaf/00002596.jpg
3268,057.Rose_breasted_Grosbeak/Rose_Breasted_Grosbeak_0081_39136.jpg,0,0,0,0,/f/forest/broadleaf/00001360.jpg
6395,110.Geococcyx/Geococcyx_0114_104136.jpg,0,0,0,0,/f/forest/broadleaf/00002589.jpg
10957,186.Cedar_Waxwing/Cedar_Waxwing_0095_178163.jpg,0,0,0,0,/f/forest/broadleaf/00001048.jpg
7934,136.Barn_Swallow/Barn_Swallow_0075_130014.jpg,0,0,0,0,/b/bamboo_forest/00003823.jpg
1106,020.Yellow_breasted_Chat/Yellow_Breasted_Chat_0105_21714.jpg,0,0,0,0,/b/bamboo_forest/00004904.jpg
8023,137.Cliff_Swallow/Cliff_Swallow_0050_134054.jpg,0,0,0,0,/f/forest/broadleaf/00004950.jpg
5333,092.Nighthawk/Nighthawk_0004_84011.jpg,0,0,0,0,/f/forest/broadleaf/00003553.jpg
7499,128.Seaside_Sparrow/Seaside_Sparrow_0021_120699.jpg,0,0,0,0,/b/bamboo_forest/00002890.jpg
2019,036.Northern_Flicker/Northern_Flicker_0004_28854.jpg,0,0,0,0,/b/bamboo_forest/00003082.jpg
4022,070.Green_Violetear/Green_Violetear_0005_795666.jpg,0,0,0,0,/b/bamboo_forest/00000683.jpg
7708,132.White_crowned_Sparrow/White_Crowned_Sparrow_0010_127651.jpg,0,0,0,0,/b/bamboo_forest/00003054.jpg
10215,174.Palm_Warbler/Palm_Warbler_0060_168686.jpg,0,0,0,0,/b/bamboo_forest/00004999.jpg
1417,026.Bronzed_Cowbird/Bronzed_Cowbird_0001_796219.jpg,0,0,0,0,/b/bamboo_forest/00003189.jpg
6529,112.Great_Grey_Shrike/Great_Grey_Shrike_0089_797036.jpg,0,0,0,0,/b/bamboo_forest/00000798.jpg
11303,192.Downy_Woodpecker/Downy_Woodpecker_0123_184692.jpg,0,0,0,0,/b/bamboo_forest/00001691.jpg
5304,091.Mockingbird/Mockingbird_0083_79862.jpg,0,0,0,0,/b/bamboo_forest/00004496.jpg
10159,173.Orange_crowned_Warbler/Orange_Crowned_Warbler_0071_167595.jpg,0,0,0,0,/b/bamboo_forest/00003096.jpg
2439,043.Yellow_bellied_Flycatcher/Yellow_Bellied_Flycatcher_0018_795494.jpg,0,0,0,0,/b/bamboo_forest/00003785.jpg
3964,069.Rufous_Hummingbird/Rufous_Hummingbird_0055_59935.jpg,0,0,0,0,/b/bamboo_forest/00000688.jpg
9804,167.Hooded_Warbler/Hooded_Warbler_0121_164639.jpg,0,0,0,0,/b/bamboo_forest/00000919.jpg
5486,094.White_breasted_Nuthatch/White_Breasted_Nuthatch_0065_85829.jpg,0,0,0,0,/f/forest/broadleaf/00001122.jpg
9808,167.Hooded_Warbler/Hooded_Warbler_0040_165173.jpg,0,0,0,0,/f/forest/broadleaf/00004377.jpg
6647,114.Black_throated_Sparrow/Black_Throated_Sparrow_0035_107185.jpg,0,0,0,0,/f/forest/broadleaf/00001955.jpg
3207,056.Pine_Grosbeak/Pine_Grosbeak_0012_38466.jpg,0,0,0,0,/b/bamboo_forest/00000287.jpg
6817,117.Clay_colored_Sparrow/Clay_Colored_Sparrow_0081_110682.jpg,0,0,0,0,/b/bamboo_forest/00002214.jpg
6986,120.Fox_Sparrow/Fox_Sparrow_0058_114789.jpg,0,0,0,0,/f/forest/broadleaf/00003076.jpg
206,004.Groove_billed_Ani/Groove_Billed_Ani_0002_1670.jpg,0,0,0,0,/f/forest/broadleaf/00003245.jpg
7103,122.Harris_Sparrow/Harris_Sparrow_0056_116532.jpg,0,0,0,0,/f/forest/broadleaf/00003440.jpg
5279,091.Mockingbird/Mockingbird_0050_80184.jpg,0,0,0,0,/f/forest/broadleaf/00004047.jpg
4302,074.Florida_Jay/Florida_Jay_0079_64713.jpg,0,0,0,0,/b/bamboo_forest/00002447.jpg
9029,154.Red_eyed_Vireo/Red_Eyed_Vireo_0101_156988.jpg,0,0,0,0,/f/forest/broadleaf/00004736.jpg
6729,115.Brewer_Sparrow/Brewer_Sparrow_0035_107509.jpg,0,0,0,0,/b/bamboo_forest/00004419.jpg
3941,068.Ruby_throated_Hummingbird/Ruby_Throated_Hummingbird_0059_58210.jpg,0,0,0,0,/f/forest/broadleaf/00001031.jpg
6823,117.Clay_colored_Sparrow/Clay_Colored_Sparrow_0104_110699.jpg,0,0,0,0,/f/forest/broadleaf/00002077.jpg
4937,085.Horned_Lark/Horned_Lark_0046_73950.jpg,0,0,0,0,/b/bamboo_forest/00002540.jpg
6969,119.Field_Sparrow/Field_Sparrow_0107_113659.jpg,0,0,0,0,/b/bamboo_forest/00003277.jpg
5794,099.Ovenbird/Ovenbird_0124_93103.jpg,0,0,0,0,/f/forest/broadleaf/00003918.jpg
10950,186.Cedar_Waxwing/Cedar_Waxwing_0016_178629.jpg,0,0,0,0,/f/forest/broadleaf/00000126.jpg
10262,175.Pine_Warbler/Pine_Warbler_0106_171107.jpg,0,0,0,0,/f/forest/broadleaf/00000012.jpg
3209,056.Pine_Grosbeak/Pine_Grosbeak_0002_38214.jpg,0,0,0,0,/b/bamboo_forest/00000412.jpg
6639,114.Black_throated_Sparrow/Black_Throated_Sparrow_0069_107116.jpg,0,0,0,0,/f/forest/broadleaf/00000321.jpg
7770,133.White_throated_Sparrow/White_Throated_Sparrow_0124_128801.jpg,0,0,0,0,/b/bamboo_forest/00003048.jpg
2699,047.American_Goldfinch/American_Goldfinch_0056_32169.jpg,0,0,0,0,/f/forest/broadleaf/00004944.jpg
3235,056.Pine_Grosbeak/Pine_Grosbeak_0059_38581.jpg,0,0,0,0,/b/bamboo_forest/00004908.jpg
8076,138.Tree_Swallow/Tree_Swallow_0015_134790.jpg,0,0,0,0,/b/bamboo_forest/00003513.jpg
10660,181.Worm_eating_Warbler/Worm_Eating_Warbler_0049_795561.jpg,0,0,0,0,/f/forest/broadleaf/00002791.jpg
7731,132.White_crowned_Sparrow/White_Crowned_Sparrow_0129_127860.jpg,0,0,0,0,/f/forest/broadleaf/00003472.jpg
4240,073.Blue_Jay/Blue_Jay_0080_61617.jpg,0,0,0,0,/b/bamboo_forest/00000454.jpg
2395,042.Vermilion_Flycatcher/Vermilion_Flycatcher_0053_42184.jpg,0,0,0,0,/b/bamboo_forest/00003721.jpg
6085,104.American_Pipit/American_Pipit_0002_100023.jpg,0,0,0,0,/b/bamboo_forest/00000616.jpg
4426,076.Dark_eyed_Junco/Dark_Eyed_Junco_0096_68514.jpg,0,0,0,0,/f/forest/broadleaf/00000302.jpg
9393,160.Black_throated_Blue_Warbler/Black_Throated_Blue_Warbler_0130_161682.jpg,0,0,0,0,/b/bamboo_forest/00000470.jpg
9890,169.Magnolia_Warbler/Magnolia_Warbler_0112_166406.jpg,0,0,0,0,/f/forest/broadleaf/00001858.jpg
6764,116.Chipping_Sparrow/Chipping_Sparrow_0080_108685.jpg,0,0,0,0,/b/bamboo_forest/00001506.jpg
10476,178.Swainson_Warbler/Swainson_Warbler_0047_794870.jpg,0,0,0,0,/f/forest/broadleaf/00000476.jpg
5764,099.Ovenbird/Ovenbird_0090_93375.jpg,0,0,0,0,/b/bamboo_forest/00003337.jpg
9799,167.Hooded_Warbler/Hooded_Warbler_0013_164627.jpg,0,0,0,0,/f/forest/broadleaf/00003946.jpg
8103,138.Tree_Swallow/Tree_Swallow_0041_136439.jpg,0,0,0,0,/f/forest/broadleaf/00001263.jpg
7665,131.Vesper_Sparrow/Vesper_Sparrow_0073_125605.jpg,0,0,0,0,/f/forest/broadleaf/00000792.jpg
10244,174.Palm_Warbler/Palm_Warbler_0061_169954.jpg,0,0,0,0,/b/bamboo_forest/00002741.jpg
6335,109.American_Redstart/American_Redstart_0077_104042.jpg,0,0,0,0,/f/forest/broadleaf/00004721.jpg
9828,167.Hooded_Warbler/Hooded_Warbler_0016_164837.jpg,0,0,0,0,/f/forest/broadleaf/00002201.jpg
4007,069.Rufous_Hummingbird/Rufous_Hummingbird_0115_59202.jpg,0,0,0,0,/f/forest/broadleaf/00002126.jpg
9006,154.Red_eyed_Vireo/Red_Eyed_Vireo_0029_156777.jpg,0,0,0,0,/b/bamboo_forest/00004883.jpg
7307,125.Lincoln_Sparrow/Lincoln_Sparrow_0042_117507.jpg,0,0,0,0,/f/forest/broadleaf/00001923.jpg
6008,103.Sayornis/Sayornis_0081_99508.jpg,0,0,0,0,/f/forest/broadleaf/00004731.jpg
4799,083.White_breasted_Kingfisher/White_Breasted_Kingfisher_0002_73491.jpg,0,0,0,0,/f/forest/broadleaf/00003390.jpg
9318,159.Black_and_white_Warbler/Black_And_White_Warbler_0053_160010.jpg,0,0,0,0,/b/bamboo_forest/00000518.jpg
7186,123.Henslow_Sparrow/Henslow_Sparrow_0106_796580.jpg,0,0,0,0,/f/forest/broadleaf/00002950.jpg
6675,115.Brewer_Sparrow/Brewer_Sparrow_0046_796696.jpg,0,0,0,0,/b/bamboo_forest/00001158.jpg
6667,114.Black_throated_Sparrow/Black_Throated_Sparrow_0102_107243.jpg,0,0,0,0,/b/bamboo_forest/00002605.jpg
9719,166.Golden_winged_Warbler/Golden_Winged_Warbler_0069_164456.jpg,0,0,0,0,/f/forest/broadleaf/00000142.jpg
7556,129.Song_Sparrow/Song_Sparrow_0116_121211.jpg,0,0,0,0,/f/forest/broadleaf/00002083.jpg
6513,112.Great_Grey_Shrike/Great_Grey_Shrike_0032_797021.jpg,0,0,0,0,/b/bamboo_forest/00002732.jpg
11636,198.Rock_Wren/Rock_Wren_0001_189289.jpg,0,0,0,0,/f/forest/broadleaf/00001766.jpg
1647,030.Fish_Crow/Fish_Crow_0017_26127.jpg,0,0,0,0,/f/forest/broadleaf/00004407.jpg
9014,154.Red_eyed_Vireo/Red_Eyed_Vireo_0053_156885.jpg,0,0,0,0,/f/forest/broadleaf/00004624.jpg
2768,048.European_Goldfinch/European_Goldfinch_0003_33066.jpg,0,0,0,0,/b/bamboo_forest/00004965.jpg
7699,132.White_crowned_Sparrow/White_Crowned_Sparrow_0029_127503.jpg,0,0,0,0,/f/forest/broadleaf/00003827.jpg
7367,126.Nelson_Sharp_tailed_Sparrow/Nelson_Sharp_Tailed_Sparrow_0074_796901.jpg,0,0,0,0,/b/bamboo_forest/00004410.jpg
1465,027.Shiny_Cowbird/Shiny_Cowbird_0055_24331.jpg,0,0,0,0,/f/forest/broadleaf/00000342.jpg
4233,073.Blue_Jay/Blue_Jay_0009_62873.jpg,0,0,0,0,/b/bamboo_forest/00002689.jpg
6097,105.Whip_poor_Will/Whip_Poor_Will_0040_100482.jpg,0,0,0,0,/b/bamboo_forest/00001022.jpg
232,004.Groove_billed_Ani/Groove_Billed_Ani_0061_1510.jpg,0,0,0,0,/b/bamboo_forest/00003507.jpg
1808,032.Mangrove_Cuckoo/Mangrove_Cuckoo_0004_794614.jpg,0,0,0,0,/f/forest/broadleaf/00002095.jpg
8657,148.Green_tailed_Towhee/Green_Tailed_Towhee_0096_154945.jpg,0,0,0,0,/b/bamboo_forest/00004080.jpg
7116,122.Harris_Sparrow/Harris_Sparrow_0053_116595.jpg,0,0,0,0,/b/bamboo_forest/00000681.jpg
1198,022.Chuck_will_Widow/Chuck_Will_Widow_0057_796970.jpg,0,0,0,0,/f/forest/broadleaf/00004317.jpg
4692,081.Pied_Kingfisher/Pied_Kingfisher_0062_72379.jpg,0,0,0,0,/b/bamboo_forest/00003317.jpg
11157,190.Red_cockaded_Woodpecker/Red_Cockaded_Woodpecker_0023_794701.jpg,0,0,0,0,/f/forest/broadleaf/00003242.jpg
9374,160.Black_throated_Blue_Warbler/Black_Throated_Blue_Warbler_0073_161558.jpg,0,0,0,0,/f/forest/broadleaf/00004863.jpg
7008,120.Fox_Sparrow/Fox_Sparrow_0086_115484.jpg,0,0,0,0,/b/bamboo_forest/00003494.jpg
4714,081.Pied_Kingfisher/Pied_Kingfisher_0063_71999.jpg,0,0,0,0,/b/bamboo_forest/00001074.jpg
1205,022.Chuck_will_Widow/Chuck_Will_Widow_0003_796977.jpg,0,0,0,0,/b/bamboo_forest/00004581.jpg
7232,124.Le_Conte_Sparrow/Le_Conte_Sparrow_0099_795182.jpg,0,0,0,0,/b/bamboo_forest/00002840.jpg
10362,176.Prairie_Warbler/Prairie_Warbler_0105_172982.jpg,0,0,0,0,/f/forest/broadleaf/00000067.jpg
446,009.Brewer_Blackbird/Brewer_Blackbird_0014_2679.jpg,0,0,0,0,/b/bamboo_forest/00002961.jpg
4218,073.Blue_Jay/Blue_Jay_0089_61521.jpg,0,0,0,0,/b/bamboo_forest/00001296.jpg
6934,119.Field_Sparrow/Field_Sparrow_0101_113762.jpg,0,0,0,0,/b/bamboo_forest/00004583.jpg
6124,105.Whip_poor_Will/Whip_Poor_Will_0031_100397.jpg,0,0,0,0,/b/bamboo_forest/00002107.jpg
6394,110.Geococcyx/Geococcyx_0091_104301.jpg,0,0,0,0,/b/bamboo_forest/00003562.jpg
9629,164.Cerulean_Warbler/Cerulean_Warbler_0072_163200.jpg,0,0,0,0,/b/bamboo_forest/00000052.jpg
6140,105.Whip_poor_Will/Whip_Poor_Will_0047_796412.jpg,0,0,0,0,/f/forest/broadleaf/00000133.jpg
1735,031.Black_billed_Cuckoo/Black_Billed_Cuckoo_0087_795300.jpg,0,0,0,0,/f/forest/broadleaf/00001565.jpg
2779,049.Boat_tailed_Grackle/Boat_Tailed_Grackle_0112_33841.jpg,0,0,0,0,/b/bamboo_forest/00000528.jpg
5385,092.Nighthawk/Nighthawk_0076_82686.jpg,0,0,0,0,/b/bamboo_forest/00003714.jpg
5268,091.Mockingbird/Mockingbird_0024_79623.jpg,0,0,0,0,/b/bamboo_forest/00003118.jpg
11386,194.Cactus_Wren/Cactus_Wren_0125_185648.jpg,0,0,0,0,/f/forest/broadleaf/00002696.jpg
6879,118.House_Sparrow/House_Sparrow_0053_111388.jpg,0,0,0,0,/f/forest/broadleaf/00001831.jpg
4490,077.Tropical_Kingbird/Tropical_Kingbird_0018_69619.jpg,0,0,0,0,/b/bamboo_forest/00001597.jpg
4621,080.Green_Kingfisher/Green_Kingfisher_0081_70953.jpg,0,0,0,0,/f/forest/broadleaf/00000493.jpg
7983,136.Barn_Swallow/Barn_Swallow_0035_131832.jpg,0,0,0,0,/f/forest/broadleaf/00000049.jpg
9793,167.Hooded_Warbler/Hooded_Warbler_0021_165057.jpg,0,0,0,0,/b/bamboo_forest/00003402.jpg
11101,189.Red_bellied_Woodpecker/Red_Bellied_Woodpecker_0104_181616.jpg,0,0,0,0,/f/forest/broadleaf/00001154.jpg
5466,094.White_breasted_Nuthatch/White_Breasted_Nuthatch_0066_86159.jpg,0,0,0,0,/b/bamboo_forest/00001073.jpg
1581,028.Brown_Creeper/Brown_Creeper_0121_24574.jpg,0,0,0,0,/b/bamboo_forest/00003097.jpg
1703,031.Black_billed_Cuckoo/Black_Billed_Cuckoo_0005_26161.jpg,0,0,0,0,/b/bamboo_forest/00002408.jpg
1830,033.Yellow_billed_Cuckoo/Yellow_Billed_Cuckoo_0093_26432.jpg,0,0,0,0,/b/bamboo_forest/00000633.jpg
2772,049.Boat_tailed_Grackle/Boat_Tailed_Grackle_0089_33807.jpg,0,0,0,0,/f/forest/broadleaf/00002308.jpg
5345,092.Nighthawk/Nighthawk_0035_84077.jpg,0,0,0,0,/b/bamboo_forest/00004290.jpg
11728,199.Winter_Wren/Winter_Wren_0118_189805.jpg,0,0,0,0,/f/forest/broadleaf/00004119.jpg
1604,029.American_Crow/American_Crow_0116_25199.jpg,0,0,0,0,/b/bamboo_forest/00004331.jpg
10663,182.Yellow_Warbler/Yellow_Warbler_0028_176391.jpg,0,0,0,0,/b/bamboo_forest/00000033.jpg
2247,040.Olive_sided_Flycatcher/Olive_Sided_Flycatcher_0061_30540.jpg,0,0,0,0,/f/forest/broadleaf/00003366.jpg
3913,068.Ruby_throated_Hummingbird/Ruby_Throated_Hummingbird_0042_57431.jpg,0,0,0,0,/b/bamboo_forest/00002830.jpg
7238,124.Le_Conte_Sparrow/Le_Conte_Sparrow_0084_795189.jpg,0,0,0,0,/b/bamboo_forest/00003598.jpg
6348,109.American_Redstart/American_Redstart_0013_103677.jpg,0,0,0,0,/f/forest/broadleaf/00001102.jpg
8083,138.Tree_Swallow/Tree_Swallow_0017_135062.jpg,0,0,0,0,/b/bamboo_forest/00003452.jpg
6393,110.Geococcyx/Geococcyx_0131_104300.jpg,0,0,0,0,/f/forest/broadleaf/00002632.jpg
6565,113.Baird_Sparrow/Baird_Sparrow_0035_106904.jpg,0,0,0,0,/b/bamboo_forest/00000810.jpg
1952,035.Purple_Finch/Purple_Finch_0102_27308.jpg,0,0,0,0,/b/bamboo_forest/00001551.jpg
7180,123.Henslow_Sparrow/Henslow_Sparrow_0070_796571.jpg,0,0,0,0,/b/bamboo_forest/00001713.jpg
6280,108.White_necked_Raven/White_Necked_Raven_0021_797341.jpg,0,0,0,0,/f/forest/broadleaf/00002716.jpg
4420,076.Dark_eyed_Junco/Dark_Eyed_Junco_0086_66437.jpg,0,0,0,0,/f/forest/broadleaf/00004652.jpg
6096,105.Whip_poor_Will/Whip_Poor_Will_0048_796417.jpg,0,0,0,0,/f/forest/broadleaf/00003325.jpg
2323,041.Scissor_tailed_Flycatcher/Scissor_Tailed_Flycatcher_0111_42118.jpg,0,0,0,0,/f/forest/broadleaf/00001113.jpg
1585,029.American_Crow/American_Crow_0020_25618.jpg,0,0,0,0,/b/bamboo_forest/00002376.jpg
11135,190.Red_cockaded_Woodpecker/Red_Cockaded_Woodpecker_0028_182395.jpg,0,0,0,0,/f/forest/broadleaf/00000507.jpg
2821,049.Boat_tailed_Grackle/Boat_Tailed_Grackle_0097_33759.jpg,0,0,0,0,/b/bamboo_forest/00000504.jpg
8830,151.Black_capped_Vireo/Black_Capped_Vireo_0041_797452.jpg,0,0,0,0,/b/bamboo_forest/00001521.jpg
5289,091.Mockingbird/Mockingbird_0010_79955.jpg,0,0,0,0,/f/forest/broadleaf/00003145.jpg
9576,163.Cape_May_Warbler/Cape_May_Warbler_0103_162972.jpg,0,0,0,0,/f/forest/broadleaf/00004260.jpg
5342,092.Nighthawk/Nighthawk_0073_83540.jpg,0,0,0,0,/b/bamboo_forest/00003294.jpg
10907,186.Cedar_Waxwing/Cedar_Waxwing_0066_178719.jpg,0,0,0,0,/f/forest/broadleaf/00000997.jpg
6041,104.American_Pipit/American_Pipit_0021_100378.jpg,0,0,0,0,/b/bamboo_forest/00002397.jpg
7201,123.Henslow_Sparrow/Henslow_Sparrow_0002_116930.jpg,0,0,0,0,/b/bamboo_forest/00002055.jpg
1065,020.Yellow_breasted_Chat/Yellow_Breasted_Chat_0089_21804.jpg,0,0,0,0,/f/forest/broadleaf/00002726.jpg
9729,166.Golden_winged_Warbler/Golden_Winged_Warbler_0012_164496.jpg,0,0,0,0,/b/bamboo_forest/00000213.jpg
11598,197.Marsh_Wren/Marsh_Wren_0089_188318.jpg,0,0,0,0,/b/bamboo_forest/00004884.jpg
8163,139.Scarlet_Tanager/Scarlet_Tanager_0131_138740.jpg,0,0,0,0,/b/bamboo_forest/00002788.jpg
4628,080.Green_Kingfisher/Green_Kingfisher_0031_71229.jpg,0,0,0,0,/f/forest/broadleaf/00003300.jpg
4031,070.Green_Violetear/Green_Violetear_0077_795696.jpg,0,0,0,0,/b/bamboo_forest/00003770.jpg
6027,103.Sayornis/Sayornis_0019_98636.jpg,0,0,0,0,/b/bamboo_forest/00000669.jpg
7484,128.Seaside_Sparrow/Seaside_Sparrow_0012_120732.jpg,0,0,0,0,/f/forest/broadleaf/00001089.jpg
5554,095.Baltimore_Oriole/Baltimore_Oriole_0092_87435.jpg,0,0,0,0,/b/bamboo_forest/00003837.jpg
11044,188.Pileated_Woodpecker/Pileated_Woodpecker_0032_180347.jpg,0,0,0,0,/f/forest/broadleaf/00004966.jpg
2311,041.Scissor_tailed_Flycatcher/Scissor_Tailed_Flycatcher_0069_41827.jpg,0,0,0,0,/f/forest/broadleaf/00001706.jpg
2364,042.Vermilion_Flycatcher/Vermilion_Flycatcher_0060_42293.jpg,0,0,0,0,/b/bamboo_forest/00001517.jpg
3867,067.Anna_Hummingbird/Anna_Hummingbird_0038_57036.jpg,0,0,0,0,/f/forest/broadleaf/00002122.jpg
8221,140.Summer_Tanager/Summer_Tanager_0033_140268.jpg,0,0,0,0,/b/bamboo_forest/00003482.jpg
11302,192.Downy_Woodpecker/Downy_Woodpecker_0044_184170.jpg,0,0,0,0,/f/forest/broadleaf/00004354.jpg
4632,080.Green_Kingfisher/Green_Kingfisher_0091_71248.jpg,0,0,0,0,/f/forest/broadleaf/00000745.jpg
6301,108.White_necked_Raven/White_Necked_Raven_0038_797369.jpg,0,0,0,0,/b/bamboo_forest/00001511.jpg
1691,030.Fish_Crow/Fish_Crow_0024_26064.jpg,0,0,0,0,/f/forest/broadleaf/00002446.jpg
7323,125.Lincoln_Sparrow/Lincoln_Sparrow_0115_117216.jpg,0,0,0,0,/f/forest/broadleaf/00002024.jpg
10326,176.Prairie_Warbler/Prairie_Warbler_0104_172615.jpg,0,0,0,0,/b/bamboo_forest/00000449.jpg
970,018.Spotted_Catbird/Spotted_Catbird_0025_796819.jpg,0,0,0,0,/b/bamboo_forest/00002740.jpg
4473,077.Tropical_Kingbird/Tropical_Kingbird_0023_69998.jpg,0,0,0,0,/f/forest/broadleaf/00004900.jpg
8828,151.Black_capped_Vireo/Black_Capped_Vireo_0015_797450.jpg,0,0,0,0,/f/forest/broadleaf/00004423.jpg
5441,093.Clark_Nutcracker/Clark_Nutcracker_0062_85464.jpg,0,0,0,0,/f/forest/broadleaf/00002557.jpg
9994,170.Mourning_Warbler/Mourning_Warbler_0059_795365.jpg,0,0,0,0,/f/forest/broadleaf/00000669.jpg
10409,177.Prothonotary_Warbler/Prothonotary_Warbler_0083_173929.jpg,0,0,0,0,/b/bamboo_forest/00004230.jpg
4941,085.Horned_Lark/Horned_Lark_0097_74496.jpg,0,0,0,0,/b/bamboo_forest/00004092.jpg
8048,138.Tree_Swallow/Tree_Swallow_0076_137232.jpg,0,0,0,0,/f/forest/broadleaf/00000785.jpg
1588,029.American_Crow/American_Crow_0101_25118.jpg,0,0,0,0,/b/bamboo_forest/00003398.jpg
7530,129.Song_Sparrow/Song_Sparrow_0112_121027.jpg,0,0,0,0,/b/bamboo_forest/00000662.jpg
7900,135.Bank_Swallow/Bank_Swallow_0067_129959.jpg,0,0,0,0,/f/forest/broadleaf/00002835.jpg
4929,085.Horned_Lark/Horned_Lark_0028_74408.jpg,0,0,0,0,/b/bamboo_forest/00003809.jpg
7366,126.Nelson_Sharp_tailed_Sparrow/Nelson_Sharp_Tailed_Sparrow_0023_796899.jpg,0,0,0,0,/f/forest/broadleaf/00002531.jpg
4760,082.Ringed_Kingfisher/Ringed_Kingfisher_0015_72835.jpg,0,0,0,0,/f/forest/broadleaf/00004361.jpg
10143,173.Orange_crowned_Warbler/Orange_Crowned_Warbler_0128_168012.jpg,0,0,0,0,/b/bamboo_forest/00003488.jpg
6539,112.Great_Grey_Shrike/Great_Grey_Shrike_0083_797051.jpg,0,0,0,0,/b/bamboo_forest/00003937.jpg
1574,028.Brown_Creeper/Brown_Creeper_0100_24502.jpg,0,0,0,0,/b/bamboo_forest/00000915.jpg
9936,169.Magnolia_Warbler/Magnolia_Warbler_0092_165807.jpg,0,0,0,0,/b/bamboo_forest/00002999.jpg
1971,035.Purple_Finch/Purple_Finch_0049_27507.jpg,0,0,0,0,/f/forest/broadleaf/00001583.jpg
7377,126.Nelson_Sharp_tailed_Sparrow/Nelson_Sharp_Tailed_Sparrow_0067_796912.jpg,0,0,0,0,/b/bamboo_forest/00003178.jpg
1532,028.Brown_Creeper/Brown_Creeper_0114_24649.jpg,0,0,0,0,/b/bamboo_forest/00003437.jpg
9461,161.Blue_winged_Warbler/Blue_Winged_Warbler_0051_161766.jpg,0,0,0,0,/b/bamboo_forest/00004056.jpg
6848,117.Clay_colored_Sparrow/Clay_Colored_Sparrow_0005_110911.jpg,0,0,0,0,/b/bamboo_forest/00000020.jpg
3293,057.Rose_breasted_Grosbeak/Rose_Breasted_Grosbeak_0114_39770.jpg,0,0,0,0,/b/bamboo_forest/00004627.jpg
11455,195.Carolina_Wren/Carolina_Wren_0013_187086.jpg,0,0,0,0,/b/bamboo_forest/00003005.jpg
3996,069.Rufous_Hummingbird/Rufous_Hummingbird_0127_59587.jpg,0,0,0,0,/f/forest/broadleaf/00003022.jpg
6907,118.House_Sparrow/House_Sparrow_0104_113105.jpg,0,0,0,0,/f/forest/broadleaf/00004558.jpg
1790,032.Mangrove_Cuckoo/Mangrove_Cuckoo_0027_26360.jpg,0,0,0,0,/f/forest/broadleaf/00003133.jpg
228,004.Groove_billed_Ani/Groove_Billed_Ani_0065_1502.jpg,0,0,0,0,/b/bamboo_forest/00004818.jpg
11369,193.Bewick_Wren/Bewick_Wren_0049_185339.jpg,0,0,0,0,/f/forest/broadleaf/00002627.jpg
9575,163.Cape_May_Warbler/Cape_May_Warbler_0128_162971.jpg,0,0,0,0,/b/bamboo_forest/00001660.jpg
11698,199.Winter_Wren/Winter_Wren_0015_190099.jpg,0,0,0,0,/b/bamboo_forest/00002080.jpg
2196,039.Least_Flycatcher/Least_Flycatcher_0021_30355.jpg,0,0,0,0,/f/forest/broadleaf/00002663.jpg
8115,139.Scarlet_Tanager/Scarlet_Tanager_0042_138287.jpg,0,0,0,0,/b/bamboo_forest/00003223.jpg
6361,109.American_Redstart/American_Redstart_0067_103259.jpg,0,0,0,0,/b/bamboo_forest/00000038.jpg
7031,121.Grasshopper_Sparrow/Grasshopper_Sparrow_0039_115980.jpg,0,0,0,0,/b/bamboo_forest/00001711.jpg
9101,155.Warbling_Vireo/Warbling_Vireo_0097_158579.jpg,0,0,0,0,/b/bamboo_forest/00001910.jpg
6283,108.White_necked_Raven/White_Necked_Raven_0025_797346.jpg,0,0,0,0,/f/forest/broadleaf/00003294.jpg
3142,055.Evening_Grosbeak/Evening_Grosbeak_0072_37301.jpg,0,0,0,0,/b/bamboo_forest/00004311.jpg
4248,073.Blue_Jay/Blue_Jay_0054_61656.jpg,0,0,0,0,/f/forest/broadleaf/00004819.jpg
2734,048.European_Goldfinch/European_Goldfinch_0014_794672.jpg,0,0,0,0,/b/bamboo_forest/00003056.jpg
11657,198.Rock_Wren/Rock_Wren_0123_189405.jpg,0,0,0,0,/f/forest/broadleaf/00000161.jpg
10523,179.Tennessee_Warbler/Tennessee_Warbler_0033_174772.jpg,0,0,0,0,/b/bamboo_forest/00003571.jpg
7706,132.White_crowned_Sparrow/White_Crowned_Sparrow_0001_127115.jpg,0,0,0,0,/b/bamboo_forest/00004969.jpg
9415,161.Blue_winged_Warbler/Blue_Winged_Warbler_0059_162064.jpg,0,0,0,0,/b/bamboo_forest/00000106.jpg
10836,184.Louisiana_Waterthrush/Louisiana_Waterthrush_0080_177379.jpg,0,0,0,0,/b/bamboo_forest/00001028.jpg
4234,073.Blue_Jay/Blue_Jay_0027_63133.jpg,0,0,0,0,/f/forest/broadleaf/00003158.jpg
7711,132.White_crowned_Sparrow/White_Crowned_Sparrow_0094_128627.jpg,0,0,0,0,/f/forest/broadleaf/00004213.jpg
4471,077.Tropical_Kingbird/Tropical_Kingbird_0086_69759.jpg,0,0,0,0,/b/bamboo_forest/00004968.jpg
11722,199.Winter_Wren/Winter_Wren_0109_189850.jpg,0,0,0,0,/f/forest/broadleaf/00002727.jpg
3178,055.Evening_Grosbeak/Evening_Grosbeak_0065_37296.jpg,0,0,0,0,/b/bamboo_forest/00001582.jpg
9022,154.Red_eyed_Vireo/Red_Eyed_Vireo_0058_156965.jpg,0,0,0,0,/f/forest/broadleaf/00000163.jpg
1854,033.Yellow_billed_Cuckoo/Yellow_Billed_Cuckoo_0026_26794.jpg,0,0,0,0,/b/bamboo_forest/00003993.jpg
11034,188.Pileated_Woodpecker/Pileated_Woodpecker_0038_180300.jpg,0,0,0,0,/b/bamboo_forest/00002870.jpg
5800,099.Ovenbird/Ovenbird_0096_93131.jpg,0,0,0,0,/b/bamboo_forest/00003157.jpg
11634,198.Rock_Wren/Rock_Wren_0027_189331.jpg,0,0,0,0,/b/bamboo_forest/00002247.jpg
1027,019.Gray_Catbird/Gray_Catbird_0063_20707.jpg,0,0,0,0,/f/forest/broadleaf/00000341.jpg
8997,154.Red_eyed_Vireo/Red_Eyed_Vireo_0034_157219.jpg,0,0,0,0,/b/bamboo_forest/00002492.jpg
4069,070.Green_Violetear/Green_Violetear_0036_795635.jpg,0,0,0,0,/f/forest/broadleaf/00003736.jpg
3163,055.Evening_Grosbeak/Evening_Grosbeak_0104_37661.jpg,0,0,0,0,/f/forest/broadleaf/00001387.jpg
2125,038.Great_Crested_Flycatcher/Great_Crested_Flycatcher_0019_29801.jpg,0,0,0,0,/f/forest/broadleaf/00003723.jpg
4075,070.Green_Violetear/Green_Violetear_0095_795646.jpg,0,0,0,0,/b/bamboo_forest/00000171.jpg
479,009.Brewer_Blackbird/Brewer_Blackbird_0116_2327.jpg,0,0,0,0,/b/bamboo_forest/00000807.jpg
8953,153.Philadelphia_Vireo/Philadelphia_Vireo_0001_156554.jpg,0,0,0,0,/f/forest/broadleaf/00004920.jpg
7624,130.Tree_Sparrow/Tree_Sparrow_0108_124754.jpg,0,0,0,0,/b/bamboo_forest/00003198.jpg
1404,026.Bronzed_Cowbird/Bronzed_Cowbird_0057_24074.jpg,0,0,0,0,/f/forest/broadleaf/00001636.jpg
10466,178.Swainson_Warbler/Swainson_Warbler_0039_794859.jpg,0,0,0,0,/f/forest/broadleaf/00002825.jpg
1653,030.Fish_Crow/Fish_Crow_0025_25893.jpg,0,0,0,0,/b/bamboo_forest/00000897.jpg
3860,067.Anna_Hummingbird/Anna_Hummingbird_0042_55990.jpg,0,0,0,0,/f/forest/broadleaf/00001161.jpg
533,010.Red_winged_Blackbird/Red_Winged_Blackbird_0020_4050.jpg,0,0,0,0,/b/bamboo_forest/00001739.jpg
5804,099.Ovenbird/Ovenbird_0102_93172.jpg,0,0,0,0,/f/forest/broadleaf/00002850.jpg
5393,093.Clark_Nutcracker/Clark_Nutcracker_0020_85099.jpg,0,0,0,0,/b/bamboo_forest/00003419.jpg
8733,149.Brown_Thrasher/Brown_Thrasher_0121_155320.jpg,0,0,0,0,/f/forest/broadleaf/00004314.jpg
9376,160.Black_throated_Blue_Warbler/Black_Throated_Blue_Warbler_0024_161619.jpg,0,0,0,0,/b/bamboo_forest/00004035.jpg
1113,020.Yellow_breasted_Chat/Yellow_Breasted_Chat_0033_21873.jpg,0,0,0,0,/b/bamboo_forest/00003878.jpg
11487,195.Carolina_Wren/Carolina_Wren_0035_186356.jpg,0,0,0,0,/b/bamboo_forest/00002082.jpg
6974,120.Fox_Sparrow/Fox_Sparrow_0010_114728.jpg,0,0,0,0,/b/bamboo_forest/00000149.jpg
4018,070.Green_Violetear/Green_Violetear_0017_795652.jpg,0,0,0,0,/b/bamboo_forest/00004513.jpg
9815,167.Hooded_Warbler/Hooded_Warbler_0134_164708.jpg,0,0,0,0,/b/bamboo_forest/00001448.jpg
10622,181.Worm_eating_Warbler/Worm_Eating_Warbler_0092_795524.jpg,0,0,0,0,/b/bamboo_forest/00002322.jpg
7728,132.White_crowned_Sparrow/White_Crowned_Sparrow_0105_126818.jpg,0,0,0,0,/f/forest/broadleaf/00004556.jpg
4820,083.White_breasted_Kingfisher/White_Breasted_Kingfisher_0093_73311.jpg,0,0,0,0,/b/bamboo_forest/00000193.jpg
7685,131.Vesper_Sparrow/Vesper_Sparrow_0090_125690.jpg,0,0,0,0,/b/bamboo_forest/00002310.jpg
9671,165.Chestnut_sided_Warbler/Chestnut_Sided_Warbler_0104_163638.jpg,0,0,0,0,/b/bamboo_forest/00003784.jpg
9896,169.Magnolia_Warbler/Magnolia_Warbler_0018_165958.jpg,0,0,0,0,/b/bamboo_forest/00002776.jpg
4067,070.Green_Violetear/Green_Violetear_0050_795633.jpg,0,0,0,0,/b/bamboo_forest/00001538.jpg
209,004.Groove_billed_Ani/Groove_Billed_Ani_0072_1696.jpg,0,0,0,0,/f/forest/broadleaf/00000202.jpg
1680,030.Fish_Crow/Fish_Crow_0070_25504.jpg,0,0,0,0,/b/bamboo_forest/00004901.jpg
10020,171.Myrtle_Warbler/Myrtle_Warbler_0103_166963.jpg,0,0,0,0,/b/bamboo_forest/00004557.jpg
8766,150.Sage_Thrasher/Sage_Thrasher_0040_155667.jpg,0,0,0,0,/b/bamboo_forest/00000090.jpg
11099,189.Red_bellied_Woodpecker/Red_Bellied_Woodpecker_0112_180827.jpg,0,0,0,0,/b/bamboo_forest/00002675.jpg
2245,040.Olive_sided_Flycatcher/Olive_Sided_Flycatcher_0033_30532.jpg,0,0,0,0,/f/forest/broadleaf/00003244.jpg
6651,114.Black_throated_Sparrow/Black_Throated_Sparrow_0026_107198.jpg,0,0,0,0,/f/forest/broadleaf/00000817.jpg
4581,079.Belted_Kingfisher/Belted_Kingfisher_0041_70595.jpg,0,0,0,0,/b/bamboo_forest/00003798.jpg
884,016.Painted_Bunting/Painted_Bunting_0036_16563.jpg,0,0,0,0,/b/bamboo_forest/00000814.jpg
9391,160.Black_throated_Blue_Warbler/Black_Throated_Blue_Warbler_0005_161168.jpg,0,0,0,0,/f/forest/broadleaf/00003163.jpg
9827,167.Hooded_Warbler/Hooded_Warbler_0087_164833.jpg,0,0,0,0,/f/forest/broadleaf/00001900.jpg
11093,189.Red_bellied_Woodpecker/Red_Bellied_Woodpecker_0020_182335.jpg,0,0,0,0,/f/forest/broadleaf/00000119.jpg
11681,199.Winter_Wren/Winter_Wren_0072_189521.jpg,0,0,0,0,/f/forest/broadleaf/00001457.jpg
6990,120.Fox_Sparrow/Fox_Sparrow_0039_114816.jpg,0,0,0,0,/f/forest/broadleaf/00000390.jpg
660,013.Bobolink/Bobolink_0107_10252.jpg,0,0,0,0,/b/bamboo_forest/00004315.jpg
1557,028.Brown_Creeper/Brown_Creeper_0120_24955.jpg,0,0,0,0,/f/forest/broadleaf/00003209.jpg
746,014.Indigo_Bunting/Indigo_Bunting_0082_11907.jpg,0,0,0,0,/b/bamboo_forest/00002582.jpg
6220,107.Common_Raven/Common_Raven_0061_102519.jpg,0,0,0,0,/f/forest/broadleaf/00000854.jpg
10085,172.Nashville_Warbler/Nashville_Warbler_0048_167071.jpg,0,0,0,0,/f/forest/broadleaf/00004566.jpg
10867,185.Bohemian_Waxwing/Bohemian_Waxwing_0022_177642.jpg,0,0,0,0,/b/bamboo_forest/00003966.jpg
5424,093.Clark_Nutcracker/Clark_Nutcracker_0073_85343.jpg,0,0,0,0,/b/bamboo_forest/00003830.jpg
5561,095.Baltimore_Oriole/Baltimore_Oriole_0119_88022.jpg,0,0,0,0,/b/bamboo_forest/00004167.jpg
769,014.Indigo_Bunting/Indigo_Bunting_0039_12756.jpg,0,0,0,0,/b/bamboo_forest/00004125.jpg
1549,028.Brown_Creeper/Brown_Creeper_0049_24911.jpg,0,0,0,0,/f/forest/broadleaf/00000157.jpg
11036,188.Pileated_Woodpecker/Pileated_Woodpecker_0004_180307.jpg,0,0,0,0,/f/forest/broadleaf/00001744.jpg
10539,179.Tennessee_Warbler/Tennessee_Warbler_0044_174824.jpg,0,0,0,0,/b/bamboo_forest/00001968.jpg
3117,054.Blue_Grosbeak/Blue_Grosbeak_0023_37069.jpg,0,0,0,0,/b/bamboo_forest/00002479.jpg
3932,068.Ruby_throated_Hummingbird/Ruby_Throated_Hummingbird_0111_58141.jpg,0,0,0,0,/b/bamboo_forest/00004025.jpg
7698,132.White_crowned_Sparrow/White_Crowned_Sparrow_0115_126027.jpg,0,0,0,0,/b/bamboo_forest/00000989.jpg
10687,182.Yellow_Warbler/Yellow_Warbler_0119_176485.jpg,0,0,0,0,/b/bamboo_forest/00002355.jpg
547,011.Rusty_Blackbird/Rusty_Blackbird_0054_6676.jpg,0,0,0,0,/b/bamboo_forest/00000548.jpg
5997,103.Sayornis/Sayornis_0098_98419.jpg,0,0,0,0,/b/bamboo_forest/00002298.jpg
11440,195.Carolina_Wren/Carolina_Wren_0038_186436.jpg,0,0,0,0,/b/bamboo_forest/00001006.jpg
11272,192.Downy_Woodpecker/Downy_Woodpecker_0090_183964.jpg,0,0,0,0,/f/forest/broadleaf/00000283.jpg
10512,179.Tennessee_Warbler/Tennessee_Warbler_0067_174999.jpg,0,0,0,0,/f/forest/broadleaf/00003094.jpg
7003,120.Fox_Sparrow/Fox_Sparrow_0075_114920.jpg,0,0,0,0,/f/forest/broadleaf/00003236.jpg
11309,192.Downy_Woodpecker/Downy_Woodpecker_0043_184314.jpg,0,0,0,0,/f/forest/broadleaf/00004661.jpg
6726,115.Brewer_Sparrow/Brewer_Sparrow_0023_107489.jpg,0,0,0,0,/b/bamboo_forest/00000081.jpg
3208,056.Pine_Grosbeak/Pine_Grosbeak_0068_38981.jpg,0,0,0,0,/b/bamboo_forest/00004302.jpg
527,010.Red_winged_Blackbird/Red_Winged_Blackbird_0081_6081.jpg,0,0,0,0,/b/bamboo_forest/00000984.jpg
946,017.Cardinal/Cardinal_0104_17122.jpg,0,0,0,0,/b/bamboo_forest/00002243.jpg
2729,048.European_Goldfinch/European_Goldfinch_0103_794664.jpg,0,0,0,0,/f/forest/broadleaf/00004206.jpg
11294,192.Downy_Woodpecker/Downy_Woodpecker_0031_184120.jpg,0,0,0,0,/f/forest/broadleaf/00000203.jpg
1699,030.Fish_Crow/Fish_Crow_0043_25847.jpg,0,0,0,0,/b/bamboo_forest/00004102.jpg
8721,149.Brown_Thrasher/Brown_Thrasher_0126_155199.jpg,0,0,0,0,/b/bamboo_forest/00004913.jpg
2133,038.Great_Crested_Flycatcher/Great_Crested_Flycatcher_0009_29831.jpg,0,0,0,0,/f/forest/broadleaf/00002469.jpg
5737,098.Scott_Oriole/Scott_Oriole_0067_795858.jpg,0,0,0,0,/f/forest/broadleaf/00004879.jpg
7136,122.Harris_Sparrow/Harris_Sparrow_0018_116402.jpg,0,0,0,0,/b/bamboo_forest/00003015.jpg
10843,185.Bohemian_Waxwing/Bohemian_Waxwing_0075_796678.jpg,0,0,0,0,/b/bamboo_forest/00004762.jpg
833,015.Lazuli_Bunting/Lazuli_Bunting_0014_14824.jpg,0,0,0,0,/b/bamboo_forest/00001734.jpg
9929,169.Magnolia_Warbler/Magnolia_Warbler_0041_165709.jpg,0,0,0,0,/f/forest/broadleaf/00002480.jpg
1023,019.Gray_Catbird/Gray_Catbird_0100_20674.jpg,0,0,0,0,/b/bamboo_forest/00004108.jpg
10354,176.Prairie_Warbler/Prairie_Warbler_0050_173281.jpg,0,0,0,0,/b/bamboo_forest/00004282.jpg
222,004.Groove_billed_Ani/Groove_Billed_Ani_0056_1493.jpg,0,0,0,0,/f/forest/broadleaf/00000074.jpg
10103,172.Nashville_Warbler/Nashville_Warbler_0023_167242.jpg,0,0,0,0,/f/forest/broadleaf/00004666.jpg
713,013.Bobolink/Bobolink_0124_10182.jpg,0,0,0,0,/b/bamboo_forest/00002644.jpg
2749,048.European_Goldfinch/European_Goldfinch_0052_33082.jpg,0,0,0,0,/b/bamboo_forest/00003199.jpg
7751,133.White_throated_Sparrow/White_Throated_Sparrow_0034_129054.jpg,0,0,0,0,/b/bamboo_forest/00002401.jpg
10558,180.Wilson_Warbler/Wilson_Warbler_0010_175750.jpg,0,0,0,0,/f/forest/broadleaf/00003469.jpg
1877,034.Gray_crowned_Rosy_Finch/Gray_Crowned_Rosy_Finch_0074_27156.jpg,0,0,0,0,/f/forest/broadleaf/00003649.jpg
11471,195.Carolina_Wren/Carolina_Wren_0029_186212.jpg,0,0,0,0,/b/bamboo_forest/00000474.jpg
8769,150.Sage_Thrasher/Sage_Thrasher_0076_796445.jpg,0,0,0,0,/f/forest/broadleaf/00001728.jpg
7274,125.Lincoln_Sparrow/Lincoln_Sparrow_0119_117270.jpg,0,0,0,0,/b/bamboo_forest/00000759.jpg
11605,197.Marsh_Wren/Marsh_Wren_0036_188374.jpg,0,0,0,0,/b/bamboo_forest/00000117.jpg
2110,037.Acadian_Flycatcher/Acadian_Flycatcher_0040_795629.jpg,0,0,0,0,/f/forest/broadleaf/00002477.jpg
9741,166.Golden_winged_Warbler/Golden_Winged_Warbler_0009_794813.jpg,0,0,0,0,/f/forest/broadleaf/00000403.jpg
4061,070.Green_Violetear/Green_Violetear_0027_60841.jpg,0,0,0,0,/b/bamboo_forest/00004203.jpg
10698,182.Yellow_Warbler/Yellow_Warbler_0083_176292.jpg,0,0,0,0,/f/forest/broadleaf/00003211.jpg
8179,140.Summer_Tanager/Summer_Tanager_0099_139310.jpg,0,0,0,0,/b/bamboo_forest/00004839.jpg
4343,075.Green_Jay/Green_Jay_0051_65662.jpg,0,0,0,0,/b/bamboo_forest/00000261.jpg
491,010.Red_winged_Blackbird/Red_Winged_Blackbird_0005_5636.jpg,0,0,0,0,/b/bamboo_forest/00000364.jpg
8860,151.Black_capped_Vireo/Black_Capped_Vireo_0016_797489.jpg,0,0,0,0,/b/bamboo_forest/00002170.jpg
4575,079.Belted_Kingfisher/Belted_Kingfisher_0055_70517.jpg,0,0,0,0,/f/forest/broadleaf/00000308.jpg
2187,039.Least_Flycatcher/Least_Flycatcher_0092_30154.jpg,0,0,0,0,/f/forest/broadleaf/00001152.jpg
10966,187.American_Three_toed_Woodpecker/American_Three_Toed_Woodpecker_0039_796168.jpg,0,0,0,0,/b/bamboo_forest/00002744.jpg
5553,095.Baltimore_Oriole/Baltimore_Oriole_0050_89750.jpg,0,0,0,0,/b/bamboo_forest/00000677.jpg
5646,097.Orchard_Oriole/Orchard_Oriole_0006_91724.jpg,0,0,0,0,/f/forest/broadleaf/00002131.jpg
5313,091.Mockingbird/Mockingbird_0086_81868.jpg,0,0,0,0,/f/forest/broadleaf/00000502.jpg
11647,198.Rock_Wren/Rock_Wren_0080_189340.jpg,0,0,0,0,/b/bamboo_forest/00003029.jpg
10372,177.Prothonotary_Warbler/Prothonotary_Warbler_0046_174104.jpg,0,0,0,0,/f/forest/broadleaf/00003210.jpg
8656,148.Green_tailed_Towhee/Green_Tailed_Towhee_0054_154938.jpg,0,0,0,0,/b/bamboo_forest/00003478.jpg
542,010.Red_winged_Blackbird/Red_Winged_Blackbird_0055_4345.jpg,0,0,0,0,/b/bamboo_forest/00000111.jpg
1732,031.Black_billed_Cuckoo/Black_Billed_Cuckoo_0058_795292.jpg,0,0,0,0,/b/bamboo_forest/00004144.jpg
3890,067.Anna_Hummingbird/Anna_Hummingbird_0050_56794.jpg,0,0,0,0,/f/forest/broadleaf/00004329.jpg
6899,118.House_Sparrow/House_Sparrow_0128_110971.jpg,0,0,0,0,/b/bamboo_forest/00002430.jpg
4495,078.Gray_Kingbird/Gray_Kingbird_0022_70155.jpg,0,0,0,0,/f/forest/broadleaf/00003490.jpg
6407,110.Geococcyx/Geococcyx_0036_104173.jpg,0,0,0,0,/b/bamboo_forest/00004593.jpg
11474,195.Carolina_Wren/Carolina_Wren_0107_186972.jpg,0,0,0,0,/f/forest/broadleaf/00002448.jpg
10511,179.Tennessee_Warbler/Tennessee_Warbler_0004_174997.jpg,0,0,0,0,/f/forest/broadleaf/00002624.jpg
9840,168.Kentucky_Warbler/Kentucky_Warbler_0079_165339.jpg,0,0,0,0,/b/bamboo_forest/00004888.jpg
1758,031.Black_billed_Cuckoo/Black_Billed_Cuckoo_0054_26313.jpg,0,0,0,0,/f/forest/broadleaf/00000399.jpg
11426,194.Cactus_Wren/Cactus_Wren_0016_185582.jpg,0,0,0,0,/f/forest/broadleaf/00004086.jpg
2422,043.Yellow_bellied_Flycatcher/Yellow_Bellied_Flycatcher_0006_795473.jpg,0,0,0,0,/b/bamboo_forest/00004002.jpg
925,017.Cardinal/Cardinal_0007_18537.jpg,0,0,0,0,/b/bamboo_forest/00000878.jpg
939,017.Cardinal/Cardinal_0092_17591.jpg,0,0,0,0,/b/bamboo_forest/00001782.jpg
8804,150.Sage_Thrasher/Sage_Thrasher_0014_155541.jpg,0,0,0,0,/f/forest/broadleaf/00004654.jpg
10693,182.Yellow_Warbler/Yellow_Warbler_0049_176526.jpg,0,0,0,0,/f/forest/broadleaf/00000456.jpg
7598,130.Tree_Sparrow/Tree_Sparrow_0039_124140.jpg,0,0,0,0,/f/forest/broadleaf/00002886.jpg
806,015.Lazuli_Bunting/Lazuli_Bunting_0067_14672.jpg,0,0,0,0,/b/bamboo_forest/00004121.jpg
6515,112.Great_Grey_Shrike/Great_Grey_Shrike_0003_106552.jpg,0,0,0,0,/b/bamboo_forest/00001649.jpg
11436,195.Carolina_Wren/Carolina_Wren_0047_186928.jpg,0,0,0,0,/b/bamboo_forest/00000082.jpg
6311,108.White_necked_Raven/White_Necked_Raven_0051_797383.jpg,0,0,0,0,/f/forest/broadleaf/00003233.jpg
11433,195.Carolina_Wren/Carolina_Wren_0117_186916.jpg,0,0,0,0,/f/forest/broadleaf/00001026.jpg
10170,173.Orange_crowned_Warbler/Orange_Crowned_Warbler_0001_167660.jpg,0,0,0,0,/f/forest/broadleaf/00002819.jpg
1970,035.Purple_Finch/Purple_Finch_0013_27506.jpg,0,0,0,0,/b/bamboo_forest/00000086.jpg
8043,137.Cliff_Swallow/Cliff_Swallow_0055_133624.jpg,0,0,0,0,/f/forest/broadleaf/00003653.jpg
7797,133.White_throated_Sparrow/White_Throated_Sparrow_0069_128951.jpg,0,0,0,0,/b/bamboo_forest/00003906.jpg
1537,028.Brown_Creeper/Brown_Creeper_0063_24724.jpg,0,0,0,0,/b/bamboo_forest/00004616.jpg
4269,074.Florida_Jay/Florida_Jay_0071_64993.jpg,0,0,0,0,/f/forest/broadleaf/00002558.jpg
9237,158.Bay_breasted_Warbler/Bay_Breasted_Warbler_0062_159783.jpg,0,0,0,0,/b/bamboo_forest/00004575.jpg
5418,093.Clark_Nutcracker/Clark_Nutcracker_0067_85302.jpg,0,0,0,0,/b/bamboo_forest/00004204.jpg
5396,093.Clark_Nutcracker/Clark_Nutcracker_0138_85633.jpg,0,0,0,0,/b/bamboo_forest/00003154.jpg
8663,148.Green_tailed_Towhee/Green_Tailed_Towhee_0076_154999.jpg,0,0,0,0,/b/bamboo_forest/00004663.jpg
3145,055.Evening_Grosbeak/Evening_Grosbeak_0133_37976.jpg,0,0,0,0,/f/forest/broadleaf/00003701.jpg
6117,105.Whip_poor_Will/Whip_Poor_Will_0013_796439.jpg,0,0,0,0,/f/forest/broadleaf/00000252.jpg
1418,026.Bronzed_Cowbird/Bronzed_Cowbird_0089_796220.jpg,0,0,0,0,/b/bamboo_forest/00004820.jpg
11345,193.Bewick_Wren/Bewick_Wren_0034_185130.jpg,0,0,0,0,/b/bamboo_forest/00003039.jpg
11569,197.Marsh_Wren/Marsh_Wren_0006_188126.jpg,0,0,0,0,/b/bamboo_forest/00003341.jpg
7773,133.White_throated_Sparrow/White_Throated_Sparrow_0021_128804.jpg,0,0,0,0,/b/bamboo_forest/00001334.jpg
6946,119.Field_Sparrow/Field_Sparrow_0043_113607.jpg,0,0,0,0,/b/bamboo_forest/00004885.jpg
9562,163.Cape_May_Warbler/Cape_May_Warbler_0081_162936.jpg,0,0,0,0,/f/forest/broadleaf/00000219.jpg
11579,197.Marsh_Wren/Marsh_Wren_0094_188710.jpg,0,0,0,0,/f/forest/broadleaf/00000946.jpg
9592,164.Cerulean_Warbler/Cerulean_Warbler_0091_163331.jpg,0,0,0,0,/b/bamboo_forest/00003841.jpg
10931,186.Cedar_Waxwing/Cedar_Waxwing_0125_178921.jpg,0,0,0,0,/b/bamboo_forest/00001700.jpg
819,015.Lazuli_Bunting/Lazuli_Bunting_0046_14787.jpg,0,0,0,0,/b/bamboo_forest/00000191.jpg
11317,193.Bewick_Wren/Bewick_Wren_0023_185400.jpg,0,0,0,0,/f/forest/broadleaf/00002149.jpg
1078,020.Yellow_breasted_Chat/Yellow_Breasted_Chat_0068_21860.jpg,0,0,0,0,/b/bamboo_forest/00000378.jpg
1827,033.Yellow_billed_Cuckoo/Yellow_Billed_Cuckoo_0045_26685.jpg,0,0,0,0,/f/forest/broadleaf/00002093.jpg
4770,082.Ringed_Kingfisher/Ringed_Kingfisher_0077_72872.jpg,0,0,0,0,/f/forest/broadleaf/00000545.jpg
9951,170.Mourning_Warbler/Mourning_Warbler_0081_166434.jpg,0,0,0,0,/b/bamboo_forest/00002721.jpg
2233,040.Olive_sided_Flycatcher/Olive_Sided_Flycatcher_0064_30485.jpg,0,0,0,0,/f/forest/broadleaf/00002212.jpg
10814,184.Louisiana_Waterthrush/Louisiana_Waterthrush_0029_795262.jpg,0,0,0,0,/f/forest/broadleaf/00004628.jpg
8949,153.Philadelphia_Vireo/Philadelphia_Vireo_0070_794758.jpg,0,0,0,0,/b/bamboo_forest/00001346.jpg
2654,047.American_Goldfinch/American_Goldfinch_0133_32802.jpg,0,0,0,0,/f/forest/broadleaf/00002388.jpg
7318,125.Lincoln_Sparrow/Lincoln_Sparrow_0088_117634.jpg,0,0,0,0,/f/forest/broadleaf/00004005.jpg
6563,113.Baird_Sparrow/Baird_Sparrow_0009_106882.jpg,0,0,0,0,/b/bamboo_forest/00001283.jpg
10171,173.Orange_crowned_Warbler/Orange_Crowned_Warbler_0034_168185.jpg,0,0,0,0,/b/bamboo_forest/00002180.jpg
10958,186.Cedar_Waxwing/Cedar_Waxwing_0096_178164.jpg,0,0,0,0,/f/forest/broadleaf/00004237.jpg
3070,054.Blue_Grosbeak/Blue_Grosbeak_0066_36632.jpg,0,0,0,0,/f/forest/broadleaf/00002003.jpg
1772,032.Mangrove_Cuckoo/Mangrove_Cuckoo_0015_26380.jpg,0,0,0,0,/f/forest/broadleaf/00001169.jpg
8724,149.Brown_Thrasher/Brown_Thrasher_0019_155216.jpg,0,0,0,0,/b/bamboo_forest/00001429.jpg
4320,075.Green_Jay/Green_Jay_0121_65564.jpg,0,0,0,0,/f/forest/broadleaf/00003606.jpg
7742,132.White_crowned_Sparrow/White_Crowned_Sparrow_0119_126932.jpg,0,0,0,0,/b/bamboo_forest/00004842.jpg
11752,200.Common_Yellowthroat/Common_Yellowthroat_0010_190572.jpg,0,0,0,0,/b/bamboo_forest/00002271.jpg
1214,022.Chuck_will_Widow/Chuck_Will_Widow_0006_796986.jpg,0,0,0,0,/f/forest/broadleaf/00000110.jpg
9357,160.Black_throated_Blue_Warbler/Black_Throated_Blue_Warbler_0121_161418.jpg,0,0,0,0,/f/forest/broadleaf/00001024.jpg
6751,116.Chipping_Sparrow/Chipping_Sparrow_0039_107864.jpg,0,0,0,0,/f/forest/broadleaf/00001310.jpg
1765,032.Mangrove_Cuckoo/Mangrove_Cuckoo_0051_794627.jpg,0,0,0,0,/b/bamboo_forest/00001458.jpg
9207,157.Yellow_throated_Vireo/Yellow_Throated_Vireo_0041_794998.jpg,0,0,0,0,/b/bamboo_forest/00001737.jpg
2369,042.Vermilion_Flycatcher/Vermilion_Flycatcher_0022_42559.jpg,0,0,0,0,/b/bamboo_forest/00002270.jpg
4278,074.Florida_Jay/Florida_Jay_0085_65129.jpg,0,0,0,0,/f/forest/broadleaf/00000178.jpg
9753,166.Golden_winged_Warbler/Golden_Winged_Warbler_0044_794836.jpg,0,0,0,0,/f/forest/broadleaf/00000678.jpg
10459,178.Swainson_Warbler/Swainson_Warbler_0017_174685.jpg,0,0,0,0,/b/bamboo_forest/00004977.jpg
10461,178.Swainson_Warbler/Swainson_Warbler_0037_174691.jpg,0,0,0,0,/f/forest/broadleaf/00000911.jpg
9424,161.Blue_winged_Warbler/Blue_Winged_Warbler_0075_161844.jpg,0,0,0,0,/f/forest/broadleaf/00003546.jpg
10474,178.Swainson_Warbler/Swainson_Warbler_0022_794868.jpg,0,0,0,0,/f/forest/broadleaf/00004122.jpg
6320,108.White_necked_Raven/White_Necked_Raven_0041_797394.jpg,0,0,0,0,/b/bamboo_forest/00003349.jpg
7334,126.Nelson_Sharp_tailed_Sparrow/Nelson_Sharp_Tailed_Sparrow_0033_118024.jpg,0,0,0,0,/f/forest/broadleaf/00003184.jpg
6916,119.Field_Sparrow/Field_Sparrow_0025_113683.jpg,0,0,0,0,/b/bamboo_forest/00002925.jpg
10099,172.Nashville_Warbler/Nashville_Warbler_0079_167213.jpg,0,0,0,0,/f/forest/broadleaf/00000952.jpg
2401,042.Vermilion_Flycatcher/Vermilion_Flycatcher_0054_42210.jpg,0,0,0,0,/b/bamboo_forest/00001804.jpg
1721,031.Black_billed_Cuckoo/Black_Billed_Cuckoo_0055_26223.jpg,0,0,0,0,/f/forest/broadleaf/00001674.jpg
7465,128.Seaside_Sparrow/Seaside_Sparrow_0023_796525.jpg,0,0,0,0,/b/bamboo_forest/00001115.jpg
9086,155.Warbling_Vireo/Warbling_Vireo_0107_158453.jpg,0,0,0,0,/f/forest/broadleaf/00004589.jpg
8701,148.Green_tailed_Towhee/Green_Tailed_Towhee_0036_154875.jpg,0,0,0,0,/f/forest/broadleaf/00001762.jpg
10996,187.American_Three_toed_Woodpecker/American_Three_Toed_Woodpecker_0016_179927.jpg,0,0,0,0,/f/forest/broadleaf/00000964.jpg
4511,078.Gray_Kingbird/Gray_Kingbird_0045_70256.jpg,0,0,0,0,/f/forest/broadleaf/00002053.jpg
730,014.Indigo_Bunting/Indigo_Bunting_0017_11574.jpg,0,0,0,0,/f/forest/broadleaf/00003991.jpg
1787,032.Mangrove_Cuckoo/Mangrove_Cuckoo_0034_26415.jpg,0,0,0,0,/f/forest/broadleaf/00001032.jpg
4356,075.Green_Jay/Green_Jay_0086_65847.jpg,0,0,0,0,/b/bamboo_forest/00004493.jpg
6847,117.Clay_colored_Sparrow/Clay_Colored_Sparrow_0061_110830.jpg,0,0,0,0,/f/forest/broadleaf/00003633.jpg
655,012.Yellow_headed_Blackbird/Yellow_Headed_Blackbird_0084_8435.jpg,0,0,0,0,/f/forest/broadleaf/00004404.jpg
10001,170.Mourning_Warbler/Mourning_Warbler_0078_795377.jpg,0,0,0,0,/b/bamboo_forest/00002217.jpg
7084,121.Grasshopper_Sparrow/Grasshopper_Sparrow_0003_115676.jpg,0,0,0,0,/f/forest/broadleaf/00001552.jpg
6607,113.Baird_Sparrow/Baird_Sparrow_0038_794592.jpg,0,0,0,0,/f/forest/broadleaf/00002264.jpg
11784,200.Common_Yellowthroat/Common_Yellowthroat_0037_190698.jpg,0,0,0,0,/b/bamboo_forest/00000246.jpg
1774,032.Mangrove_Cuckoo/Mangrove_Cuckoo_0012_26382.jpg,0,0,0,0,/f/forest/broadleaf/00002027.jpg
4254,073.Blue_Jay/Blue_Jay_0086_63394.jpg,0,0,0,0,/f/forest/broadleaf/00003965.jpg
6294,108.White_necked_Raven/White_Necked_Raven_0036_797359.jpg,0,0,0,0,/b/bamboo_forest/00001954.jpg
4223,073.Blue_Jay/Blue_Jay_0051_63339.jpg,0,0,0,0,/b/bamboo_forest/00000095.jpg
7376,126.Nelson_Sharp_tailed_Sparrow/Nelson_Sharp_Tailed_Sparrow_0042_796911.jpg,0,0,0,0,/f/forest/broadleaf/00001849.jpg
6520,112.Great_Grey_Shrike/Great_Grey_Shrike_0079_797018.jpg,0,0,0,0,/f/forest/broadleaf/00004258.jpg
7088,121.Grasshopper_Sparrow/Grasshopper_Sparrow_0019_115958.jpg,0,0,0,0,/f/forest/broadleaf/00001643.jpg
2333,041.Scissor_tailed_Flycatcher/Scissor_Tailed_Flycatcher_0021_41931.jpg,0,0,0,0,/f/forest/broadleaf/00002698.jpg
6659,114.Black_throated_Sparrow/Black_Throated_Sparrow_0088_107220.jpg,0,0,0,0,/f/forest/broadleaf/00004912.jpg
8716,149.Brown_Thrasher/Brown_Thrasher_0045_155182.jpg,0,0,0,0,/b/bamboo_forest/00002295.jpg
2224,039.Least_Flycatcher/Least_Flycatcher_0063_30190.jpg,0,0,0,0,/b/bamboo_forest/00004905.jpg
10197,174.Palm_Warbler/Palm_Warbler_0056_168740.jpg,0,0,0,0,/f/forest/broadleaf/00003193.jpg
7688,132.White_crowned_Sparrow/White_Crowned_Sparrow_0087_128008.jpg,0,0,0,0,/f/forest/broadleaf/00003062.jpg
9480,162.Canada_Warbler/Canada_Warbler_0039_162330.jpg,0,0,0,0,/f/forest/broadleaf/00004149.jpg
6535,112.Great_Grey_Shrike/Great_Grey_Shrike_0045_797047.jpg,0,0,0,0,/f/forest/broadleaf/00001696.jpg
9764,166.Golden_winged_Warbler/Golden_Winged_Warbler_0062_794850.jpg,0,0,0,0,/b/bamboo_forest/00000050.jpg
11015,188.Pileated_Woodpecker/Pileated_Woodpecker_0089_179969.jpg,0,0,0,0,/f/forest/broadleaf/00001251.jpg
7444,127.Savannah_Sparrow/Savannah_Sparrow_0137_119757.jpg,0,0,0,0,/b/bamboo_forest/00002795.jpg
2447,043.Yellow_bellied_Flycatcher/Yellow_Bellied_Flycatcher_0034_795511.jpg,0,0,0,0,/b/bamboo_forest/00004195.jpg
8912,152.Blue_headed_Vireo/Blue_Headed_Vireo_0097_156272.jpg,0,0,0,0,/b/bamboo_forest/00004172.jpg
8180,140.Summer_Tanager/Summer_Tanager_0025_139320.jpg,0,0,0,0,/b/bamboo_forest/00000817.jpg
9812,167.Hooded_Warbler/Hooded_Warbler_0062_165199.jpg,0,0,0,0,/b/bamboo_forest/00001728.jpg
8142,139.Scarlet_Tanager/Scarlet_Tanager_0033_137603.jpg,0,0,0,0,/b/bamboo_forest/00002932.jpg
9400,160.Black_throated_Blue_Warbler/Black_Throated_Blue_Warbler_0037_161707.jpg,0,0,0,0,/f/forest/broadleaf/00002109.jpg
202,004.Groove_billed_Ani/Groove_Billed_Ani_0051_1650.jpg,0,0,0,0,/b/bamboo_forest/00000971.jpg
8765,150.Sage_Thrasher/Sage_Thrasher_0066_155666.jpg,0,0,0,0,/f/forest/broadleaf/00000011.jpg
490,010.Red_winged_Blackbird/Red_Winged_Blackbird_0075_4953.jpg,0,0,0,0,/b/bamboo_forest/00002737.jpg
7816,134.Cape_Glossy_Starling/Cape_Glossy_Starling_0070_129322.jpg,0,0,0,0,/f/forest/broadleaf/00001381.jpg
2304,041.Scissor_tailed_Flycatcher/Scissor_Tailed_Flycatcher_0026_41774.jpg,0,0,0,0,/f/forest/broadleaf/00001011.jpg
4066,070.Green_Violetear/Green_Violetear_0021_795632.jpg,0,0,0,0,/b/bamboo_forest/00001654.jpg
7098,122.Harris_Sparrow/Harris_Sparrow_0028_116656.jpg,0,0,0,0,/f/forest/broadleaf/00004585.jpg
10956,186.Cedar_Waxwing/Cedar_Waxwing_0041_179183.jpg,0,0,0,0,/b/bamboo_forest/00003816.jpg
860,016.Painted_Bunting/Painted_Bunting_0005_15202.jpg,0,0,0,0,/f/forest/broadleaf/00001821.jpg
9965,170.Mourning_Warbler/Mourning_Warbler_0073_166524.jpg,0,0,0,0,/b/bamboo_forest/00000674.jpg
11006,187.American_Three_toed_Woodpecker/American_Three_Toed_Woodpecker_0041_796150.jpg,0,0,0,0,/b/bamboo_forest/00001406.jpg
9642,164.Cerulean_Warbler/Cerulean_Warbler_0076_163294.jpg,0,0,0,0,/f/forest/broadleaf/00001006.jpg
9938,169.Magnolia_Warbler/Magnolia_Warbler_0015_165817.jpg,0,0,0,0,/b/bamboo_forest/00004063.jpg
10346,176.Prairie_Warbler/Prairie_Warbler_0106_173071.jpg,0,0,0,0,/f/forest/broadleaf/00003897.jpg
5477,094.White_breasted_Nuthatch/White_Breasted_Nuthatch_0142_86805.jpg,0,0,0,0,/f/forest/broadleaf/00001400.jpg
6075,104.American_Pipit/American_Pipit_0067_100237.jpg,0,0,0,0,/f/forest/broadleaf/00001934.jpg
1752,031.Black_billed_Cuckoo/Black_Billed_Cuckoo_0061_795327.jpg,0,0,0,0,/f/forest/broadleaf/00001179.jpg
10702,182.Yellow_Warbler/Yellow_Warbler_0056_176320.jpg,0,0,0,0,/b/bamboo_forest/00000725.jpg
1438,026.Bronzed_Cowbird/Bronzed_Cowbird_0008_796250.jpg,0,0,0,0,/f/forest/broadleaf/00001924.jpg
10184,173.Orange_crowned_Warbler/Orange_Crowned_Warbler_0057_168424.jpg,0,0,0,0,/b/bamboo_forest/00000472.jpg
1608,029.American_Crow/American_Crow_0134_25206.jpg,0,0,0,0,/b/bamboo_forest/00001045.jpg
11484,195.Carolina_Wren/Carolina_Wren_0033_186848.jpg,0,0,0,0,/b/bamboo_forest/00002736.jpg
1642,030.Fish_Crow/Fish_Crow_0068_25859.jpg,0,0,0,0,/f/forest/broadleaf/00004461.jpg
11710,199.Winter_Wren/Winter_Wren_0065_189675.jpg,0,0,0,0,/f/forest/broadleaf/00001970.jpg
7427,127.Savannah_Sparrow/Savannah_Sparrow_0052_118583.jpg,0,0,0,0,/f/forest/broadleaf/00000862.jpg
1711,031.Black_billed_Cuckoo/Black_Billed_Cuckoo_0086_26188.jpg,0,0,0,0,/f/forest/broadleaf/00004411.jpg
9531,163.Cape_May_Warbler/Cape_May_Warbler_0001_139008.jpg,0,0,0,0,/b/bamboo_forest/00002861.jpg
10980,187.American_Three_toed_Woodpecker/American_Three_Toed_Woodpecker_0013_179833.jpg,0,0,0,0,/f/forest/broadleaf/00003265.jpg
482,009.Brewer_Blackbird/Brewer_Blackbird_0079_2343.jpg,0,0,0,0,/b/bamboo_forest/00003832.jpg
1056,019.Gray_Catbird/Gray_Catbird_0129_20987.jpg,0,0,0,0,/b/bamboo_forest/00001771.jpg
5270,091.Mockingbird/Mockingbird_0015_80652.jpg,0,0,0,0,/f/forest/broadleaf/00000673.jpg
11151,190.Red_cockaded_Woodpecker/Red_Cockaded_Woodpecker_0004_182340.jpg,0,0,0,0,/b/bamboo_forest/00000125.jpg
11254,192.Downy_Woodpecker/Downy_Woodpecker_0030_184368.jpg,0,0,0,0,/b/bamboo_forest/00001823.jpg
8893,152.Blue_headed_Vireo/Blue_Headed_Vireo_0082_155965.jpg,0,0,0,0,/f/forest/broadleaf/00004686.jpg
216,004.Groove_billed_Ani/Groove_Billed_Ani_0091_1728.jpg,0,0,0,0,/f/forest/broadleaf/00004711.jpg
4044,070.Green_Violetear/Green_Violetear_0080_795716.jpg,0,0,0,0,/b/bamboo_forest/00003768.jpg
7977,136.Barn_Swallow/Barn_Swallow_0065_131555.jpg,0,0,0,0,/b/bamboo_forest/00004161.jpg
1074,020.Yellow_breasted_Chat/Yellow_Breasted_Chat_0044_22106.jpg,0,0,0,0,/b/bamboo_forest/00001614.jpg
4608,079.Belted_Kingfisher/Belted_Kingfisher_0035_70644.jpg,0,0,0,0,/b/bamboo_forest/00004411.jpg
11358,193.Bewick_Wren/Bewick_Wren_0088_184733.jpg,0,0,0,0,/f/forest/broadleaf/00003102.jpg
5586,096.Hooded_Oriole/Hooded_Oriole_0055_90850.jpg,0,0,0,0,/f/forest/broadleaf/00002983.jpg
4573,079.Belted_Kingfisher/Belted_Kingfisher_0031_70506.jpg,0,0,0,0,/f/forest/broadleaf/00001184.jpg
10208,174.Palm_Warbler/Palm_Warbler_0028_169670.jpg,0,0,0,0,/b/bamboo_forest/00002875.jpg
11139,190.Red_cockaded_Woodpecker/Red_Cockaded_Woodpecker_0020_182683.jpg,0,0,0,0,/f/forest/broadleaf/00000352.jpg
6458,111.Loggerhead_Shrike/Loggerhead_Shrike_0024_105593.jpg,0,0,0,0,/f/forest/broadleaf/00000566.jpg
7561,129.Song_Sparrow/Song_Sparrow_0135_121261.jpg,0,0,0,0,/b/bamboo_forest/00003425.jpg
5467,094.White_breasted_Nuthatch/White_Breasted_Nuthatch_0039_86166.jpg,0,0,0,0,/b/bamboo_forest/00003092.jpg
11332,193.Bewick_Wren/Bewick_Wren_0015_184981.jpg,0,0,0,0,/b/bamboo_forest/00001945.jpg
1706,031.Black_billed_Cuckoo/Black_Billed_Cuckoo_0084_26175.jpg,0,0,0,0,/f/forest/broadleaf/00002002.jpg
828,015.Lazuli_Bunting/Lazuli_Bunting_0055_15043.jpg,0,0,0,0,/b/bamboo_forest/00003020.jpg
9417,161.Blue_winged_Warbler/Blue_Winged_Warbler_0091_162051.jpg,0,0,0,0,/b/bamboo_forest/00004639.jpg
8209,140.Summer_Tanager/Summer_Tanager_0058_139427.jpg,0,0,0,0,/b/bamboo_forest/00003580.jpg
6288,108.White_necked_Raven/White_Necked_Raven_0055_797352.jpg,0,0,0,0,/b/bamboo_forest/00004356.jpg
5433,093.Clark_Nutcracker/Clark_Nutcracker_0087_84898.jpg,0,0,0,0,/b/bamboo_forest/00000418.jpg
5658,097.Orchard_Oriole/Orchard_Oriole_0092_92128.jpg,0,0,0,0,/b/bamboo_forest/00000192.jpg
6003,103.Sayornis/Sayornis_0038_98441.jpg,0,0,0,0,/b/bamboo_forest/00002668.jpg
2346,041.Scissor_tailed_Flycatcher/Scissor_Tailed_Flycatcher_0114_41704.jpg,0,0,0,0,/b/bamboo_forest/00001668.jpg
653,012.Yellow_headed_Blackbird/Yellow_Headed_Blackbird_0070_8583.jpg,0,0,0,0,/f/forest/broadleaf/00000640.jpg
1069,020.Yellow_breasted_Chat/Yellow_Breasted_Chat_0005_21828.jpg,0,0,0,0,/b/bamboo_forest/00000231.jpg
10429,178.Swainson_Warbler/Swainson_Warbler_0025_794881.jpg,0,0,0,0,/f/forest/broadleaf/00000744.jpg
7397,127.Savannah_Sparrow/Savannah_Sparrow_0047_119365.jpg,0,0,0,0,/b/bamboo_forest/00000938.jpg
11391,194.Cactus_Wren/Cactus_Wren_0118_185788.jpg,0,0,0,0,/f/forest/broadleaf/00000205.jpg
6295,108.White_necked_Raven/White_Necked_Raven_0053_797360.jpg,0,0,0,0,/f/forest/broadleaf/00004611.jpg
7336,126.Nelson_Sharp_tailed_Sparrow/Nelson_Sharp_Tailed_Sparrow_0004_796941.jpg,0,0,0,0,/b/bamboo_forest/00003781.jpg
10451,178.Swainson_Warbler/Swainson_Warbler_0043_794865.jpg,0,0,0,0,/f/forest/broadleaf/00002447.jpg
5592,096.Hooded_Oriole/Hooded_Oriole_0125_90382.jpg,0,0,0,0,/b/bamboo_forest/00001494.jpg
11556,197.Marsh_Wren/Marsh_Wren_0118_188512.jpg,0,0,0,0,/f/forest/broadleaf/00001909.jpg
1079,020.Yellow_breasted_Chat/Yellow_Breasted_Chat_0058_21864.jpg,0,0,0,0,/f/forest/broadleaf/00002104.jpg
8206,140.Summer_Tanager/Summer_Tanager_0001_139289.jpg,0,0,0,0,/f/forest/broadleaf/00004839.jpg
2458,043.Yellow_bellied_Flycatcher/Yellow_Bellied_Flycatcher_0062_42693.jpg,0,0,0,0,/f/forest/broadleaf/00004022.jpg
7837,134.Cape_Glossy_Starling/Cape_Glossy_Starling_0096_129388.jpg,0,0,0,0,/f/forest/broadleaf/00000099.jpg
734,014.Indigo_Bunting/Indigo_Bunting_0084_11848.jpg,0,0,0,0,/f/forest/broadleaf/00001255.jpg
8070,138.Tree_Swallow/Tree_Swallow_0109_135272.jpg,0,0,0,0,/f/forest/broadleaf/00002776.jpg
7818,134.Cape_Glossy_Starling/Cape_Glossy_Starling_0017_129337.jpg,0,0,0,0,/f/forest/broadleaf/00003716.jpg
5618,096.Hooded_Oriole/Hooded_Oriole_0118_90049.jpg,0,0,0,0,/b/bamboo_forest/00004537.jpg
4306,074.Florida_Jay/Florida_Jay_0002_64476.jpg,0,0,0,0,/b/bamboo_forest/00003973.jpg
7542,129.Song_Sparrow/Song_Sparrow_0040_121617.jpg,0,0,0,0,/b/bamboo_forest/00000305.jpg
10166,173.Orange_crowned_Warbler/Orange_Crowned_Warbler_0028_167641.jpg,0,0,0,0,/f/forest/broadleaf/00000216.jpg
10061,171.Myrtle_Warbler/Myrtle_Warbler_0100_166871.jpg,0,0,0,0,/f/forest/broadleaf/00002338.jpg
9184,157.Yellow_throated_Vireo/Yellow_Throated_Vireo_0008_159573.jpg,0,0,0,0,/b/bamboo_forest/00000902.jpg
9117,156.White_eyed_Vireo/White_Eyed_Vireo_0030_159265.jpg,0,0,0,0,/b/bamboo_forest/00004542.jpg
7545,129.Song_Sparrow/Song_Sparrow_0091_121651.jpg,0,0,0,0,/f/forest/broadleaf/00001103.jpg
652,012.Yellow_headed_Blackbird/Yellow_Headed_Blackbird_0056_8455.jpg,0,0,0,0,/f/forest/broadleaf/00003953.jpg
9295,159.Black_and_white_Warbler/Black_And_White_Warbler_0098_160808.jpg,0,0,0,0,/b/bamboo_forest/00003634.jpg
5674,097.Orchard_Oriole/Orchard_Oriole_0011_91592.jpg,0,0,0,0,/f/forest/broadleaf/00003068.jpg
3904,068.Ruby_throated_Hummingbird/Ruby_Throated_Hummingbird_0071_57886.jpg,0,0,0,0,/f/forest/broadleaf/00004171.jpg
10823,184.Louisiana_Waterthrush/Louisiana_Waterthrush_0041_795279.jpg,0,0,0,0,/b/bamboo_forest/00001059.jpg
7467,128.Seaside_Sparrow/Seaside_Sparrow_0042_796528.jpg,0,0,0,0,/f/forest/broadleaf/00003074.jpg
7312,125.Lincoln_Sparrow/Lincoln_Sparrow_0009_117535.jpg,0,0,0,0,/b/bamboo_forest/00004946.jpg
8193,140.Summer_Tanager/Summer_Tanager_0006_140137.jpg,0,0,0,0,/b/bamboo_forest/00004157.jpg
3109,054.Blue_Grosbeak/Blue_Grosbeak_0072_36774.jpg,0,0,0,0,/f/forest/broadleaf/00003128.jpg
2651,047.American_Goldfinch/American_Goldfinch_0017_32272.jpg,0,0,0,0,/b/bamboo_forest/00003933.jpg
3196,056.Pine_Grosbeak/Pine_Grosbeak_0104_38362.jpg,0,0,0,0,/b/bamboo_forest/00000576.jpg
7429,127.Savannah_Sparrow/Savannah_Sparrow_0029_119621.jpg,0,0,0,0,/b/bamboo_forest/00001365.jpg
11468,195.Carolina_Wren/Carolina_Wren_0020_186702.jpg,0,0,0,0,/f/forest/broadleaf/00001620.jpg
9862,168.Kentucky_Warbler/Kentucky_Warbler_0039_165324.jpg,0,0,0,0,/b/bamboo_forest/00003968.jpg
1779,032.Mangrove_Cuckoo/Mangrove_Cuckoo_0048_26351.jpg,0,0,0,0,/b/bamboo_forest/00002399.jpg
7147,122.Harris_Sparrow/Harris_Sparrow_0088_116445.jpg,0,0,0,0,/f/forest/broadleaf/00001836.jpg
7308,125.Lincoln_Sparrow/Lincoln_Sparrow_0063_117509.jpg,0,0,0,0,/f/forest/broadleaf/00000026.jpg
1049,019.Gray_Catbird/Gray_Catbird_0090_21464.jpg,0,0,0,0,/f/forest/broadleaf/00003304.jpg
8060,138.Tree_Swallow/Tree_Swallow_0067_136244.jpg,0,0,0,0,/b/bamboo_forest/00003717.jpg
5315,091.Mockingbird/Mockingbird_0049_80336.jpg,0,0,0,0,/f/forest/broadleaf/00004740.jpg
9364,160.Black_throated_Blue_Warbler/Black_Throated_Blue_Warbler_0042_161512.jpg,0,0,0,0,/b/bamboo_forest/00003699.jpg
10426,177.Prothonotary_Warbler/Prothonotary_Warbler_0045_173536.jpg,0,0,0,0,/f/forest/broadleaf/00000030.jpg
8057,138.Tree_Swallow/Tree_Swallow_0071_136749.jpg,0,0,0,0,/f/forest/broadleaf/00000090.jpg
2706,047.American_Goldfinch/American_Goldfinch_0026_32222.jpg,0,0,0,0,/f/forest/broadleaf/00002241.jpg
3952,068.Ruby_throated_Hummingbird/Ruby_Throated_Hummingbird_0058_57298.jpg,0,0,0,0,/f/forest/broadleaf/00004015.jpg
7295,125.Lincoln_Sparrow/Lincoln_Sparrow_0079_117919.jpg,0,0,0,0,/b/bamboo_forest/00004876.jpg
9506,162.Canada_Warbler/Canada_Warbler_0112_162398.jpg,0,0,0,0,/b/bamboo_forest/00003750.jpg
2814,049.Boat_tailed_Grackle/Boat_Tailed_Grackle_0027_33743.jpg,0,0,0,0,/b/bamboo_forest/00002111.jpg
6880,118.House_Sparrow/House_Sparrow_0055_111393.jpg,0,0,0,0,/b/bamboo_forest/00003752.jpg
4813,083.White_breasted_Kingfisher/White_Breasted_Kingfisher_0117_73283.jpg,0,0,0,0,/b/bamboo_forest/00000085.jpg
1085,020.Yellow_breasted_Chat/Yellow_Breasted_Chat_0065_22137.jpg,0,0,0,0,/b/bamboo_forest/00004710.jpg
3905,068.Ruby_throated_Hummingbird/Ruby_Throated_Hummingbird_0049_57891.jpg,0,0,0,0,/b/bamboo_forest/00004071.jpg
8661,148.Green_tailed_Towhee/Green_Tailed_Towhee_0046_154967.jpg,0,0,0,0,/b/bamboo_forest/00001619.jpg
8177,140.Summer_Tanager/Summer_Tanager_0035_139561.jpg,0,0,0,0,/f/forest/broadleaf/00001815.jpg
2243,040.Olive_sided_Flycatcher/Olive_Sided_Flycatcher_0037_30784.jpg,0,0,0,0,/b/bamboo_forest/00003716.jpg
9825,167.Hooded_Warbler/Hooded_Warbler_0135_164824.jpg,0,0,0,0,/b/bamboo_forest/00003133.jpg
5790,099.Ovenbird/Ovenbird_0027_93086.jpg,0,0,0,0,/f/forest/broadleaf/00001646.jpg
4784,082.Ringed_Kingfisher/Ringed_Kingfisher_0108_73169.jpg,0,0,0,0,/f/forest/broadleaf/00000888.jpg
10104,172.Nashville_Warbler/Nashville_Warbler_0051_167250.jpg,0,0,0,0,/b/bamboo_forest/00003670.jpg
9875,168.Kentucky_Warbler/Kentucky_Warbler_0080_165351.jpg,0,0,0,0,/b/bamboo_forest/00003446.jpg
6909,118.House_Sparrow/House_Sparrow_0011_112099.jpg,0,0,0,0,/b/bamboo_forest/00001217.jpg
11696,199.Winter_Wren/Winter_Wren_0128_190093.jpg,0,0,0,0,/f/forest/broadleaf/00000007.jpg
6043,104.American_Pipit/American_Pipit_0114_100380.jpg,0,0,0,0,/f/forest/broadleaf/00002144.jpg
9434,161.Blue_winged_Warbler/Blue_Winged_Warbler_0020_161875.jpg,0,0,0,0,/b/bamboo_forest/00001202.jpg
3139,055.Evening_Grosbeak/Evening_Grosbeak_0044_37938.jpg,0,0,0,0,/b/bamboo_forest/00003512.jpg
5394,093.Clark_Nutcracker/Clark_Nutcracker_0098_85105.jpg,0,0,0,0,/f/forest/broadleaf/00004939.jpg
6612,113.Baird_Sparrow/Baird_Sparrow_0049_787324.jpg,0,0,0,0,/b/bamboo_forest/00003044.jpg
11181,190.Red_cockaded_Woodpecker/Red_Cockaded_Woodpecker_0037_794733.jpg,0,0,0,0,/b/bamboo_forest/00004547.jpg
875,016.Painted_Bunting/Painted_Bunting_0006_15249.jpg,0,0,0,0,/b/bamboo_forest/00001275.jpg
8868,151.Black_capped_Vireo/Black_Capped_Vireo_0030_155861.jpg,0,0,0,0,/f/forest/broadleaf/00004396.jpg
4646,080.Green_Kingfisher/Green_Kingfisher_0032_71050.jpg,0,0,0,0,/f/forest/broadleaf/00000536.jpg
4550,078.Gray_Kingbird/Gray_Kingbird_0052_795024.jpg,0,0,0,0,/b/bamboo_forest/00002023.jpg
3095,054.Blue_Grosbeak/Blue_Grosbeak_0101_36719.jpg,0,0,0,0,/b/bamboo_forest/00002220.jpg
1447,026.Bronzed_Cowbird/Bronzed_Cowbird_0090_24179.jpg,0,0,0,0,/b/bamboo_forest/00003632.jpg
9937,169.Magnolia_Warbler/Magnolia_Warbler_0032_165960.jpg,0,0,0,0,/b/bamboo_forest/00001742.jpg
11668,198.Rock_Wren/Rock_Wren_0033_189397.jpg,0,0,0,0,/b/bamboo_forest/00003719.jpg
2656,047.American_Goldfinch/American_Goldfinch_0001_32306.jpg,0,0,0,0,/b/bamboo_forest/00002444.jpg
2046,036.Northern_Flicker/Northern_Flicker_0057_28606.jpg,0,0,0,0,/b/bamboo_forest/00004846.jpg
1110,020.Yellow_breasted_Chat/Yellow_Breasted_Chat_0077_21986.jpg,0,0,0,0,/f/forest/broadleaf/00004114.jpg
1586,029.American_Crow/American_Crow_0016_25112.jpg,0,0,0,0,/f/forest/broadleaf/00000053.jpg
4465,077.Tropical_Kingbird/Tropical_Kingbird_0085_69737.jpg,0,0,0,0,/f/forest/broadleaf/00004031.jpg
9204,157.Yellow_throated_Vireo/Yellow_Throated_Vireo_0064_794992.jpg,0,0,0,0,/b/bamboo_forest/00002831.jpg
6758,116.Chipping_Sparrow/Chipping_Sparrow_0076_108919.jpg,0,0,0,0,/f/forest/broadleaf/00000226.jpg
11129,189.Red_bellied_Woodpecker/Red_Bellied_Woodpecker_0114_181092.jpg,0,0,0,0,/f/forest/broadleaf/00003895.jpg
8055,138.Tree_Swallow/Tree_Swallow_0060_134961.jpg,0,0,0,0,/f/forest/broadleaf/00002414.jpg
5680,097.Orchard_Oriole/Orchard_Oriole_0116_91645.jpg,0,0,0,0,/b/bamboo_forest/00002134.jpg
11188,190.Red_cockaded_Woodpecker/Red_Cockaded_Woodpecker_0055_182520.jpg,0,0,0,0,/b/bamboo_forest/00001267.jpg
9236,158.Bay_breasted_Warbler/Bay_Breasted_Warbler_0093_159764.jpg,0,0,0,0,/b/bamboo_forest/00004304.jpg
11244,191.Red_headed_Woodpecker/Red_Headed_Woodpecker_0022_183010.jpg,0,0,0,0,/b/bamboo_forest/00003214.jpg
5565,095.Baltimore_Oriole/Baltimore_Oriole_0130_89596.jpg,0,0,0,0,/f/forest/broadleaf/00004588.jpg
2700,047.American_Goldfinch/American_Goldfinch_0106_32182.jpg,0,0,0,0,/b/bamboo_forest/00002432.jpg
7021,120.Fox_Sparrow/Fox_Sparrow_0025_114555.jpg,0,0,0,0,/f/forest/broadleaf/00004956.jpg
9241,158.Bay_breasted_Warbler/Bay_Breasted_Warbler_0112_159839.jpg,0,0,0,0,/f/forest/broadleaf/00004963.jpg
6861,118.House_Sparrow/House_Sparrow_0006_111034.jpg,0,0,0,0,/f/forest/broadleaf/00000710.jpg
8947,153.Philadelphia_Vireo/Philadelphia_Vireo_0049_794756.jpg,0,0,0,0,/b/bamboo_forest/00003767.jpg
2061,037.Acadian_Flycatcher/Acadian_Flycatcher_0009_29155.jpg,0,0,0,0,/b/bamboo_forest/00004577.jpg
2425,043.Yellow_bellied_Flycatcher/Yellow_Bellied_Flycatcher_0038_795477.jpg,0,0,0,0,/b/bamboo_forest/00002692.jpg
2172,039.Least_Flycatcher/Least_Flycatcher_0036_30213.jpg,0,0,0,0,/b/bamboo_forest/00002710.jpg
1759,031.Black_billed_Cuckoo/Black_Billed_Cuckoo_0031_26318.jpg,0,0,0,0,/b/bamboo_forest/00000546.jpg
1017,019.Gray_Catbird/Gray_Catbird_0080_20139.jpg,0,0,0,0,/b/bamboo_forest/00003826.jpg
1440,026.Bronzed_Cowbird/Bronzed_Cowbird_0029_796256.jpg,0,0,0,0,/f/forest/broadleaf/00000079.jpg
3199,056.Pine_Grosbeak/Pine_Grosbeak_0048_38434.jpg,0,0,0,0,/b/bamboo_forest/00004126.jpg
7948,136.Barn_Swallow/Barn_Swallow_0017_132951.jpg,0,0,0,0,/b/bamboo_forest/00004662.jpg
11697,199.Winter_Wren/Winter_Wren_0131_190061.jpg,0,0,0,0,/f/forest/broadleaf/00003968.jpg
6440,110.Geococcyx/Geococcyx_0096_104369.jpg,0,0,0,0,/b/bamboo_forest/00000930.jpg
7259,124.Le_Conte_Sparrow/Le_Conte_Sparrow_0064_795235.jpg,0,0,0,0,/f/forest/broadleaf/00000149.jpg
11387,194.Cactus_Wren/Cactus_Wren_0073_185670.jpg,0,0,0,0,/f/forest/broadleaf/00003282.jpg
10498,179.Tennessee_Warbler/Tennessee_Warbler_0045_174913.jpg,0,0,0,0,/f/forest/broadleaf/00000318.jpg
6919,119.Field_Sparrow/Field_Sparrow_0121_113455.jpg,0,0,0,0,/f/forest/broadleaf/00002977.jpg
11013,188.Pileated_Woodpecker/Pileated_Woodpecker_0125_179971.jpg,0,0,0,0,/f/forest/broadleaf/00004918.jpg
8913,152.Blue_headed_Vireo/Blue_Headed_Vireo_0122_156017.jpg,0,0,0,0,/b/bamboo_forest/00003673.jpg
11412,194.Cactus_Wren/Cactus_Wren_0069_186033.jpg,0,0,0,0,/f/forest/broadleaf/00003443.jpg
4568,079.Belted_Kingfisher/Belted_Kingfisher_0044_70494.jpg,0,0,0,0,/f/forest/broadleaf/00002829.jpg
6686,115.Brewer_Sparrow/Brewer_Sparrow_0051_796710.jpg,0,0,0,0,/f/forest/broadleaf/00004981.jpg
1189,022.Chuck_will_Widow/Chuck_Will_Widow_0037_796961.jpg,0,0,0,0,/f/forest/broadleaf/00004685.jpg
1055,019.Gray_Catbird/Gray_Catbird_0126_19446.jpg,0,0,0,0,/f/forest/broadleaf/00003739.jpg
6792,117.Clay_colored_Sparrow/Clay_Colored_Sparrow_0056_110848.jpg,0,0,0,0,/b/bamboo_forest/00003474.jpg
6135,105.Whip_poor_Will/Whip_Poor_Will_0044_796407.jpg,0,0,0,0,/f/forest/broadleaf/00004004.jpg
3266,057.Rose_breasted_Grosbeak/Rose_Breasted_Grosbeak_0077_39613.jpg,0,0,0,0,/f/forest/broadleaf/00004532.jpg
4845,083.White_breasted_Kingfisher/White_Breasted_Kingfisher_0018_71137.jpg,0,0,0,0,/b/bamboo_forest/00003200.jpg
7687,132.White_crowned_Sparrow/White_Crowned_Sparrow_0064_126467.jpg,0,0,0,0,/b/bamboo_forest/00001350.jpg
11146,190.Red_cockaded_Woodpecker/Red_Cockaded_Woodpecker_0015_182459.jpg,0,0,0,0,/b/bamboo_forest/00000183.jpg
10414,177.Prothonotary_Warbler/Prothonotary_Warbler_0084_173939.jpg,0,0,0,0,/b/bamboo_forest/00004101.jpg
5637,097.Orchard_Oriole/Orchard_Oriole_0005_91682.jpg,0,0,0,0,/f/forest/broadleaf/00001517.jpg
7411,127.Savannah_Sparrow/Savannah_Sparrow_0068_119972.jpg,0,0,0,0,/f/forest/broadleaf/00004516.jpg
6088,104.American_Pipit/American_Pipit_0081_99785.jpg,0,0,1,1,/l/lake/natural/00004754.jpg
701,013.Bobolink/Bobolink_0131_9578.jpg,0,0,1,1,/o/ocean/00004267.jpg
9261,158.Bay_breasted_Warbler/Bay_Breasted_Warbler_0087_797122.jpg,0,0,1,1,/o/ocean/00001440.jpg
7333,126.Nelson_Sharp_tailed_Sparrow/Nelson_Sharp_Tailed_Sparrow_0058_118023.jpg,0,0,1,1,/o/ocean/00002531.jpg
7106,122.Harris_Sparrow/Harris_Sparrow_0074_116539.jpg,0,0,1,1,/o/ocean/00003345.jpg
10034,171.Myrtle_Warbler/Myrtle_Warbler_0015_166713.jpg,0,0,1,1,/o/ocean/00004229.jpg
3868,067.Anna_Hummingbird/Anna_Hummingbird_0047_56049.jpg,0,0,1,1,/l/lake/natural/00000674.jpg
3981,069.Rufous_Hummingbird/Rufous_Hummingbird_0048_58478.jpg,0,0,1,1,/l/lake/natural/00002498.jpg
11596,197.Marsh_Wren/Marsh_Wren_0014_188802.jpg,0,0,1,1,/l/lake/natural/00001528.jpg
935,017.Cardinal/Cardinal_0037_18092.jpg,0,0,1,1,/o/ocean/00000676.jpg
7823,134.Cape_Glossy_Starling/Cape_Glossy_Starling_0092_129349.jpg,0,0,1,1,/l/lake/natural/00004642.jpg
7848,134.Cape_Glossy_Starling/Cape_Glossy_Starling_0030_129443.jpg,0,0,1,1,/o/ocean/00000738.jpg
9012,154.Red_eyed_Vireo/Red_Eyed_Vireo_0062_157324.jpg,0,0,1,1,/o/ocean/00003733.jpg
1922,034.Gray_crowned_Rosy_Finch/Gray_Crowned_Rosy_Finch_0012_27062.jpg,0,0,1,1,/l/lake/natural/00001427.jpg
8217,140.Summer_Tanager/Summer_Tanager_0030_139210.jpg,0,0,1,1,/l/lake/natural/00004444.jpg
7178,123.Henslow_Sparrow/Henslow_Sparrow_0059_796569.jpg,0,0,1,1,/l/lake/natural/00004128.jpg
6927,119.Field_Sparrow/Field_Sparrow_0074_113504.jpg,0,0,1,1,/o/ocean/00000665.jpg
1820,033.Yellow_billed_Cuckoo/Yellow_Billed_Cuckoo_0082_26655.jpg,0,0,1,1,/o/ocean/00003999.jpg
4708,081.Pied_Kingfisher/Pied_Kingfisher_0075_72581.jpg,0,0,1,1,/o/ocean/00004720.jpg
10656,181.Worm_eating_Warbler/Worm_Eating_Warbler_0074_176093.jpg,0,0,1,1,/l/lake/natural/00002089.jpg
5463,094.White_breasted_Nuthatch/White_Breasted_Nuthatch_0096_86140.jpg,0,0,1,1,/l/lake/natural/00002184.jpg
1991,035.Purple_Finch/Purple_Finch_0082_27639.jpg,0,0,1,1,/l/lake/natural/00003008.jpg
6818,117.Clay_colored_Sparrow/Clay_Colored_Sparrow_0043_110685.jpg,0,0,1,1,/o/ocean/00002595.jpg
5458,094.White_breasted_Nuthatch/White_Breasted_Nuthatch_0043_86196.jpg,0,0,1,1,/l/lake/natural/00004611.jpg
6669,114.Black_throated_Sparrow/Black_Throated_Sparrow_0072_107255.jpg,0,0,1,1,/l/lake/natural/00004526.jpg
1994,036.Northern_Flicker/Northern_Flicker_0036_28681.jpg,0,0,1,1,/l/lake/natural/00003376.jpg
1690,030.Fish_Crow/Fish_Crow_0022_26062.jpg,0,0,1,1,/o/ocean/00001844.jpg
2467,043.Yellow_bellied_Flycatcher/Yellow_Bellied_Flycatcher_0041_42719.jpg,0,0,1,1,/o/ocean/00002117.jpg
11622,198.Rock_Wren/Rock_Wren_0096_188966.jpg,0,0,1,1,/l/lake/natural/00004766.jpg
6457,111.Loggerhead_Shrike/Loggerhead_Shrike_0007_106101.jpg,0,0,1,1,/o/ocean/00001730.jpg
8211,140.Summer_Tanager/Summer_Tanager_0013_140828.jpg,0,0,1,1,/o/ocean/00003842.jpg
11113,189.Red_bellied_Woodpecker/Red_Bellied_Woodpecker_0120_181420.jpg,0,0,1,1,/l/lake/natural/00003389.jpg
630,012.Yellow_headed_Blackbird/Yellow_Headed_Blackbird_0083_8300.jpg,0,0,1,1,/o/ocean/00004561.jpg
1809,032.Mangrove_Cuckoo/Mangrove_Cuckoo_0033_26359.jpg,0,0,1,1,/o/ocean/00000406.jpg
7250,124.Le_Conte_Sparrow/Le_Conte_Sparrow_0081_795215.jpg,0,0,1,1,/l/lake/natural/00003220.jpg
2335,041.Scissor_tailed_Flycatcher/Scissor_Tailed_Flycatcher_0002_41762.jpg,0,0,1,1,/o/ocean/00002441.jpg
5758,099.Ovenbird/Ovenbird_0046_92821.jpg,0,0,1,1,/o/ocean/00003937.jpg
9653,165.Chestnut_sided_Warbler/Chestnut_Sided_Warbler_0035_163587.jpg,0,0,1,1,/o/ocean/00004321.jpg
10545,180.Wilson_Warbler/Wilson_Warbler_0045_175623.jpg,0,0,1,1,/o/ocean/00000698.jpg
7216,124.Le_Conte_Sparrow/Le_Conte_Sparrow_0034_795150.jpg,0,0,1,1,/l/lake/natural/00001094.jpg
10894,185.Bohemian_Waxwing/Bohemian_Waxwing_0006_796651.jpg,0,0,1,1,/l/lake/natural/00002506.jpg
10583,180.Wilson_Warbler/Wilson_Warbler_0065_175924.jpg,0,0,1,1,/o/ocean/00002839.jpg
1040,019.Gray_Catbird/Gray_Catbird_0125_19833.jpg,0,0,1,1,/l/lake/natural/00001017.jpg
6644,114.Black_throated_Sparrow/Black_Throated_Sparrow_0009_107333.jpg,0,0,1,1,/o/ocean/00002753.jpg
1920,034.Gray_crowned_Rosy_Finch/Gray_Crowned_Rosy_Finch_0010_27039.jpg,0,0,1,1,/o/ocean/00000478.jpg
6952,119.Field_Sparrow/Field_Sparrow_0130_113846.jpg,0,0,1,1,/l/lake/natural/00000094.jpg
7726,132.White_crowned_Sparrow/White_Crowned_Sparrow_0100_126267.jpg,0,0,1,1,/o/ocean/00003767.jpg
6042,104.American_Pipit/American_Pipit_0082_99867.jpg,0,0,1,1,/l/lake/natural/00000756.jpg
4713,081.Pied_Kingfisher/Pied_Kingfisher_0073_72508.jpg,0,0,1,1,/o/ocean/00000805.jpg
11407,194.Cactus_Wren/Cactus_Wren_0089_186023.jpg,0,0,1,1,/l/lake/natural/00003130.jpg
10087,172.Nashville_Warbler/Nashville_Warbler_0104_167096.jpg,0,0,1,1,/o/ocean/00001822.jpg
4541,078.Gray_Kingbird/Gray_Kingbird_0042_70083.jpg,0,0,1,1,/o/ocean/00004390.jpg
11265,192.Downy_Woodpecker/Downy_Woodpecker_0049_183920.jpg,0,0,1,1,/o/ocean/00003312.jpg
1892,034.Gray_crowned_Rosy_Finch/Gray_Crowned_Rosy_Finch_0025_797274.jpg,0,0,1,1,/o/ocean/00004373.jpg
6319,108.White_necked_Raven/White_Necked_Raven_0067_102630.jpg,0,0,1,1,/o/ocean/00004896.jpg
10658,181.Worm_eating_Warbler/Worm_Eating_Warbler_0026_176096.jpg,0,0,1,1,/o/ocean/00002222.jpg
10363,176.Prairie_Warbler/Prairie_Warbler_0025_165306.jpg,0,0,1,1,/o/ocean/00001264.jpg
8038,137.Cliff_Swallow/Cliff_Swallow_0065_133858.jpg,0,0,1,1,/l/lake/natural/00000088.jpg
4361,075.Green_Jay/Green_Jay_0016_65864.jpg,0,0,1,1,/o/ocean/00004709.jpg
4930,085.Horned_Lark/Horned_Lark_0127_74414.jpg,0,0,1,1,/o/ocean/00001380.jpg
9926,169.Magnolia_Warbler/Magnolia_Warbler_0106_165689.jpg,0,0,1,1,/o/ocean/00001245.jpg
4429,076.Dark_eyed_Junco/Dark_Eyed_Junco_0132_66476.jpg,0,0,1,1,/l/lake/natural/00001708.jpg
3347,058.Pigeon_Guillemot/Pigeon_Guillemot_0095_39867.jpg,1,0,0,2,/f/forest/broadleaf/00002953.jpg
3746,065.Slaty_backed_Gull/Slaty_Backed_Gull_0033_796023.jpg,1,0,0,2,/b/bamboo_forest/00002723.jpg
4894,084.Red_legged_Kittiwake/Red_Legged_Kittiwake_0021_73808.jpg,1,0,0,2,/b/bamboo_forest/00004390.jpg
1173,021.Eastern_Towhee/Eastern_Towhee_0038_22399.jpg,1,0,0,2,/b/bamboo_forest/00000773.jpg
4107,071.Long_tailed_Jaeger/Long_Tailed_Jaeger_0021_797083.jpg,1,0,0,2,/b/bamboo_forest/00000806.jpg
4975,086.Pacific_Loon/Pacific_Loon_0037_75800.jpg,1,0,0,2,/b/bamboo_forest/00004894.jpg
2881,050.Eared_Grebe/Eared_Grebe_0062_34249.jpg,1,0,0,2,/b/bamboo_forest/00002634.jpg
5145,088.Western_Meadowlark/Western_Meadowlark_0052_77781.jpg,1,0,0,2,/f/forest/broadleaf/00001716.jpg
3657,063.Ivory_Gull/Ivory_Gull_0027_48974.jpg,1,0,0,2,/b/bamboo_forest/00000173.jpg
2937,051.Horned_Grebe/Horned_Grebe_0088_35023.jpg,1,0,0,2,/b/bamboo_forest/00004202.jpg
3637,063.Ivory_Gull/Ivory_Gull_0035_49523.jpg,1,0,0,2,/b/bamboo_forest/00001697.jpg
1276,023.Brandt_Cormorant/Brandt_Cormorant_0082_22978.jpg,1,0,0,2,/b/bamboo_forest/00003462.jpg
2986,052.Pied_billed_Grebe/Pied_Billed_Grebe_0024_35949.jpg,1,0,0,2,/f/forest/broadleaf/00002965.jpg
3539,061.Heermann_Gull/Heermann_Gull_0043_45939.jpg,1,0,0,2,/b/bamboo_forest/00000534.jpg
5819,100.Brown_Pelican/Brown_Pelican_0036_93843.jpg,1,0,0,2,/b/bamboo_forest/00004037.jpg
3518,061.Heermann_Gull/Heermann_Gull_0142_45798.jpg,1,0,0,2,/b/bamboo_forest/00002225.jpg
3369,059.California_Gull/California_Gull_0025_41479.jpg,1,0,0,2,/f/forest/broadleaf/00003053.jpg
5068,087.Mallard/Mallard_0103_77105.jpg,1,0,0,2,/f/forest/broadleaf/00004180.jpg
5185,089.Hooded_Merganser/Hooded_Merganser_0075_78977.jpg,1,0,0,2,/f/forest/broadleaf/00004704.jpg
1303,024.Red_faced_Cormorant/Red_Faced_Cormorant_0007_796280.jpg,1,0,0,2,/f/forest/broadleaf/00004041.jpg
164,003.Sooty_Albatross/Sooty_Albatross_0072_796371.jpg,1,0,0,2,/f/forest/broadleaf/00004327.jpg
3678,064.Ring_billed_Gull/Ring_Billed_Gull_0027_51266.jpg,1,0,0,2,/b/bamboo_forest/00000512.jpg
5913,101.White_Pelican/White_Pelican_0054_97528.jpg,1,0,0,2,/f/forest/broadleaf/00001392.jpg
1300,024.Red_faced_Cormorant/Red_Faced_Cormorant_0042_796277.jpg,1,0,0,2,/b/bamboo_forest/00002485.jpg
4137,072.Pomarine_Jaeger/Pomarine_Jaeger_0038_61446.jpg,1,0,0,2,/f/forest/broadleaf/00004001.jpg
3040,053.Western_Grebe/Western_Grebe_0028_36196.jpg,1,0,0,2,/b/bamboo_forest/00001180.jpg
8557,146.Forsters_Tern/Forsters_Tern_0127_150418.jpg,1,0,0,2,/f/forest/broadleaf/00000642.jpg
3441,060.Glaucous_winged_Gull/Glaucous_Winged_Gull_0028_44628.jpg,1,0,0,2,/b/bamboo_forest/00003552.jpg
1129,021.Eastern_Towhee/Eastern_Towhee_0074_22620.jpg,1,0,0,2,/f/forest/broadleaf/00002330.jpg
1338,024.Red_faced_Cormorant/Red_Faced_Cormorant_0033_796337.jpg,1,0,0,2,/b/bamboo_forest/00004834.jpg
2555,045.Northern_Fulmar/Northern_Fulmar_0014_43895.jpg,1,0,0,2,/b/bamboo_forest/00003176.jpg
96,002.Laysan_Albatross/Laysan_Albatross_0076_671.jpg,1,0,0,2,/b/bamboo_forest/00002800.jpg
1360,025.Pelagic_Cormorant/Pelagic_Cormorant_0085_23821.jpg,1,0,0,2,/b/bamboo_forest/00003954.jpg
5900,101.White_Pelican/White_Pelican_0075_96422.jpg,1,0,0,2,/f/forest/broadleaf/00002015.jpg
4977,086.Pacific_Loon/Pacific_Loon_0066_75547.jpg,1,0,0,2,/b/bamboo_forest/00003481.jpg
131,003.Sooty_Albatross/Sooty_Albatross_0070_796346.jpg,1,0,0,2,/f/forest/broadleaf/00002096.jpg
3036,053.Western_Grebe/Western_Grebe_0014_36185.jpg,1,0,0,2,/f/forest/broadleaf/00000918.jpg
5875,101.White_Pelican/White_Pelican_0009_97340.jpg,1,0,0,2,/b/bamboo_forest/00003330.jpg
342,007.Parakeet_Auklet/Parakeet_Auklet_0045_795953.jpg,1,0,0,2,/f/forest/broadleaf/00002921.jpg
140,003.Sooty_Albatross/Sooty_Albatross_0045_1162.jpg,1,0,0,2,/f/forest/broadleaf/00004719.jpg
339,007.Parakeet_Auklet/Parakeet_Auklet_0028_795944.jpg,1,0,0,2,/f/forest/broadleaf/00000576.jpg
2876,050.Eared_Grebe/Eared_Grebe_0016_34334.jpg,1,0,0,2,/b/bamboo_forest/00002761.jpg
2537,045.Northern_Fulmar/Northern_Fulmar_0098_43578.jpg,1,0,0,2,/f/forest/broadleaf/00001608.jpg
160,003.Sooty_Albatross/Sooty_Albatross_0041_796364.jpg,1,0,0,2,/f/forest/broadleaf/00001928.jpg
60,001.Black_footed_Albatross/Black_Footed_Albatross_0081_426.jpg,1,0,0,2,/b/bamboo_forest/00004473.jpg
8305,142.Black_Tern/Black_Tern_0046_144229.jpg,1,0,0,2,/b/bamboo_forest/00000206.jpg
117,002.Laysan_Albatross/Laysan_Albatross_0094_1013.jpg,1,0,0,2,/f/forest/broadleaf/00004964.jpg
8280,141.Artic_Tern/Artic_Tern_0052_143244.jpg,1,0,0,2,/b/bamboo_forest/00002105.jpg
8337,142.Black_Tern/Black_Tern_0041_144103.jpg,1,0,0,2,/b/bamboo_forest/00004727.jpg
3504,061.Heermann_Gull/Heermann_Gull_0073_45714.jpg,1,0,0,2,/f/forest/broadleaf/00000336.jpg
3517,061.Heermann_Gull/Heermann_Gull_0115_45797.jpg,1,0,0,2,/b/bamboo_forest/00003787.jpg
5248,090.Red_breasted_Merganser/Red_Breasted_Merganser_0085_79285.jpg,1,0,0,2,/b/bamboo_forest/00004299.jpg
2637,046.Gadwall/Gadwall_0005_30924.jpg,1,0,0,2,/b/bamboo_forest/00000562.jpg
3824,066.Western_Gull/Western_Gull_0122_40866.jpg,1,0,0,2,/f/forest/broadleaf/00002951.jpg
5887,101.White_Pelican/White_Pelican_0010_96876.jpg,1,0,0,2,/f/forest/broadleaf/00004648.jpg
8532,146.Forsters_Tern/Forsters_Tern_0070_152107.jpg,1,0,0,2,/b/bamboo_forest/00000650.jpg
2478,044.Frigatebird/Frigatebird_0119_43042.jpg,1,0,0,2,/b/bamboo_forest/00003934.jpg
2903,051.Horned_Grebe/Horned_Grebe_0112_34864.jpg,1,0,0,2,/f/forest/broadleaf/00004975.jpg
8556,146.Forsters_Tern/Forsters_Tern_0016_152463.jpg,1,0,0,2,/f/forest/broadleaf/00002869.jpg
3003,052.Pied_billed_Grebe/Pied_Billed_Grebe_0125_35322.jpg,1,0,0,2,/f/forest/broadleaf/00003089.jpg
5088,088.Western_Meadowlark/Western_Meadowlark_0003_78864.jpg,1,0,0,2,/b/bamboo_forest/00000483.jpg
1151,021.Eastern_Towhee/Eastern_Towhee_0035_22223.jpg,1,0,0,2,/f/forest/broadleaf/00002583.jpg
8292,142.Black_Tern/Black_Tern_0059_144159.jpg,1,0,1,3,/o/ocean/00004456.jpg
1274,023.Brandt_Cormorant/Brandt_Cormorant_0075_22970.jpg,1,0,1,3,/o/ocean/00000391.jpg
3439,060.Glaucous_winged_Gull/Glaucous_Winged_Gull_0002_44612.jpg,1,0,1,3,/l/lake/natural/00000863.jpg
8450,144.Common_Tern/Common_Tern_0117_148944.jpg,1,0,1,3,/o/ocean/00000710.jpg
5934,102.Western_Wood_Pewee/Western_Wood_Pewee_0026_98191.jpg,1,0,1,3,/o/ocean/00003143.jpg
8294,142.Black_Tern/Black_Tern_0020_144163.jpg,1,0,1,3,/l/lake/natural/00001236.jpg
1155,021.Eastern_Towhee/Eastern_Towhee_0073_22247.jpg,1,0,1,3,/l/lake/natural/00004218.jpg
3731,065.Slaty_backed_Gull/Slaty_Backed_Gull_0049_53318.jpg,1,0,1,3,/o/ocean/00001976.jpg
3320,058.Pigeon_Guillemot/Pigeon_Guillemot_0083_39980.jpg,1,0,1,3,/l/lake/natural/00000785.jpg
141,003.Sooty_Albatross/Sooty_Albatross_0073_1171.jpg,1,0,1,3,/o/ocean/00001182.jpg
4149,072.Pomarine_Jaeger/Pomarine_Jaeger_0022_795747.jpg,1,0,1,3,/l/lake/natural/00003676.jpg
3392,059.California_Gull/California_Gull_0009_40662.jpg,1,0,1,3,/o/ocean/00002767.jpg
3412,059.California_Gull/California_Gull_0032_41335.jpg,1,0,1,3,/o/ocean/00000625.jpg
2515,044.Frigatebird/Frigatebird_0059_42838.jpg,1,0,1,3,/l/lake/natural/00001867.jpg
3718,064.Ring_billed_Gull/Ring_Billed_Gull_0119_51551.jpg,1,0,1,3,/l/lake/natural/00000462.jpg
3382,059.California_Gull/California_Gull_0064_41562.jpg,1,0,1,3,/l/lake/natural/00002085.jpg
8562,146.Forsters_Tern/Forsters_Tern_0066_151478.jpg,1,0,1,3,/o/ocean/00003198.jpg
8371,143.Caspian_Tern/Caspian_Tern_0096_145009.jpg,1,0,1,3,/l/lake/natural/00002731.jpg
4188,072.Pomarine_Jaeger/Pomarine_Jaeger_0079_61370.jpg,1,0,1,3,/l/lake/natural/00002709.jpg
275,005.Crested_Auklet/Crested_Auklet_0075_785259.jpg,1,0,1,3,/l/lake/natural/00004429.jpg
8452,144.Common_Tern/Common_Tern_0001_149721.jpg,1,0,1,3,/o/ocean/00001808.jpg
5114,088.Western_Meadowlark/Western_Meadowlark_0042_78180.jpg,1,0,1,3,/l/lake/natural/00003541.jpg
1248,023.Brandt_Cormorant/Brandt_Cormorant_0087_23126.jpg,1,0,1,3,/o/ocean/00001290.jpg
1251,023.Brandt_Cormorant/Brandt_Cormorant_0070_23137.jpg,1,0,1,3,/l/lake/natural/00002687.jpg
3799,066.Western_Gull/Western_Gull_0080_53445.jpg,1,0,1,3,/o/ocean/00002831.jpg
8456,144.Common_Tern/Common_Tern_0118_148201.jpg,1,0,1,3,/l/lake/natural/00001102.jpg
3425,059.California_Gull/California_Gull_0109_41465.jpg,1,0,1,3,/o/ocean/00002556.jpg
8513,145.Elegant_Tern/Elegant_Tern_0029_150494.jpg,1,0,1,3,/o/ocean/00001349.jpg
349,007.Parakeet_Auklet/Parakeet_Auklet_0042_795961.jpg,1,0,1,3,/o/ocean/00003321.jpg
3507,061.Heermann_Gull/Heermann_Gull_0139_45749.jpg,1,0,1,3,/o/ocean/00001981.jpg
4900,084.Red_legged_Kittiwake/Red_Legged_Kittiwake_0065_795456.jpg,1,0,1,3,/l/lake/natural/00004731.jpg
3486,060.Glaucous_winged_Gull/Glaucous_Winged_Gull_0051_44543.jpg,1,0,1,3,/l/lake/natural/00002635.jpg
5950,102.Western_Wood_Pewee/Western_Wood_Pewee_0020_795054.jpg,1,0,1,3,/l/lake/natural/00001363.jpg
8607,147.Least_Tern/Least_Tern_0133_153816.jpg,1,0,1,3,/o/ocean/00003559.jpg
8279,141.Artic_Tern/Artic_Tern_0063_142495.jpg,1,0,1,3,/o/ocean/00004083.jpg
8409,144.Common_Tern/Common_Tern_0067_149540.jpg,1,0,1,3,/l/lake/natural/00000882.jpg
159,003.Sooty_Albatross/Sooty_Albatross_0025_796361.jpg,1,0,1,3,/l/lake/natural/00001692.jpg
3739,065.Slaty_backed_Gull/Slaty_Backed_Gull_0020_796012.jpg,1,0,1,3,/l/lake/natural/00001313.jpg
1287,023.Brandt_Cormorant/Brandt_Cormorant_0068_23019.jpg,1,0,1,3,/l/lake/natural/00000611.jpg
3462,060.Glaucous_winged_Gull/Glaucous_Winged_Gull_0126_44761.jpg,1,0,1,3,/o/ocean/00001501.jpg
3028,053.Western_Grebe/Western_Grebe_0070_36162.jpg,1,0,1,3,/o/ocean/00003592.jpg
1402,025.Pelagic_Cormorant/Pelagic_Cormorant_0061_23548.jpg,1,0,1,3,/l/lake/natural/00001578.jpg
2516,044.Frigatebird/Frigatebird_0040_42860.jpg,1,0,1,3,/l/lake/natural/00000819.jpg
3816,066.Western_Gull/Western_Gull_0090_53603.jpg,1,0,1,3,/l/lake/natural/00001148.jpg
3380,059.California_Gull/California_Gull_0103_41044.jpg,1,0,1,3,/o/ocean/00000611.jpg
2629,046.Gadwall/Gadwall_0084_31135.jpg,1,0,1,3,/o/ocean/00001841.jpg
2943,051.Horned_Grebe/Horned_Grebe_0041_34535.jpg,1,0,1,3,/l/lake/natural/00003554.jpg
8368,143.Caspian_Tern/Caspian_Tern_0049_145755.jpg,1,0,1,3,/l/lake/natural/00000893.jpg
5830,100.Brown_Pelican/Brown_Pelican_0100_94434.jpg,1,0,1,3,/l/lake/natural/00003952.jpg
8271,141.Artic_Tern/Artic_Tern_0089_141652.jpg,1,0,1,3,/l/lake/natural/00001822.jpg
8381,143.Caspian_Tern/Caspian_Tern_0059_145582.jpg,1,0,1,3,/o/ocean/00001126.jpg
5947,102.Western_Wood_Pewee/Western_Wood_Pewee_0003_795050.jpg,1,0,1,3,/l/lake/natural/00001518.jpg
1340,024.Red_faced_Cormorant/Red_Faced_Cormorant_0060_23416.jpg,1,0,1,3,/o/ocean/00001818.jpg
2972,052.Pied_billed_Grebe/Pied_Billed_Grebe_0076_35432.jpg,1,0,1,3,/l/lake/natural/00000812.jpg
2956,052.Pied_billed_Grebe/Pied_Billed_Grebe_0119_35377.jpg,1,0,1,3,/o/ocean/00001236.jpg
1123,021.Eastern_Towhee/Eastern_Towhee_0068_22194.jpg,1,0,1,3,/l/lake/natural/00004441.jpg
2922,051.Horned_Grebe/Horned_Grebe_0093_34720.jpg,1,0,1,3,/o/ocean/00004937.jpg
5831,100.Brown_Pelican/Brown_Pelican_0013_93589.jpg,1,0,1,3,/o/ocean/00002172.jpg
2985,052.Pied_billed_Grebe/Pied_Billed_Grebe_0123_35469.jpg,1,0,1,3,/o/ocean/00001694.jpg
1354,025.Pelagic_Cormorant/Pelagic_Cormorant_0088_23855.jpg,1,0,1,3,/l/lake/natural/00002994.jpg
2641,046.Gadwall/Gadwall_0031_30935.jpg,1,0,1,3,/o/ocean/00001611.jpg
4170,072.Pomarine_Jaeger/Pomarine_Jaeger_0003_795778.jpg,1,0,1,3,/l/lake/natural/00002637.jpg
3014,053.Western_Grebe/Western_Grebe_0099_36112.jpg,1,0,1,3,/l/lake/natural/00001003.jpg
2842,050.Eared_Grebe/Eared_Grebe_0079_34342.jpg,1,0,1,3,/o/ocean/00001572.jpg
3586,062.Herring_Gull/Herring_Gull_0084_46406.jpg,1,0,1,3,/l/lake/natural/00002921.jpg
3756,065.Slaty_backed_Gull/Slaty_Backed_Gull_0046_796035.jpg,1,0,1,3,/o/ocean/00002266.jpg
4892,084.Red_legged_Kittiwake/Red_Legged_Kittiwake_0016_795460.jpg,1,0,1,3,/l/lake/natural/00001127.jpg
3484,060.Glaucous_winged_Gull/Glaucous_Winged_Gull_0096_45012.jpg,1,0,1,3,/l/lake/natural/00002230.jpg
3561,062.Herring_Gull/Herring_Gull_0100_46677.jpg,1,0,1,3,/o/ocean/00002196.jpg
5138,088.Western_Meadowlark/Western_Meadowlark_0118_78820.jpg,1,0,1,3,/l/lake/natural/00004682.jpg
5035,087.Mallard/Mallard_0061_76378.jpg,1,0,1,3,/o/ocean/00003444.jpg
5967,102.Western_Wood_Pewee/Western_Wood_Pewee_0030_98272.jpg,1,0,1,3,/l/lake/natural/00000652.jpg
5058,087.Mallard/Mallard_0005_76026.jpg,1,0,1,3,/o/ocean/00004693.jpg
2545,045.Northern_Fulmar/Northern_Fulmar_0058_44114.jpg,1,0,1,3,/l/lake/natural/00002940.jpg
2586,045.Northern_Fulmar/Northern_Fulmar_0099_44015.jpg,1,0,1,3,/l/lake/natural/00001490.jpg
3035,053.Western_Grebe/Western_Grebe_0032_36439.jpg,1,0,1,3,/o/ocean/00004514.jpg
3783,066.Western_Gull/Western_Gull_0089_55306.jpg,1,0,1,3,/o/ocean/00004542.jpg
5024,086.Pacific_Loon/Pacific_Loon_0039_75517.jpg,1,0,1,3,/l/lake/natural/00001536.jpg
1241,023.Brandt_Cormorant/Brandt_Cormorant_0067_23352.jpg,1,0,1,3,/o/ocean/00003711.jpg
8429,144.Common_Tern/Common_Tern_0070_150292.jpg,1,0,1,3,/o/ocean/00002537.jpg
4162,072.Pomarine_Jaeger/Pomarine_Jaeger_0071_795769.jpg,1,0,1,3,/o/ocean/00001800.jpg
301,006.Least_Auklet/Least_Auklet_0052_795088.jpg,1,0,1,3,/o/ocean/00000402.jpg
3762,065.Slaty_backed_Gull/Slaty_Backed_Gull_0025_796047.jpg,1,0,1,3,/l/lake/natural/00000027.jpg
3689,064.Ring_billed_Gull/Ring_Billed_Gull_0070_51316.jpg,1,0,1,3,/l/lake/natural/00003555.jpg
8479,145.Elegant_Tern/Elegant_Tern_0066_150864.jpg,1,0,1,3,/l/lake/natural/00004585.jpg
376,007.Parakeet_Auklet/Parakeet_Auklet_0024_2045.jpg,1,0,1,3,/o/ocean/00001239.jpg
1141,021.Eastern_Towhee/Eastern_Towhee_0042_22155.jpg,1,0,1,3,/l/lake/natural/00002212.jpg
245,005.Crested_Auklet/Crested_Auklet_0029_1824.jpg,1,0,1,3,/o/ocean/00003023.jpg
6181,106.Horned_Puffin/Horned_Puffin_0004_100733.jpg,1,0,1,3,/l/lake/natural/00004517.jpg
1171,021.Eastern_Towhee/Eastern_Towhee_0027_22372.jpg,1,0,1,3,/o/ocean/00002414.jpg
4969,086.Pacific_Loon/Pacific_Loon_0013_75530.jpg,1,0,1,3,/o/ocean/00004515.jpg
1310,024.Red_faced_Cormorant/Red_Faced_Cormorant_0048_796296.jpg,1,0,1,3,/o/ocean/00000412.jpg
8496,145.Elegant_Tern/Elegant_Tern_0078_151196.jpg,1,0,1,3,/o/ocean/00003647.jpg
1381,025.Pelagic_Cormorant/Pelagic_Cormorant_0018_23880.jpg,1,0,1,3,/o/ocean/00002699.jpg
2905,051.Horned_Grebe/Horned_Grebe_0031_34626.jpg,1,0,1,3,/l/lake/natural/00001837.jpg
5255,090.Red_breasted_Merganser/Red_Breasted_Merganser_0010_79567.jpg,1,0,1,3,/l/lake/natural/00000705.jpg
15,001.Black_footed_Albatross/Black_Footed_Albatross_0040_796066.jpg,1,0,1,3,/o/ocean/00000400.jpg
4143,072.Pomarine_Jaeger/Pomarine_Jaeger_0026_61273.jpg,1,0,1,3,/l/lake/natural/00002390.jpg
5127,088.Western_Meadowlark/Western_Meadowlark_0058_78247.jpg,1,0,1,3,/o/ocean/00001000.jpg
3764,065.Slaty_backed_Gull/Slaty_Backed_Gull_0053_796051.jpg,1,0,1,3,/l/lake/natural/00004724.jpg
396,008.Rhinoceros_Auklet/Rhinoceros_Auklet_0018_797517.jpg,1,0,1,3,/l/lake/natural/00001760.jpg
3069,053.Western_Grebe/Western_Grebe_0061_36181.jpg,1,0,1,3,/l/lake/natural/00004915.jpg
285,006.Least_Auklet/Least_Auklet_0058_1931.jpg,1,0,1,3,/l/lake/natural/00002821.jpg
3540,061.Heermann_Gull/Heermann_Gull_0100_45440.jpg,1,0,1,3,/l/lake/natural/00003134.jpg
4095,071.Long_tailed_Jaeger/Long_Tailed_Jaeger_0006_797065.jpg,1,0,1,3,/o/ocean/00003452.jpg
3026,053.Western_Grebe/Western_Grebe_0057_36157.jpg,1,0,1,3,/l/lake/natural/00002654.jpg
5210,090.Red_breasted_Merganser/Red_Breasted_Merganser_0078_79393.jpg,1,0,1,3,/o/ocean/00004130.jpg
3038,053.Western_Grebe/Western_Grebe_0093_36193.jpg,1,0,1,3,/o/ocean/00000959.jpg
113,002.Laysan_Albatross/Laysan_Albatross_0029_482.jpg,1,0,1,3,/l/lake/natural/00000990.jpg
3811,066.Western_Gull/Western_Gull_0030_54083.jpg,1,0,1,3,/o/ocean/00003704.jpg
4997,086.Pacific_Loon/Pacific_Loon_0009_75642.jpg,1,0,1,3,/l/lake/natural/00001725.jpg
2480,044.Frigatebird/Frigatebird_0049_43044.jpg,1,0,1,3,/o/ocean/00000760.jpg
5260,090.Red_breasted_Merganser/Red_Breasted_Merganser_0044_79321.jpg,1,0,1,3,/o/ocean/00002679.jpg
23,001.Black_footed_Albatross/Black_Footed_Albatross_0056_796078.jpg,1,0,1,3,/o/ocean/00004606.jpg
5951,102.Western_Wood_Pewee/Western_Wood_Pewee_0028_795057.jpg,1,0,1,3,/o/ocean/00004552.jpg
8567,146.Forsters_Tern/Forsters_Tern_0077_152255.jpg,1,0,1,3,/o/ocean/00001638.jpg
8616,147.Least_Tern/Least_Tern_0082_154396.jpg,1,0,1,3,/o/ocean/00004331.jpg
3503,061.Heermann_Gull/Heermann_Gull_0077_45711.jpg,1,0,1,3,/l/lake/natural/00001611.jpg
3621,063.Ivory_Gull/Ivory_Gull_0089_49699.jpg,1,0,1,3,/l/lake/natural/00000263.jpg
3473,060.Glaucous_winged_Gull/Glaucous_Winged_Gull_0091_44848.jpg,1,0,1,3,/l/lake/natural/00001007.jpg
5063,087.Mallard/Mallard_0086_76567.jpg,1,0,1,3,/l/lake/natural/00002094.jpg
318,006.Least_Auklet/Least_Auklet_0007_795123.jpg,1,0,1,3,/l/lake/natural/00001497.jpg
2566,045.Northern_Fulmar/Northern_Fulmar_0039_43689.jpg,1,0,1,3,/o/ocean/00004372.jpg
3325,058.Pigeon_Guillemot/Pigeon_Guillemot_0019_40515.jpg,1,0,1,3,/l/lake/natural/00004539.jpg
3049,053.Western_Grebe/Western_Grebe_0069_36486.jpg,1,0,1,3,/l/lake/natural/00002922.jpg
3803,066.Western_Gull/Western_Gull_0025_55421.jpg,1,0,1,3,/o/ocean/00001746.jpg
5914,101.White_Pelican/White_Pelican_0024_96554.jpg,1,0,1,3,/o/ocean/00004300.jpg
5876,101.White_Pelican/White_Pelican_0071_96061.jpg,1,0,1,3,/l/lake/natural/00002769.jpg
102,002.Laysan_Albatross/Laysan_Albatross_0056_500.jpg,1,0,1,3,/o/ocean/00000734.jpg
3833,066.Western_Gull/Western_Gull_0115_54950.jpg,1,0,1,3,/l/lake/natural/00000086.jpg
366,007.Parakeet_Auklet/Parakeet_Auklet_0003_795982.jpg,1,0,1,3,/l/lake/natural/00003059.jpg
8637,147.Least_Tern/Least_Tern_0122_153012.jpg,1,0,1,3,/o/ocean/00001116.jpg
5079,087.Mallard/Mallard_0014_76166.jpg,1,0,1,3,/l/lake/natural/00001418.jpg
8500,145.Elegant_Tern/Elegant_Tern_0052_150695.jpg,1,0,1,3,/l/lake/natural/00001786.jpg
6149,106.Horned_Puffin/Horned_Puffin_0055_100882.jpg,1,0,1,3,/l/lake/natural/00002272.jpg
1236,023.Brandt_Cormorant/Brandt_Cormorant_0072_23069.jpg,1,0,1,3,/l/lake/natural/00004385.jpg
3558,062.Herring_Gull/Herring_Gull_0141_47184.jpg,1,0,1,3,/l/lake/natural/00000179.jpg
2564,045.Northern_Fulmar/Northern_Fulmar_0048_43672.jpg,1,0,1,3,/l/lake/natural/00000989.jpg
359,007.Parakeet_Auklet/Parakeet_Auklet_0059_795973.jpg,1,0,1,3,/l/lake/natural/00002716.jpg
3348,058.Pigeon_Guillemot/Pigeon_Guillemot_0103_39882.jpg,1,0,1,3,/o/ocean/00004280.jpg
8605,147.Least_Tern/Least_Tern_0033_153796.jpg,1,0,1,3,/o/ocean/00002559.jpg
5153,089.Hooded_Merganser/Hooded_Merganser_0053_796728.jpg,1,0,1,3,/l/lake/natural/00003164.jpg
8394,143.Caspian_Tern/Caspian_Tern_0046_145627.jpg,1,0,1,3,/l/lake/natural/00003840.jpg
8498,145.Elegant_Tern/Elegant_Tern_0004_150948.jpg,1,0,1,3,/o/ocean/00002581.jpg
2872,050.Eared_Grebe/Eared_Grebe_0045_34212.jpg,1,0,1,3,/l/lake/natural/00003916.jpg
2536,045.Northern_Fulmar/Northern_Fulmar_0074_43955.jpg,1,0,1,3,/l/lake/natural/00004161.jpg
3422,059.California_Gull/California_Gull_0135_41383.jpg,1,0,1,3,/l/lake/natural/00003470.jpg
36,001.Black_footed_Albatross/Black_Footed_Albatross_0057_796106.jpg,1,0,1,3,/o/ocean/00001945.jpg
2479,044.Frigatebird/Frigatebird_0051_43043.jpg,1,0,1,3,/o/ocean/00004440.jpg
8462,144.Common_Tern/Common_Tern_0053_148472.jpg,1,0,1,3,/o/ocean/00001659.jpg
8265,141.Artic_Tern/Artic_Tern_0111_143101.jpg,1,0,1,3,/o/ocean/00001606.jpg
2568,045.Northern_Fulmar/Northern_Fulmar_0047_43698.jpg,1,0,1,3,/l/lake/natural/00001956.jpg
21,001.Black_footed_Albatross/Black_Footed_Albatross_0060_796076.jpg,1,0,1,3,/l/lake/natural/00000372.jpg
51,001.Black_footed_Albatross/Black_Footed_Albatross_0039_796132.jpg,1,0,1,3,/o/ocean/00001914.jpg
6186,106.Horned_Puffin/Horned_Puffin_0022_100766.jpg,1,0,1,3,/o/ocean/00004506.jpg
2890,051.Horned_Grebe/Horned_Grebe_0017_35073.jpg,1,0,1,3,/o/ocean/00001878.jpg
2882,050.Eared_Grebe/Eared_Grebe_0064_34251.jpg,1,0,1,3,/l/lake/natural/00004470.jpg
2562,045.Northern_Fulmar/Northern_Fulmar_0070_43916.jpg,1,0,1,3,/o/ocean/00004609.jpg
1130,021.Eastern_Towhee/Eastern_Towhee_0093_22621.jpg,1,0,1,3,/o/ocean/00001984.jpg
8584,147.Least_Tern/Least_Tern_0109_154127.jpg,1,0,1,3,/o/ocean/00004588.jpg
319,006.Least_Auklet/Least_Auklet_0057_795126.jpg,1,0,1,3,/o/ocean/00004209.jpg
1239,023.Brandt_Cormorant/Brandt_Cormorant_0016_23077.jpg,1,0,1,3,/o/ocean/00004610.jpg
2534,045.Northern_Fulmar/Northern_Fulmar_0060_43813.jpg,1,0,1,3,/o/ocean/00003674.jpg
3345,058.Pigeon_Guillemot/Pigeon_Guillemot_0005_40375.jpg,1,0,1,3,/l/lake/natural/00004760.jpg
4988,086.Pacific_Loon/Pacific_Loon_0065_75588.jpg,1,0,1,3,/o/ocean/00003700.jpg
3551,062.Herring_Gull/Herring_Gull_0105_46113.jpg,1,0,1,3,/l/lake/natural/00002513.jpg
5159,089.Hooded_Merganser/Hooded_Merganser_0057_796742.jpg,1,0,1,3,/l/lake/natural/00000186.jpg
5155,089.Hooded_Merganser/Hooded_Merganser_0021_796732.jpg,1,0,1,3,/o/ocean/00003770.jpg
3775,065.Slaty_backed_Gull/Slaty_Backed_Gull_0029_45047.jpg,1,0,1,3,/o/ocean/00000593.jpg
1343,025.Pelagic_Cormorant/Pelagic_Cormorant_0054_23812.jpg,1,0,1,3,/l/lake/natural/00002755.jpg
3447,060.Glaucous_winged_Gull/Glaucous_Winged_Gull_0138_44694.jpg,1,0,1,3,/o/ocean/00001918.jpg
4154,072.Pomarine_Jaeger/Pomarine_Jaeger_0060_795756.jpg,1,0,1,3,/l/lake/natural/00002101.jpg
264,005.Crested_Auklet/Crested_Auklet_0033_794964.jpg,1,0,1,3,/o/ocean/00001502.jpg
5075,087.Mallard/Mallard_0123_76653.jpg,1,0,1,3,/l/lake/natural/00002647.jpg
253,005.Crested_Auklet/Crested_Auklet_0032_794931.jpg,1,0,1,3,/o/ocean/00004537.jpg
5961,102.Western_Wood_Pewee/Western_Wood_Pewee_0076_98002.jpg,1,0,1,3,/o/ocean/00001483.jpg
3458,060.Glaucous_winged_Gull/Glaucous_Winged_Gull_0133_44738.jpg,1,0,1,3,/l/lake/natural/00003865.jpg
2870,050.Eared_Grebe/Eared_Grebe_0052_34205.jpg,1,0,1,3,/o/ocean/00001499.jpg
5878,101.White_Pelican/White_Pelican_0042_97250.jpg,1,0,1,3,/l/lake/natural/00000066.jpg
3792,066.Western_Gull/Western_Gull_0093_54925.jpg,1,0,1,3,/l/lake/natural/00001257.jpg
5910,101.White_Pelican/White_Pelican_0047_97190.jpg,1,0,1,3,/l/lake/natural/00000519.jpg
3509,061.Heermann_Gull/Heermann_Gull_0098_45753.jpg,1,0,1,3,/l/lake/natural/00000185.jpg
3754,065.Slaty_backed_Gull/Slaty_Backed_Gull_0051_796031.jpg,1,0,1,3,/l/lake/natural/00004559.jpg
3451,060.Glaucous_winged_Gull/Glaucous_Winged_Gull_0081_45223.jpg,1,0,1,3,/l/lake/natural/00001939.jpg
5018,086.Pacific_Loon/Pacific_Loon_0023_75476.jpg,1,0,1,3,/l/lake/natural/00003656.jpg
5052,087.Mallard/Mallard_0121_77434.jpg,1,0,1,3,/o/ocean/00002451.jpg
1156,021.Eastern_Towhee/Eastern_Towhee_0050_22257.jpg,1,0,1,3,/o/ocean/00004118.jpg
249,005.Crested_Auklet/Crested_Auklet_0005_794922.jpg,1,0,1,3,/l/lake/natural/00000069.jpg
8516,145.Elegant_Tern/Elegant_Tern_0028_151019.jpg,1,0,1,3,/o/ocean/00002440.jpg
3774,065.Slaty_backed_Gull/Slaty_Backed_Gull_0002_53238.jpg,1,0,1,3,/l/lake/natural/00003340.jpg
5217,090.Red_breasted_Merganser/Red_Breasted_Merganser_0049_79432.jpg,1,0,1,3,/l/lake/natural/00000181.jpg
5849,100.Brown_Pelican/Brown_Pelican_0121_94067.jpg,1,0,1,3,/o/ocean/00001693.jpg
3000,052.Pied_billed_Grebe/Pied_Billed_Grebe_0050_35530.jpg,1,0,1,3,/o/ocean/00003553.jpg
5069,087.Mallard/Mallard_0013_77619.jpg,1,0,1,3,/l/lake/natural/00003721.jpg
3048,053.Western_Grebe/Western_Grebe_0001_36481.jpg,1,0,1,3,/l/lake/natural/00001206.jpg
2598,046.Gadwall/Gadwall_0017_30979.jpg,1,0,1,3,/o/ocean/00004336.jpg
6182,106.Horned_Puffin/Horned_Puffin_0067_100737.jpg,1,0,1,3,/l/lake/natural/00004592.jpg
8453,144.Common_Tern/Common_Tern_0085_147937.jpg,1,0,1,3,/o/ocean/00002021.jpg
2512,044.Frigatebird/Frigatebird_0045_42823.jpg,1,0,1,3,/o/ocean/00001445.jpg
5096,088.Western_Meadowlark/Western_Meadowlark_0050_77864.jpg,1,0,1,3,/l/lake/natural/00000102.jpg
3031,053.Western_Grebe/Western_Grebe_0088_36428.jpg,1,0,1,3,/o/ocean/00000379.jpg
46,001.Black_footed_Albatross/Black_Footed_Albatross_0079_796122.jpg,1,0,1,3,/o/ocean/00003328.jpg
364,007.Parakeet_Auklet/Parakeet_Auklet_0048_795980.jpg,1,0,1,3,/l/lake/natural/00003549.jpg
3020,053.Western_Grebe/Western_Grebe_0004_36130.jpg,1,0,1,3,/l/lake/natural/00001008.jpg
5956,102.Western_Wood_Pewee/Western_Wood_Pewee_0035_795062.jpg,1,0,1,3,/o/ocean/00002442.jpg
3023,053.Western_Grebe/Western_Grebe_0058_36403.jpg,1,0,1,3,/l/lake/natural/00003623.jpg
8239,141.Artic_Tern/Artic_Tern_0050_140887.jpg,1,0,1,3,/o/ocean/00002208.jpg
8306,142.Black_Tern/Black_Tern_0015_143979.jpg,1,0,1,3,/o/ocean/00004724.jpg
8615,147.Least_Tern/Least_Tern_0092_153361.jpg,1,0,1,3,/o/ocean/00003226.jpg
4105,071.Long_tailed_Jaeger/Long_Tailed_Jaeger_0018_61081.jpg,1,0,1,3,/o/ocean/00001091.jpg
322,006.Least_Auklet/Least_Auklet_0038_795132.jpg,1,0,1,3,/l/lake/natural/00000484.jpg
3343,058.Pigeon_Guillemot/Pigeon_Guillemot_0090_40090.jpg,1,0,1,3,/l/lake/natural/00003296.jpg
1358,025.Pelagic_Cormorant/Pelagic_Cormorant_0062_23623.jpg,1,0,1,3,/o/ocean/00001223.jpg
3676,064.Ring_billed_Gull/Ring_Billed_Gull_0063_51256.jpg,1,0,1,3,/o/ocean/00004411.jpg
2849,050.Eared_Grebe/Eared_Grebe_0026_34383.jpg,1,0,1,3,/l/lake/natural/00002756.jpg
3747,065.Slaty_backed_Gull/Slaty_Backed_Gull_0058_796024.jpg,1,0,1,3,/l/lake/natural/00001398.jpg
5019,086.Pacific_Loon/Pacific_Loon_0012_75736.jpg,1,0,1,3,/l/lake/natural/00002347.jpg
2973,052.Pied_billed_Grebe/Pied_Billed_Grebe_0005_35437.jpg,1,0,1,3,/l/lake/natural/00004657.jpg
3546,061.Heermann_Gull/Heermann_Gull_0131_45548.jpg,1,0,1,3,/o/ocean/00003895.jpg
5906,101.White_Pelican/White_Pelican_0028_95950.jpg,1,0,1,3,/o/ocean/00003739.jpg
2933,051.Horned_Grebe/Horned_Grebe_0006_34718.jpg,1,0,1,3,/o/ocean/00003209.jpg
2490,044.Frigatebird/Frigatebird_0001_43101.jpg,1,0,1,3,/o/ocean/00003942.jpg
3375,059.California_Gull/California_Gull_0111_41033.jpg,1,0,1,3,/l/lake/natural/00002873.jpg
1353,025.Pelagic_Cormorant/Pelagic_Cormorant_0035_23849.jpg,1,0,1,3,/o/ocean/00002629.jpg
3700,064.Ring_billed_Gull/Ring_Billed_Gull_0098_51410.jpg,1,0,1,3,/l/lake/natural/00004145.jpg
4993,086.Pacific_Loon/Pacific_Loon_0021_75859.jpg,1,0,1,3,/l/lake/natural/00002931.jpg
5958,102.Western_Wood_Pewee/Western_Wood_Pewee_0054_97982.jpg,1,0,1,3,/o/ocean/00002426.jpg
8625,147.Least_Tern/Least_Tern_0056_153965.jpg,1,0,1,3,/o/ocean/00004813.jpg
3640,063.Ivory_Gull/Ivory_Gull_0005_49021.jpg,1,0,1,3,/o/ocean/00002182.jpg
5919,102.Western_Wood_Pewee/Western_Wood_Pewee_0021_98101.jpg,1,0,1,3,/o/ocean/00002328.jpg
5231,090.Red_breasted_Merganser/Red_Breasted_Merganser_0062_79548.jpg,1,0,1,3,/l/lake/natural/00004281.jpg
6168,106.Horned_Puffin/Horned_Puffin_0025_100942.jpg,1,0,1,3,/l/lake/natural/00000570.jpg
8551,146.Forsters_Tern/Forsters_Tern_0017_152696.jpg,1,0,1,3,/l/lake/natural/00004496.jpg
4860,084.Red_legged_Kittiwake/Red_Legged_Kittiwake_0007_795402.jpg,1,0,1,3,/l/lake/natural/00003474.jpg
8612,147.Least_Tern/Least_Tern_0114_153840.jpg,1,0,1,3,/l/lake/natural/00004549.jpg
4880,084.Red_legged_Kittiwake/Red_Legged_Kittiwake_0049_795440.jpg,1,0,1,3,/o/ocean/00003891.jpg
5040,087.Mallard/Mallard_0069_76926.jpg,1,0,1,3,/o/ocean/00000532.jpg
1375,025.Pelagic_Cormorant/Pelagic_Cormorant_0044_23536.jpg,1,0,1,3,/l/lake/natural/00004279.jpg
2907,051.Horned_Grebe/Horned_Grebe_0090_34640.jpg,1,0,1,3,/o/ocean/00004264.jpg
5922,102.Western_Wood_Pewee/Western_Wood_Pewee_0046_98113.jpg,1,0,1,3,/l/lake/natural/00001806.jpg
5030,087.Mallard/Mallard_0025_76465.jpg,1,0,1,3,/l/lake/natural/00001143.jpg
1232,023.Brandt_Cormorant/Brandt_Cormorant_0029_23043.jpg,1,0,1,3,/o/ocean/00002413.jpg
2605,046.Gadwall/Gadwall_0096_31560.jpg,1,0,1,3,/l/lake/natural/00004683.jpg
248,005.Crested_Auklet/Crested_Auklet_0047_794918.jpg,1,0,1,3,/o/ocean/00003365.jpg
2513,044.Frigatebird/Frigatebird_0005_42828.jpg,1,0,1,3,/o/ocean/00000183.jpg
1365,025.Pelagic_Cormorant/Pelagic_Cormorant_0064_23641.jpg,1,0,1,3,/l/lake/natural/00000647.jpg
6185,106.Horned_Puffin/Horned_Puffin_0028_100765.jpg,1,0,1,3,/l/lake/natural/00002578.jpg
3599,062.Herring_Gull/Herring_Gull_0004_48046.jpg,1,0,1,3,/l/lake/natural/00004116.jpg
5839,100.Brown_Pelican/Brown_Pelican_0043_94506.jpg,1,0,1,3,/l/lake/natural/00000292.jpg
1337,024.Red_faced_Cormorant/Red_Faced_Cormorant_0062_796336.jpg,1,0,1,3,/l/lake/natural/00000300.jpg
8263,141.Artic_Tern/Artic_Tern_0133_141069.jpg,1,0,1,3,/o/ocean/00000385.jpg
2529,044.Frigatebird/Frigatebird_0070_43516.jpg,1,0,1,3,/o/ocean/00003835.jpg
333,007.Parakeet_Auklet/Parakeet_Auklet_0035_795934.jpg,1,0,1,3,/o/ocean/00001640.jpg
5932,102.Western_Wood_Pewee/Western_Wood_Pewee_0015_98184.jpg,1,0,1,3,/o/ocean/00001246.jpg
8264,141.Artic_Tern/Artic_Tern_0101_141075.jpg,1,0,1,3,/l/lake/natural/00002316.jpg
417,008.Rhinoceros_Auklet/Rhinoceros_Auklet_0015_2160.jpg,1,0,1,3,/l/lake/natural/00003099.jpg
5008,086.Pacific_Loon/Pacific_Loon_0046_75439.jpg,1,0,1,3,/l/lake/natural/00004546.jpg
3316,058.Pigeon_Guillemot/Pigeon_Guillemot_0084_40217.jpg,1,0,1,3,/l/lake/natural/00003906.jpg
69,002.Laysan_Albatross/Laysan_Albatross_0081_800.jpg,1,0,1,3,/l/lake/natural/00001300.jpg
8643,147.Least_Tern/Least_Tern_0038_153087.jpg,1,0,1,3,/l/lake/natural/00002685.jpg
283,006.Least_Auklet/Least_Auklet_0035_1888.jpg,1,0,1,3,/l/lake/natural/00004729.jpg
2510,044.Frigatebird/Frigatebird_0114_42807.jpg,1,0,1,3,/o/ocean/00000472.jpg
5850,100.Brown_Pelican/Brown_Pelican_0129_94074.jpg,1,0,1,3,/o/ocean/00003956.jpg
3572,062.Herring_Gull/Herring_Gull_0014_47814.jpg,1,0,1,3,/l/lake/natural/00004855.jpg
8473,145.Elegant_Tern/Elegant_Tern_0088_151089.jpg,1,0,1,3,/l/lake/natural/00003333.jpg
375,007.Parakeet_Auklet/Parakeet_Auklet_0078_2004.jpg,1,0,1,3,/o/ocean/00000695.jpg
3817,066.Western_Gull/Western_Gull_0073_54118.jpg,1,0,1,3,/l/lake/natural/00003280.jpg
5890,101.White_Pelican/White_Pelican_0044_96028.jpg,1,0,1,3,/l/lake/natural/00002372.jpg
8449,144.Common_Tern/Common_Tern_0077_149196.jpg,1,0,1,3,/o/ocean/00003407.jpg
5039,087.Mallard/Mallard_0119_76925.jpg,1,0,1,3,/o/ocean/00000488.jpg
1314,024.Red_faced_Cormorant/Red_Faced_Cormorant_0037_796305.jpg,1,0,1,3,/o/ocean/00000322.jpg
6171,106.Horned_Puffin/Horned_Puffin_0062_100693.jpg,1,0,1,3,/o/ocean/00000094.jpg
362,007.Parakeet_Auklet/Parakeet_Auklet_0074_795976.jpg,1,0,1,3,/o/ocean/00001559.jpg
4871,084.Red_legged_Kittiwake/Red_Legged_Kittiwake_0045_795426.jpg,1,0,1,3,/o/ocean/00003249.jpg
148,003.Sooty_Albatross/Sooty_Albatross_0017_796349.jpg,1,0,1,3,/o/ocean/00004445.jpg
5111,088.Western_Meadowlark/Western_Meadowlark_0017_78940.jpg,1,0,1,3,/l/lake/natural/00000915.jpg
55,001.Black_footed_Albatross/Black_Footed_Albatross_0007_796138.jpg,1,0,1,3,/o/ocean/00004169.jpg
1122,021.Eastern_Towhee/Eastern_Towhee_0099_22566.jpg,1,0,1,3,/o/ocean/00000410.jpg
3373,059.California_Gull/California_Gull_0029_41506.jpg,1,0,1,3,/l/lake/natural/00000998.jpg
8369,143.Caspian_Tern/Caspian_Tern_0055_146014.jpg,1,0,1,3,/o/ocean/00000124.jpg
3748,065.Slaty_backed_Gull/Slaty_Backed_Gull_0045_796025.jpg,1,0,1,3,/o/ocean/00004921.jpg
4171,072.Pomarine_Jaeger/Pomarine_Jaeger_0066_795780.jpg,1,0,1,3,/o/ocean/00003600.jpg
8236,141.Artic_Tern/Artic_Tern_0112_141893.jpg,1,0,1,3,/o/ocean/00002361.jpg
2886,050.Eared_Grebe/Eared_Grebe_0040_34340.jpg,1,0,1,3,/o/ocean/00000011.jpg
4159,072.Pomarine_Jaeger/Pomarine_Jaeger_0007_795764.jpg,1,0,1,3,/o/ocean/00004430.jpg
3743,065.Slaty_backed_Gull/Slaty_Backed_Gull_0077_796017.jpg,1,0,1,3,/o/ocean/00003980.jpg
3709,064.Ring_billed_Gull/Ring_Billed_Gull_0003_51480.jpg,1,0,1,3,/o/ocean/00004035.jpg
53,001.Black_footed_Albatross/Black_Footed_Albatross_0068_796135.jpg,1,0,1,3,/o/ocean/00004831.jpg
6144,106.Horned_Puffin/Horned_Puffin_0016_100993.jpg,1,0,1,3,/o/ocean/00004434.jpg
1139,021.Eastern_Towhee/Eastern_Towhee_0054_22147.jpg,1,0,1,3,/l/lake/natural/00004594.jpg
5087,088.Western_Meadowlark/Western_Meadowlark_0120_77834.jpg,1,0,1,3,/l/lake/natural/00003930.jpg
8405,144.Common_Tern/Common_Tern_0019_149769.jpg,1,0,1,3,/l/lake/natural/00003486.jpg
3459,060.Glaucous_winged_Gull/Glaucous_Winged_Gull_0129_44742.jpg,1,0,1,3,/o/ocean/00002468.jpg
3635,063.Ivory_Gull/Ivory_Gull_0043_49755.jpg,1,0,1,3,/l/lake/natural/00002508.jpg
1245,023.Brandt_Cormorant/Brandt_Cormorant_0038_23110.jpg,1,0,1,3,/o/ocean/00003629.jpg
4896,084.Red_legged_Kittiwake/Red_Legged_Kittiwake_0036_73814.jpg,1,0,1,3,/l/lake/natural/00004643.jpg
5833,100.Brown_Pelican/Brown_Pelican_0080_93439.jpg,1,0,1,3,/l/lake/natural/00004736.jpg
1135,021.Eastern_Towhee/Eastern_Towhee_0064_22649.jpg,1,0,1,3,/o/ocean/00002541.jpg
3769,065.Slaty_backed_Gull/Slaty_Backed_Gull_0087_786374.jpg,1,0,1,3,/o/ocean/00002747.jpg
145,003.Sooty_Albatross/Sooty_Albatross_0064_796343.jpg,1,0,1,3,/o/ocean/00004074.jpg
8470,145.Elegant_Tern/Elegant_Tern_0034_45914.jpg,1,0,1,3,/o/ocean/00000902.jpg
5930,102.Western_Wood_Pewee/Western_Wood_Pewee_0074_98282.jpg,1,0,1,3,/l/lake/natural/00003514.jpg
2841,050.Eared_Grebe/Eared_Grebe_0027_34341.jpg,1,0,1,3,/l/lake/natural/00001551.jpg
3402,059.California_Gull/California_Gull_0059_40764.jpg,1,0,1,3,/o/ocean/00003040.jpg
3481,060.Glaucous_winged_Gull/Glaucous_Winged_Gull_0045_44906.jpg,1,0,1,3,/l/lake/natural/00003744.jpg
2970,052.Pied_billed_Grebe/Pied_Billed_Grebe_0072_35939.jpg,1,0,1,3,/l/lake/natural/00001224.jpg
3310,058.Pigeon_Guillemot/Pigeon_Guillemot_0018_40195.jpg,1,0,1,3,/l/lake/natural/00003202.jpg
8343,142.Black_Tern/Black_Tern_0010_144341.jpg,1,0,1,3,/o/ocean/00003421.jpg
8240,141.Artic_Tern/Artic_Tern_0080_140889.jpg,1,0,1,3,/l/lake/natural/00001131.jpg
8373,143.Caspian_Tern/Caspian_Tern_0029_147589.jpg,1,0,1,3,/l/lake/natural/00001569.jpg
5181,089.Hooded_Merganser/Hooded_Merganser_0023_796784.jpg,1,0,1,3,/o/ocean/00004448.jpg
1299,024.Red_faced_Cormorant/Red_Faced_Cormorant_0050_796276.jpg,1,0,1,3,/l/lake/natural/00004763.jpg
2964,052.Pied_billed_Grebe/Pied_Billed_Grebe_0048_35670.jpg,1,0,1,3,/o/ocean/00001812.jpg
266,005.Crested_Auklet/Crested_Auklet_0062_794968.jpg,1,0,1,3,/l/lake/natural/00003003.jpg
401,008.Rhinoceros_Auklet/Rhinoceros_Auklet_0014_797522.jpg,1,0,1,3,/o/ocean/00002163.jpg
2832,050.Eared_Grebe/Eared_Grebe_0068_34052.jpg,1,0,1,3,/l/lake/natural/00004954.jpg
2962,052.Pied_billed_Grebe/Pied_Billed_Grebe_0081_35409.jpg,1,0,1,3,/l/lake/natural/00003813.jpg
5824,100.Brown_Pelican/Brown_Pelican_0111_93872.jpg,1,0,1,3,/o/ocean/00003168.jpg
8458,144.Common_Tern/Common_Tern_0076_148391.jpg,1,0,1,3,/l/lake/natural/00000391.jpg
5825,100.Brown_Pelican/Brown_Pelican_0031_93874.jpg,1,0,1,3,/l/lake/natural/00000310.jpg
4092,071.Long_tailed_Jaeger/Long_Tailed_Jaeger_0001_797061.jpg,1,0,1,3,/o/ocean/00001829.jpg
6146,106.Horned_Puffin/Horned_Puffin_0024_100620.jpg,1,0,1,3,/l/lake/natural/00002137.jpg
2928,051.Horned_Grebe/Horned_Grebe_0099_34989.jpg,1,0,1,3,/o/ocean/00002393.jpg
421,008.Rhinoceros_Auklet/Rhinoceros_Auklet_0033_2169.jpg,1,0,1,3,/o/ocean/00004833.jpg
5065,087.Mallard/Mallard_0095_76080.jpg,1,0,1,3,/l/lake/natural/00002776.jpg
5888,101.White_Pelican/White_Pelican_0068_95635.jpg,1,0,1,3,/l/lake/natural/00003132.jpg
3628,063.Ivory_Gull/Ivory_Gull_0098_49810.jpg,1,0,1,3,/o/ocean/00001418.jpg
3366,058.Pigeon_Guillemot/Pigeon_Guillemot_0059_39929.jpg,1,0,1,3,/l/lake/natural/00001095.jpg
5020,086.Pacific_Loon/Pacific_Loon_0006_75386.jpg,1,0,1,3,/l/lake/natural/00002968.jpg
5256,090.Red_breasted_Merganser/Red_Breasted_Merganser_0076_79312.jpg,1,0,1,3,/l/lake/natural/00001136.jpg
2560,045.Northern_Fulmar/Northern_Fulmar_0081_43912.jpg,1,0,1,3,/o/ocean/00001750.jpg
5163,089.Hooded_Merganser/Hooded_Merganser_0013_796754.jpg,1,0,1,3,/o/ocean/00004476.jpg
3740,065.Slaty_backed_Gull/Slaty_Backed_Gull_0056_796013.jpg,1,0,1,3,/o/ocean/00001404.jpg
398,008.Rhinoceros_Auklet/Rhinoceros_Auklet_0026_797519.jpg,1,0,1,3,/o/ocean/00000450.jpg
1328,024.Red_faced_Cormorant/Red_Faced_Cormorant_0045_796324.jpg,1,0,1,3,/l/lake/natural/00002601.jpg
388,008.Rhinoceros_Auklet/Rhinoceros_Auklet_0016_2114.jpg,1,0,1,3,/l/lake/natural/00003305.jpg
2625,046.Gadwall/Gadwall_0075_30892.jpg,1,0,1,3,/o/ocean/00001740.jpg
403,008.Rhinoceros_Auklet/Rhinoceros_Auklet_0011_797530.jpg,1,0,1,3,/o/ocean/00004307.jpg
2504,044.Frigatebird/Frigatebird_0107_42773.jpg,1,0,1,3,/o/ocean/00002959.jpg
5170,089.Hooded_Merganser/Hooded_Merganser_0079_796768.jpg,1,0,1,3,/l/lake/natural/00002300.jpg
4165,072.Pomarine_Jaeger/Pomarine_Jaeger_0001_795772.jpg,1,0,1,3,/l/lake/natural/00003346.jpg
172,003.Sooty_Albatross/Sooty_Albatross_0079_796389.jpg,1,0,1,3,/l/lake/natural/00003654.jpg
5187,089.Hooded_Merganser/Hooded_Merganser_0040_78984.jpg,1,0,1,3,/o/ocean/00000032.jpg
3544,061.Heermann_Gull/Heermann_Gull_0024_45486.jpg,1,0,1,3,/o/ocean/00004326.jpg
8518,145.Elegant_Tern/Elegant_Tern_0098_151028.jpg,1,0,1,3,/o/ocean/00001111.jpg
5175,089.Hooded_Merganser/Hooded_Merganser_0006_796778.jpg,1,0,1,3,/o/ocean/00001991.jpg
5128,088.Western_Meadowlark/Western_Meadowlark_0112_78760.jpg,1,0,1,3,/l/lake/natural/00000071.jpg
3658,063.Ivory_Gull/Ivory_Gull_0059_49662.jpg,1,0,1,3,/l/lake/natural/00004286.jpg
3047,053.Western_Grebe/Western_Grebe_0085_36224.jpg,1,0,1,3,/o/ocean/00003177.jpg
8416,144.Common_Tern/Common_Tern_0029_148035.jpg,1,0,1,3,/l/lake/natural/00000814.jpg
2595,046.Gadwall/Gadwall_0036_31760.jpg,1,0,1,3,/l/lake/natural/00001187.jpg
1252,023.Brandt_Cormorant/Brandt_Cormorant_0044_22884.jpg,1,0,1,3,/l/lake/natural/00001797.jpg
2597,046.Gadwall/Gadwall_0039_31013.jpg,1,0,1,3,/l/lake/natural/00004558.jpg
334,007.Parakeet_Auklet/Parakeet_Auklet_0038_795935.jpg,1,0,1,3,/l/lake/natural/00001703.jpg
136,003.Sooty_Albatross/Sooty_Albatross_0032_1149.jpg,1,0,1,3,/l/lake/natural/00003594.jpg
3832,066.Western_Gull/Western_Gull_0022_54607.jpg,1,0,1,3,/l/lake/natural/00001693.jpg
5092,088.Western_Meadowlark/Western_Meadowlark_0104_78105.jpg,1,0,1,3,/l/lake/natural/00001821.jpg
3681,064.Ring_billed_Gull/Ring_Billed_Gull_0033_51288.jpg,1,0,1,3,/o/ocean/00004521.jpg
5902,101.White_Pelican/White_Pelican_0005_95916.jpg,1,0,1,3,/o/ocean/00000200.jpg
3650,063.Ivory_Gull/Ivory_Gull_0065_49566.jpg,1,0,1,3,/l/lake/natural/00003817.jpg
8413,144.Common_Tern/Common_Tern_0098_148785.jpg,1,0,1,3,/o/ocean/00001551.jpg
5881,101.White_Pelican/White_Pelican_0067_95573.jpg,1,0,1,3,/o/ocean/00000570.jpg
8391,143.Caspian_Tern/Caspian_Tern_0075_147650.jpg,1,0,1,3,/l/lake/natural/00001741.jpg
3430,060.Glaucous_winged_Gull/Glaucous_Winged_Gull_0049_45065.jpg,1,0,1,3,/o/ocean/00004752.jpg
302,006.Least_Auklet/Least_Auklet_0027_795091.jpg,1,0,1,3,/o/ocean/00004012.jpg
6191,106.Horned_Puffin/Horned_Puffin_0046_100785.jpg,1,0,1,3,/l/lake/natural/00003941.jpg
2608,046.Gadwall/Gadwall_0048_31312.jpg,1,0,1,3,/l/lake/natural/00001782.jpg
2509,044.Frigatebird/Frigatebird_0068_42795.jpg,1,0,1,3,/l/lake/natural/00003165.jpg
1291,024.Red_faced_Cormorant/Red_Faced_Cormorant_0053_796331.jpg,1,0,1,3,/o/ocean/00001202.jpg
3665,063.Ivory_Gull/Ivory_Gull_0067_49659.jpg,1,0,1,3,/o/ocean/00003966.jpg
4881,084.Red_legged_Kittiwake/Red_Legged_Kittiwake_0024_795441.jpg,1,0,1,3,/l/lake/natural/00000047.jpg
6166,106.Horned_Puffin/Horned_Puffin_0082_100876.jpg,1,0,1,3,/o/ocean/00000671.jpg
2602,046.Gadwall/Gadwall_0069_31291.jpg,1,0,1,3,/l/lake/natural/00001532.jpg
287,006.Least_Auklet/Least_Auklet_0016_1903.jpg,1,0,1,3,/o/ocean/00003768.jpg
6179,106.Horned_Puffin/Horned_Puffin_0060_100726.jpg,1,0,1,3,/o/ocean/00002935.jpg
89,002.Laysan_Albatross/Laysan_Albatross_0088_883.jpg,1,0,1,3,/o/ocean/00004733.jpg
3488,061.Heermann_Gull/Heermann_Gull_0076_45597.jpg,1,0,1,3,/l/lake/natural/00004217.jpg
8522,145.Elegant_Tern/Elegant_Tern_0074_151036.jpg,1,0,1,3,/o/ocean/00002905.jpg
4193,072.Pomarine_Jaeger/Pomarine_Jaeger_0036_61410.jpg,1,0,1,3,/o/ocean/00003151.jpg
5828,100.Brown_Pelican/Brown_Pelican_0068_94430.jpg,1,0,1,3,/o/ocean/00002489.jpg
5054,087.Mallard/Mallard_0050_76519.jpg,1,0,1,3,/l/lake/natural/00002189.jpg
5142,088.Western_Meadowlark/Western_Meadowlark_0077_77814.jpg,1,0,1,3,/l/lake/natural/00004057.jpg
278,005.Crested_Auklet/Crested_Auklet_0063_794901.jpg,1,0,1,3,/l/lake/natural/00004830.jpg
2944,051.Horned_Grebe/Horned_Grebe_0068_35111.jpg,1,0,1,3,/l/lake/natural/00000296.jpg
2998,052.Pied_billed_Grebe/Pied_Billed_Grebe_0052_35937.jpg,1,0,1,3,/l/lake/natural/00004435.jpg
2895,051.Horned_Grebe/Horned_Grebe_0002_34577.jpg,1,0,1,3,/o/ocean/00003525.jpg
4079,071.Long_tailed_Jaeger/Long_Tailed_Jaeger_0027_60950.jpg,1,0,1,3,/l/lake/natural/00002292.jpg
8635,147.Least_Tern/Least_Tern_0052_154021.jpg,1,0,1,3,/o/ocean/00003046.jpg
168,003.Sooty_Albatross/Sooty_Albatross_0040_796375.jpg,1,0,1,3,/l/lake/natural/00004204.jpg
395,008.Rhinoceros_Auklet/Rhinoceros_Auklet_0032_797516.jpg,1,0,1,3,/l/lake/natural/00003608.jpg
2954,052.Pied_billed_Grebe/Pied_Billed_Grebe_0099_35872.jpg,1,0,1,3,/o/ocean/00002971.jpg
8410,144.Common_Tern/Common_Tern_0100_149541.jpg,1,0,1,3,/l/lake/natural/00000808.jpg
5953,102.Western_Wood_Pewee/Western_Wood_Pewee_0072_98035.jpg,1,0,1,3,/o/ocean/00004682.jpg
5149,089.Hooded_Merganser/Hooded_Merganser_0085_79146.jpg,1,0,1,3,/l/lake/natural/00000461.jpg
5834,100.Brown_Pelican/Brown_Pelican_0131_94464.jpg,1,0,1,3,/l/lake/natural/00003632.jpg
4897,084.Red_legged_Kittiwake/Red_Legged_Kittiwake_0030_73818.jpg,1,0,1,3,/o/ocean/00001532.jpg
4972,086.Pacific_Loon/Pacific_Loon_0036_75539.jpg,1,0,1,3,/l/lake/natural/00000764.jpg
6189,106.Horned_Puffin/Horned_Puffin_0078_100777.jpg,1,0,1,3,/o/ocean/00002471.jpg
3645,063.Ivory_Gull/Ivory_Gull_0105_49559.jpg,1,0,1,3,/l/lake/natural/00001032.jpg
4855,084.Red_legged_Kittiwake/Red_Legged_Kittiwake_0054_795396.jpg,1,0,1,3,/l/lake/natural/00003713.jpg
8354,143.Caspian_Tern/Caspian_Tern_0117_146009.jpg,1,0,1,3,/o/ocean/00001682.jpg
109,002.Laysan_Albatross/Laysan_Albatross_0068_726.jpg,1,0,1,3,/o/ocean/00001172.jpg
385,008.Rhinoceros_Auklet/Rhinoceros_Auklet_0023_797501.jpg,1,0,1,3,/o/ocean/00001166.jpg
415,008.Rhinoceros_Auklet/Rhinoceros_Auklet_0010_797545.jpg,1,0,1,3,/o/ocean/00000471.jpg
5233,090.Red_breasted_Merganser/Red_Breasted_Merganser_0006_79216.jpg,1,0,1,3,/l/lake/natural/00003976.jpg
8602,147.Least_Tern/Least_Tern_0062_153259.jpg,1,0,1,3,/o/ocean/00003948.jpg
4899,084.Red_legged_Kittiwake/Red_Legged_Kittiwake_0027_795454.jpg,1,0,1,3,/l/lake/natural/00000659.jpg
3068,053.Western_Grebe/Western_Grebe_0007_36074.jpg,1,0,1,3,/l/lake/natural/00004978.jpg
8523,145.Elegant_Tern/Elegant_Tern_0068_150526.jpg,1,0,1,3,/o/ocean/00000498.jpg
5880,101.White_Pelican/White_Pelican_0039_97363.jpg,1,0,1,3,/l/lake/natural/00001841.jpg
1384,025.Pelagic_Cormorant/Pelagic_Cormorant_0053_23760.jpg,1,0,1,3,/o/ocean/00000062.jpg
297,006.Least_Auklet/Least_Auklet_0020_795080.jpg,1,0,1,3,/l/lake/natural/00001580.jpg
2894,051.Horned_Grebe/Horned_Grebe_0055_35104.jpg,1,0,1,3,/o/ocean/00001684.jpg
5869,101.White_Pelican/White_Pelican_0013_96901.jpg,1,0,1,3,/l/lake/natural/00002929.jpg
4124,071.Long_tailed_Jaeger/Long_Tailed_Jaeger_0029_61101.jpg,1,0,1,3,/o/ocean/00000682.jpg
296,006.Least_Auklet/Least_Auklet_0018_795077.jpg,1,0,1,3,/o/ocean/00000969.jpg
5864,100.Brown_Pelican/Brown_Pelican_0056_95229.jpg,1,0,1,3,/l/lake/natural/00000610.jpg
8302,142.Black_Tern/Black_Tern_0061_143959.jpg,1,0,1,3,/l/lake/natural/00002260.jpg
8568,146.Forsters_Tern/Forsters_Tern_0114_152768.jpg,1,0,1,3,/l/lake/natural/00000298.jpg
1331,024.Red_faced_Cormorant/Red_Faced_Cormorant_0064_23464.jpg,1,0,1,3,/l/lake/natural/00004939.jpg
4142,072.Pomarine_Jaeger/Pomarine_Jaeger_0024_61281.jpg,1,0,1,3,/l/lake/natural/00000304.jpg
2585,045.Northern_Fulmar/Northern_Fulmar_0004_43755.jpg,1,0,1,3,/l/lake/natural/00004649.jpg
3737,065.Slaty_backed_Gull/Slaty_Backed_Gull_0021_796008.jpg,1,0,1,3,/o/ocean/00002231.jpg
3017,053.Western_Grebe/Western_Grebe_0092_36121.jpg,1,0,1,3,/o/ocean/00002986.jpg
4166,072.Pomarine_Jaeger/Pomarine_Jaeger_0012_795773.jpg,1,0,1,3,/l/lake/natural/00000569.jpg
3374,059.California_Gull/California_Gull_0053_41011.jpg,1,0,1,3,/l/lake/natural/00000011.jpg
81,002.Laysan_Albatross/Laysan_Albatross_0013_910.jpg,1,0,1,3,/o/ocean/00004319.jpg
3715,064.Ring_billed_Gull/Ring_Billed_Gull_0092_51521.jpg,1,0,1,3,/o/ocean/00004744.jpg
250,005.Crested_Auklet/Crested_Auklet_0019_794925.jpg,1,0,1,3,/o/ocean/00000131.jpg
4131,071.Long_tailed_Jaeger/Long_Tailed_Jaeger_0041_60891.jpg,1,0,1,3,/l/lake/natural/00004522.jpg
6184,106.Horned_Puffin/Horned_Puffin_0012_100763.jpg,1,0,1,3,/l/lake/natural/00002416.jpg
8361,143.Caspian_Tern/Caspian_Tern_0101_145164.jpg,1,0,1,3,/o/ocean/00002392.jpg
122,003.Sooty_Albatross/Sooty_Albatross_0031_1066.jpg,1,0,1,3,/o/ocean/00004931.jpg
5016,086.Pacific_Loon/Pacific_Loon_0014_75468.jpg,1,0,1,3,/o/ocean/00003324.jpg
3468,060.Glaucous_winged_Gull/Glaucous_Winged_Gull_0057_44807.jpg,1,0,1,3,/l/lake/natural/00003269.jpg
3398,059.California_Gull/California_Gull_0055_41218.jpg,1,0,1,3,/l/lake/natural/00002027.jpg
8510,145.Elegant_Tern/Elegant_Tern_0050_150521.jpg,1,0,1,3,/o/ocean/00001539.jpg
8592,147.Least_Tern/Least_Tern_0075_153691.jpg,1,0,1,3,/o/ocean/00001567.jpg
4183,072.Pomarine_Jaeger/Pomarine_Jaeger_0039_61348.jpg,1,0,1,3,/o/ocean/00000297.jpg
5239,090.Red_breasted_Merganser/Red_Breasted_Merganser_0047_79486.jpg,1,0,1,3,/l/lake/natural/00003681.jpg
303,006.Least_Auklet/Least_Auklet_0010_795092.jpg,1,0,1,3,/l/lake/natural/00002719.jpg
3355,058.Pigeon_Guillemot/Pigeon_Guillemot_0077_39885.jpg,1,0,1,3,/o/ocean/00002947.jpg
1294,024.Red_faced_Cormorant/Red_Faced_Cormorant_0072_796269.jpg,1,0,1,3,/l/lake/natural/00001482.jpg
4078,071.Long_tailed_Jaeger/Long_Tailed_Jaeger_0012_797101.jpg,1,0,1,3,/l/lake/natural/00004788.jpg
1401,025.Pelagic_Cormorant/Pelagic_Cormorant_0022_23802.jpg,1,0,1,3,/o/ocean/00003649.jpg
1246,023.Brandt_Cormorant/Brandt_Cormorant_0074_22881.jpg,1,0,1,3,/l/lake/natural/00000593.jpg
5003,086.Pacific_Loon/Pacific_Loon_0019_75422.jpg,1,0,1,3,/o/ocean/00004945.jpg
8471,145.Elegant_Tern/Elegant_Tern_0064_150822.jpg,1,0,1,3,/o/ocean/00000537.jpg
2916,051.Horned_Grebe/Horned_Grebe_0102_34448.jpg,1,0,1,3,/o/ocean/00004650.jpg
3324,058.Pigeon_Guillemot/Pigeon_Guillemot_0025_40511.jpg,1,0,1,3,/o/ocean/00000198.jpg
289,006.Least_Auklet/Least_Auklet_0015_795065.jpg,1,0,1,3,/l/lake/natural/00001264.jpg
5037,087.Mallard/Mallard_0093_77419.jpg,1,0,1,3,/o/ocean/00003586.jpg
8517,145.Elegant_Tern/Elegant_Tern_0065_151021.jpg,1,0,1,3,/l/lake/natural/00001423.jpg
31,001.Black_footed_Albatross/Black_Footed_Albatross_0047_796064.jpg,1,0,1,3,/l/lake/natural/00001659.jpg
4157,072.Pomarine_Jaeger/Pomarine_Jaeger_0020_795761.jpg,1,0,1,3,/o/ocean/00002056.jpg
62,002.Laysan_Albatross/Laysan_Albatross_0003_1033.jpg,1,0,1,3,/o/ocean/00002102.jpg
1298,024.Red_faced_Cormorant/Red_Faced_Cormorant_0002_796275.jpg,1,0,1,3,/o/ocean/00003074.jpg
8599,147.Least_Tern/Least_Tern_0059_153746.jpg,1,0,1,3,/l/lake/natural/00004133.jpg
4968,086.Pacific_Loon/Pacific_Loon_0038_75526.jpg,1,0,1,3,/o/ocean/00004117.jpg
8241,141.Artic_Tern/Artic_Tern_0026_141839.jpg,1,0,1,3,/o/ocean/00000800.jpg
5073,087.Mallard/Mallard_0030_77143.jpg,1,0,1,3,/l/lake/natural/00003326.jpg
5194,089.Hooded_Merganser/Hooded_Merganser_0059_79016.jpg,1,0,1,3,/o/ocean/00004210.jpg
8583,146.Forsters_Tern/Forsters_Tern_0060_152190.jpg,1,0,1,3,/o/ocean/00001416.jpg
5931,102.Western_Wood_Pewee/Western_Wood_Pewee_0007_97985.jpg,1,0,1,3,/l/lake/natural/00000281.jpg
3046,053.Western_Grebe/Western_Grebe_0086_36478.jpg,1,0,1,3,/o/ocean/00004409.jpg
1165,021.Eastern_Towhee/Eastern_Towhee_0082_22330.jpg,1,0,1,3,/l/lake/natural/00001802.jpg
8407,144.Common_Tern/Common_Tern_0025_147728.jpg,1,0,1,3,/o/ocean/00001867.jpg
3597,062.Herring_Gull/Herring_Gull_0026_48041.jpg,1,0,1,3,/o/ocean/00004612.jpg
3466,060.Glaucous_winged_Gull/Glaucous_Winged_Gull_0012_44264.jpg,1,0,1,3,/o/ocean/00003322.jpg
3661,063.Ivory_Gull/Ivory_Gull_0109_49382.jpg,1,0,1,3,/l/lake/natural/00003985.jpg
3822,066.Western_Gull/Western_Gull_0028_55680.jpg,1,0,1,3,/o/ocean/00004877.jpg
4992,086.Pacific_Loon/Pacific_Loon_0057_75854.jpg,1,0,1,3,/o/ocean/00003323.jpg
3630,063.Ivory_Gull/Ivory_Gull_0117_49227.jpg,1,0,1,3,/l/lake/natural/00003759.jpg
8514,145.Elegant_Tern/Elegant_Tern_0045_150752.jpg,1,0,1,3,/o/ocean/00001359.jpg
1344,025.Pelagic_Cormorant/Pelagic_Cormorant_0083_23557.jpg,1,0,1,3,/o/ocean/00002687.jpg
4097,071.Long_tailed_Jaeger/Long_Tailed_Jaeger_0009_797070.jpg,1,0,1,3,/o/ocean/00004066.jpg
280,005.Crested_Auklet/Crested_Auklet_0030_794937.jpg,1,0,1,3,/l/lake/natural/00001439.jpg
56,001.Black_footed_Albatross/Black_Footed_Albatross_0069_796139.jpg,1,0,1,3,/o/ocean/00004950.jpg
3339,058.Pigeon_Guillemot/Pigeon_Guillemot_0105_40078.jpg,1,0,1,3,/l/lake/natural/00002139.jpg
1134,021.Eastern_Towhee/Eastern_Towhee_0126_22639.jpg,1,0,1,3,/l/lake/natural/00003970.jpg
3516,061.Heermann_Gull/Heermann_Gull_0135_45283.jpg,1,0,1,3,/l/lake/natural/00002798.jpg
2616,046.Gadwall/Gadwall_0086_31346.jpg,1,0,1,3,/o/ocean/00000912.jpg
111,002.Laysan_Albatross/Laysan_Albatross_0100_735.jpg,1,0,1,3,/o/ocean/00004051.jpg
416,008.Rhinoceros_Auklet/Rhinoceros_Auklet_0017_2155.jpg,1,0,1,3,/l/lake/natural/00003624.jpg
8339,142.Black_Tern/Black_Tern_0037_144110.jpg,1,0,1,3,/l/lake/natural/00000267.jpg
5241,090.Red_breasted_Merganser/Red_Breasted_Merganser_0063_79238.jpg,1,0,1,3,/o/ocean/00000578.jpg
2838,050.Eared_Grebe/Eared_Grebe_0038_34321.jpg,1,0,1,3,/l/lake/natural/00000543.jpg
3574,062.Herring_Gull/Herring_Gull_0064_47832.jpg,1,0,1,3,/o/ocean/00000276.jpg
5067,087.Mallard/Mallard_0055_77102.jpg,1,0,1,3,/o/ocean/00001429.jpg
1233,023.Brandt_Cormorant/Brandt_Cormorant_0014_23050.jpg,1,0,1,3,/o/ocean/00002867.jpg
3532,061.Heermann_Gull/Heermann_Gull_0141_45391.jpg,1,0,1,3,/o/ocean/00003769.jpg
3703,064.Ring_billed_Gull/Ring_Billed_Gull_0001_51416.jpg,1,0,1,3,/o/ocean/00004342.jpg
3334,058.Pigeon_Guillemot/Pigeon_Guillemot_0064_40044.jpg,1,0,1,3,/o/ocean/00004005.jpg
3534,061.Heermann_Gull/Heermann_Gull_0009_45905.jpg,1,0,1,3,/o/ocean/00000414.jpg
8570,146.Forsters_Tern/Forsters_Tern_0080_152521.jpg,1,0,1,3,/o/ocean/00001676.jpg
379,008.Rhinoceros_Auklet/Rhinoceros_Auklet_0021_2089.jpg,1,0,1,3,/l/lake/natural/00002435.jpg
8559,146.Forsters_Tern/Forsters_Tern_0027_151456.jpg,1,0,1,3,/l/lake/natural/00004902.jpg
4127,071.Long_tailed_Jaeger/Long_Tailed_Jaeger_0062_797104.jpg,1,0,1,3,/o/ocean/00003216.jpg
2996,052.Pied_billed_Grebe/Pied_Billed_Grebe_0120_35764.jpg,1,0,1,3,/o/ocean/00003084.jpg
324,007.Parakeet_Auklet/Parakeet_Auklet_0004_795921.jpg,1,0,1,3,/o/ocean/00004711.jpg
4116,071.Long_tailed_Jaeger/Long_Tailed_Jaeger_0056_797092.jpg,1,0,1,3,/o/ocean/00000284.jpg
115,002.Laysan_Albatross/Laysan_Albatross_0018_492.jpg,1,0,1,3,/o/ocean/00000899.jpg
5249,090.Red_breasted_Merganser/Red_Breasted_Merganser_0054_79542.jpg,1,0,1,3,/o/ocean/00004104.jpg
8548,146.Forsters_Tern/Forsters_Tern_0125_151399.jpg,1,0,1,3,/l/lake/natural/00000400.jpg
2486,044.Frigatebird/Frigatebird_0012_43062.jpg,1,0,1,3,/l/lake/natural/00000362.jpg
40,001.Black_footed_Albatross/Black_Footed_Albatross_0071_796113.jpg,1,0,1,3,/l/lake/natural/00002909.jpg
3044,053.Western_Grebe/Western_Grebe_0017_36218.jpg,1,0,1,3,/o/ocean/00000127.jpg
2980,052.Pied_billed_Grebe/Pied_Billed_Grebe_0122_35970.jpg,1,0,1,3,/l/lake/natural/00000625.jpg
5221,090.Red_breasted_Merganser/Red_Breasted_Merganser_0075_79169.jpg,1,0,1,3,/o/ocean/00001363.jpg
268,005.Crested_Auklet/Crested_Auklet_0067_785249.jpg,1,0,1,3,/o/ocean/00002625.jpg
8632,147.Least_Tern/Least_Tern_0006_153921.jpg,1,0,1,3,/l/lake/natural/00001849.jpg
5174,089.Hooded_Merganser/Hooded_Merganser_0090_796774.jpg,1,0,1,3,/l/lake/natural/00002997.jpg
3535,061.Heermann_Gull/Heermann_Gull_0020_45409.jpg,1,0,1,3,/l/lake/natural/00003077.jpg
2855,050.Eared_Grebe/Eared_Grebe_0034_34142.jpg,1,0,1,3,/l/lake/natural/00000767.jpg
3463,060.Glaucous_winged_Gull/Glaucous_Winged_Gull_0073_44253.jpg,1,0,1,3,/o/ocean/00003703.jpg
2487,044.Frigatebird/Frigatebird_0080_43064.jpg,1,0,1,3,/l/lake/natural/00004454.jpg
8566,146.Forsters_Tern/Forsters_Tern_0069_151229.jpg,1,0,1,3,/l/lake/natural/00003959.jpg
392,008.Rhinoceros_Auklet/Rhinoceros_Auklet_0006_797512.jpg,1,0,1,3,/o/ocean/00002456.jpg
5176,089.Hooded_Merganser/Hooded_Merganser_0024_796779.jpg,1,0,1,3,/l/lake/natural/00001832.jpg
8544,146.Forsters_Tern/Forsters_Tern_0104_152666.jpg,1,0,1,3,/l/lake/natural/00001111.jpg
3510,061.Heermann_Gull/Heermann_Gull_0035_45754.jpg,1,0,1,3,/l/lake/natural/00000189.jpg
2563,045.Northern_Fulmar/Northern_Fulmar_0041_44013.jpg,1,0,1,3,/o/ocean/00000024.jpg
5033,087.Mallard/Mallard_0026_76725.jpg,1,0,1,3,/o/ocean/00001716.jpg
3618,063.Ivory_Gull/Ivory_Gull_0045_49696.jpg,1,0,1,3,/l/lake/natural/00004784.jpg
6190,106.Horned_Puffin/Horned_Puffin_0021_100780.jpg,1,0,1,3,/l/lake/natural/00001678.jpg
3431,060.Glaucous_winged_Gull/Glaucous_Winged_Gull_0078_44461.jpg,1,0,1,3,/o/ocean/00001960.jpg
3701,064.Ring_billed_Gull/Ring_Billed_Gull_0017_51412.jpg,1,0,1,3,/l/lake/natural/00001766.jpg
6169,106.Horned_Puffin/Horned_Puffin_0066_100877.jpg,1,0,1,3,/o/ocean/00000905.jpg
6203,106.Horned_Puffin/Horned_Puffin_0006_100989.jpg,1,0,1,3,/o/ocean/00003021.jpg
4103,071.Long_tailed_Jaeger/Long_Tailed_Jaeger_0038_797077.jpg,1,0,1,3,/o/ocean/00001274.jpg
5,001.Black_footed_Albatross/Black_Footed_Albatross_0014_89.jpg,1,0,1,3,/o/ocean/00003356.jpg
1362,025.Pelagic_Cormorant/Pelagic_Cormorant_0080_23890.jpg,1,0,1,3,/l/lake/natural/00003319.jpg
5826,100.Brown_Pelican/Brown_Pelican_0020_95422.jpg,1,0,1,3,/o/ocean/00000288.jpg
1263,023.Brandt_Cormorant/Brandt_Cormorant_0045_22916.jpg,1,0,1,3,/o/ocean/00000157.jpg
3352,058.Pigeon_Guillemot/Pigeon_Guillemot_0053_39876.jpg,1,0,1,3,/o/ocean/00002514.jpg
3736,065.Slaty_backed_Gull/Slaty_Backed_Gull_0076_796005.jpg,1,0,1,3,/l/lake/natural/00001699.jpg
2646,046.Gadwall/Gadwall_0034_31212.jpg,1,0,1,3,/o/ocean/00004064.jpg
8358,143.Caspian_Tern/Caspian_Tern_0105_145673.jpg,1,0,1,3,/o/ocean/00003458.jpg
3687,064.Ring_billed_Gull/Ring_Billed_Gull_0125_51307.jpg,1,0,1,3,/l/lake/natural/00003148.jpg
1256,023.Brandt_Cormorant/Brandt_Cormorant_0009_22890.jpg,1,0,1,3,/o/ocean/00000110.jpg
8,001.Black_footed_Albatross/Black_Footed_Albatross_0051_796103.jpg,1,0,1,3,/o/ocean/00004754.jpg
3415,059.California_Gull/California_Gull_0074_41358.jpg,1,0,1,3,/l/lake/natural/00003559.jpg
5131,088.Western_Meadowlark/Western_Meadowlark_0044_77758.jpg,1,0,1,3,/l/lake/natural/00000260.jpg
4858,084.Red_legged_Kittiwake/Red_Legged_Kittiwake_0032_795399.jpg,1,0,1,3,/l/lake/natural/00000359.jpg
6183,106.Horned_Puffin/Horned_Puffin_0042_100760.jpg,1,0,1,3,/o/ocean/00001299.jpg
2647,046.Gadwall/Gadwall_0083_30959.jpg,1,0,1,3,/o/ocean/00002342.jpg
8229,141.Artic_Tern/Artic_Tern_0085_142083.jpg,1,0,1,3,/l/lake/natural/00003004.jpg
3728,065.Slaty_backed_Gull/Slaty_Backed_Gull_0081_53264.jpg,1,0,1,3,/l/lake/natural/00002198.jpg
5147,089.Hooded_Merganser/Hooded_Merganser_0015_79132.jpg,1,0,1,3,/l/lake/natural/00004042.jpg
3338,058.Pigeon_Guillemot/Pigeon_Guillemot_0034_40074.jpg,1,0,1,3,/l/lake/natural/00003289.jpg
3773,065.Slaty_backed_Gull/Slaty_Backed_Gull_0068_53206.jpg,1,0,1,3,/o/ocean/00003565.jpg
328,007.Parakeet_Auklet/Parakeet_Auklet_0012_795927.jpg,1,0,1,3,/o/ocean/00000567.jpg
3426,059.California_Gull/California_Gull_0031_41469.jpg,1,0,1,3,/o/ocean/00004845.jpg
84,002.Laysan_Albatross/Laysan_Albatross_0099_869.jpg,1,0,1,3,/o/ocean/00003145.jpg
110,002.Laysan_Albatross/Laysan_Albatross_0040_472.jpg,1,0,1,3,/l/lake/natural/00003382.jpg
8545,146.Forsters_Tern/Forsters_Tern_0034_152667.jpg,1,0,1,3,/l/lake/natural/00004178.jpg
2914,051.Horned_Grebe/Horned_Grebe_0072_34497.jpg,1,0,1,3,/l/lake/natural/00003745.jpg
5196,089.Hooded_Merganser/Hooded_Merganser_0032_79032.jpg,1,0,1,3,/o/ocean/00002213.jpg
8250,141.Artic_Tern/Artic_Tern_0046_140986.jpg,1,0,1,3,/o/ocean/00000534.jpg
2947,051.Horned_Grebe/Horned_Grebe_0040_34548.jpg,1,0,1,3,/o/ocean/00000609.jpg
2623,046.Gadwall/Gadwall_0066_31557.jpg,1,0,1,3,/l/lake/natural/00000075.jpg
4857,084.Red_legged_Kittiwake/Red_Legged_Kittiwake_0019_795398.jpg,1,0,1,3,/l/lake/natural/00004230.jpg
3395,059.California_Gull/California_Gull_0092_41300.jpg,1,0,1,3,/o/ocean/00004419.jpg
316,006.Least_Auklet/Least_Auklet_0024_795120.jpg,1,0,1,3,/l/lake/natural/00003442.jpg
4,001.Black_footed_Albatross/Black_Footed_Albatross_0074_59.jpg,1,0,1,3,/l/lake/natural/00002528.jpg
341,007.Parakeet_Auklet/Parakeet_Auklet_0043_795948.jpg,1,0,1,3,/l/lake/natural/00003336.jpg
3394,059.California_Gull/California_Gull_0066_41188.jpg,1,0,1,3,/o/ocean/00004040.jpg
8291,142.Black_Tern/Black_Tern_0013_143892.jpg,1,0,1,3,/l/lake/natural/00000815.jpg
8255,141.Artic_Tern/Artic_Tern_0055_141524.jpg,1,0,1,3,/l/lake/natural/00000996.jpg
8247,141.Artic_Tern/Artic_Tern_0065_141472.jpg,1,0,1,3,/l/lake/natural/00003928.jpg
5158,089.Hooded_Merganser/Hooded_Merganser_0089_796740.jpg,1,0,1,3,/l/lake/natural/00002383.jpg
2546,045.Northern_Fulmar/Northern_Fulmar_0095_43860.jpg,1,0,1,3,/l/lake/natural/00000301.jpg
1383,025.Pelagic_Cormorant/Pelagic_Cormorant_0057_24002.jpg,1,0,1,3,/l/lake/natural/00002706.jpg
8287,142.Black_Tern/Black_Tern_0004_143881.jpg,1,0,1,3,/l/lake/natural/00003689.jpg
8297,142.Black_Tern/Black_Tern_0089_144174.jpg,1,0,1,3,/o/ocean/00003632.jpg
3706,064.Ring_billed_Gull/Ring_Billed_Gull_0028_51454.jpg,1,0,1,3,/o/ocean/00004883.jpg
128,003.Sooty_Albatross/Sooty_Albatross_0063_1101.jpg,1,0,1,3,/o/ocean/00003448.jpg
1242,023.Brandt_Cormorant/Brandt_Cormorant_0021_23097.jpg,1,0,1,3,/l/lake/natural/00000511.jpg
8336,142.Black_Tern/Black_Tern_0038_144102.jpg,1,0,1,3,/l/lake/natural/00003940.jpg
4126,071.Long_tailed_Jaeger/Long_Tailed_Jaeger_0050_797085.jpg,1,0,1,3,/o/ocean/00004730.jpg
3443,060.Glaucous_winged_Gull/Glaucous_Winged_Gull_0067_45156.jpg,1,0,1,3,/l/lake/natural/00001174.jpg
3437,060.Glaucous_winged_Gull/Glaucous_Winged_Gull_0032_44594.jpg,1,0,1,3,/l/lake/natural/00001387.jpg
5912,101.White_Pelican/White_Pelican_0053_96236.jpg,1,0,1,3,/l/lake/natural/00000326.jpg
8290,142.Black_Tern/Black_Tern_0080_144130.jpg,1,0,1,3,/o/ocean/00000507.jpg
1309,024.Red_faced_Cormorant/Red_Faced_Cormorant_0035_796294.jpg,1,0,1,3,/l/lake/natural/00002736.jpg
9,001.Black_footed_Albatross/Black_Footed_Albatross_0010_796097.jpg,1,0,1,3,/l/lake/natural/00000226.jpg
4994,086.Pacific_Loon/Pacific_Loon_0063_75865.jpg,1,0,1,3,/o/ocean/00001654.jpg
8384,143.Caspian_Tern/Caspian_Tern_0006_145594.jpg,1,0,1,3,/o/ocean/00004767.jpg
2865,050.Eared_Grebe/Eared_Grebe_0058_34174.jpg,1,0,1,3,/l/lake/natural/00003579.jpg
5123,088.Western_Meadowlark/Western_Meadowlark_0097_78239.jpg,1,0,1,3,/l/lake/natural/00000060.jpg
247,005.Crested_Auklet/Crested_Auklet_0013_794914.jpg,1,0,1,3,/o/ocean/00003281.jpg
5874,101.White_Pelican/White_Pelican_0035_96312.jpg,1,0,1,3,/l/lake/natural/00000002.jpg
2931,051.Horned_Grebe/Horned_Grebe_0033_34736.jpg,1,0,1,3,/o/ocean/00000413.jpg
2573,045.Northern_Fulmar/Northern_Fulmar_0066_43714.jpg,1,0,1,3,/l/lake/natural/00000045.jpg
5053,087.Mallard/Mallard_0018_76511.jpg,1,0,1,3,/l/lake/natural/00001211.jpg
8366,143.Caspian_Tern/Caspian_Tern_0070_147545.jpg,1,0,1,3,/l/lake/natural/00003854.jpg
8233,141.Artic_Tern/Artic_Tern_0012_143410.jpg,1,0,1,3,/o/ocean/00003873.jpg
8370,143.Caspian_Tern/Caspian_Tern_0123_145774.jpg,1,0,1,3,/l/lake/natural/00003184.jpg
8312,142.Black_Tern/Black_Tern_0079_143998.jpg,1,0,1,3,/o/ocean/00004453.jpg
368,007.Parakeet_Auklet/Parakeet_Auklet_0019_795987.jpg,1,0,1,3,/l/lake/natural/00000250.jpg
3567,062.Herring_Gull/Herring_Gull_0024_48309.jpg,1,0,1,3,/o/ocean/00001083.jpg
5812,100.Brown_Pelican/Brown_Pelican_0103_94787.jpg,1,0,1,3,/o/ocean/00002152.jpg
1286,023.Brandt_Cormorant/Brandt_Cormorant_0063_22865.jpg,1,0,1,3,/l/lake/natural/00004068.jpg
3590,062.Herring_Gull/Herring_Gull_0114_46956.jpg,1,0,1,3,/o/ocean/00001512.jpg
5908,101.White_Pelican/White_Pelican_0050_97913.jpg,1,0,1,3,/l/lake/natural/00003125.jpg
8445,144.Common_Tern/Common_Tern_0033_148675.jpg,1,0,1,3,/o/ocean/00003248.jpg
347,007.Parakeet_Auklet/Parakeet_Auklet_0062_795958.jpg,1,0,1,3,/o/ocean/00000351.jpg
8335,142.Black_Tern/Black_Tern_0055_144607.jpg,1,0,1,3,/l/lake/natural/00003982.jpg
125,003.Sooty_Albatross/Sooty_Albatross_0043_1076.jpg,1,0,1,3,/l/lake/natural/00002042.jpg
3565,062.Herring_Gull/Herring_Gull_0047_46218.jpg,1,0,1,3,/l/lake/natural/00000125.jpg
3429,060.Glaucous_winged_Gull/Glaucous_Winged_Gull_0087_44550.jpg,1,0,1,3,/l/lake/natural/00003240.jpg
6172,106.Horned_Puffin/Horned_Puffin_0007_100699.jpg,1,0,1,3,/l/lake/natural/00003002.jpg
3498,061.Heermann_Gull/Heermann_Gull_0089_45679.jpg,1,0,1,3,/l/lake/natural/00003339.jpg
8502,145.Elegant_Tern/Elegant_Tern_0009_150954.jpg,1,0,1,3,/l/lake/natural/00004550.jpg
8427,144.Common_Tern/Common_Tern_0079_148844.jpg,1,0,1,3,/l/lake/natural/00001591.jpg
1140,021.Eastern_Towhee/Eastern_Towhee_0021_22152.jpg,1,0,1,3,/o/ocean/00002560.jpg
402,008.Rhinoceros_Auklet/Rhinoceros_Auklet_0024_797529.jpg,1,0,1,3,/o/ocean/00002771.jpg
4091,071.Long_tailed_Jaeger/Long_Tailed_Jaeger_0069_61060.jpg,1,0,1,3,/l/lake/natural/00004605.jpg
5857,100.Brown_Pelican/Brown_Pelican_0011_94683.jpg,1,0,1,3,/o/ocean/00001881.jpg
3611,063.Ivory_Gull/Ivory_Gull_0061_49416.jpg,1,0,1,3,/o/ocean/00002665.jpg
5048,087.Mallard/Mallard_0098_77490.jpg,1,0,1,3,/o/ocean/00004825.jpg
3795,066.Western_Gull/Western_Gull_0057_55312.jpg,1,0,1,3,/l/lake/natural/00002530.jpg
3595,062.Herring_Gull/Herring_Gull_0139_47006.jpg,1,0,1,3,/l/lake/natural/00004356.jpg
281,005.Crested_Auklet/Crested_Auklet_0040_794912.jpg,1,0,1,3,/l/lake/natural/00004305.jpg
5246,090.Red_breasted_Merganser/Red_Breasted_Merganser_0032_79280.jpg,1,0,1,3,/l/lake/natural/00002964.jpg
2966,052.Pied_billed_Grebe/Pied_Billed_Grebe_0032_35931.jpg,1,0,1,3,/o/ocean/00001506.jpg
3724,064.Ring_billed_Gull/Ring_Billed_Gull_0108_51108.jpg,1,0,1,3,/o/ocean/00003921.jpg
2859,050.Eared_Grebe/Eared_Grebe_0010_34151.jpg,1,0,1,3,/l/lake/natural/00002694.jpg
5042,087.Mallard/Mallard_0077_75911.jpg,1,0,1,3,/o/ocean/00004847.jpg
8406,144.Common_Tern/Common_Tern_0084_147980.jpg,1,0,1,3,/l/lake/natural/00001468.jpg
4093,071.Long_tailed_Jaeger/Long_Tailed_Jaeger_0005_797062.jpg,1,0,1,3,/l/lake/natural/00004835.jpg
2542,045.Northern_Fulmar/Northern_Fulmar_0019_43853.jpg,1,0,1,3,/o/ocean/00002019.jpg
2850,050.Eared_Grebe/Eared_Grebe_0020_34131.jpg,1,0,1,3,/o/ocean/00003673.jpg
3805,066.Western_Gull/Western_Gull_0006_53504.jpg,1,0,1,3,/o/ocean/00003803.jpg
8289,142.Black_Tern/Black_Tern_0057_143884.jpg,1,0,1,3,/l/lake/natural/00004908.jpg
5001,086.Pacific_Loon/Pacific_Loon_0022_75405.jpg,1,0,1,3,/l/lake/natural/00003687.jpg
3734,065.Slaty_backed_Gull/Slaty_Backed_Gull_0030_796003.jpg,1,0,1,3,/o/ocean/00003102.jpg
4985,086.Pacific_Loon/Pacific_Loon_0017_75835.jpg,1,0,1,3,/o/ocean/00001374.jpg
273,005.Crested_Auklet/Crested_Auklet_0077_785257.jpg,1,0,1,3,/l/lake/natural/00002433.jpg
8226,141.Artic_Tern/Artic_Tern_0032_141313.jpg,1,0,1,3,/o/ocean/00000004.jpg
5000,086.Pacific_Loon/Pacific_Loon_0035_75395.jpg,1,0,1,3,/l/lake/natural/00001128.jpg
8472,145.Elegant_Tern/Elegant_Tern_0083_150829.jpg,1,0,1,3,/o/ocean/00001205.jpg
8609,147.Least_Tern/Least_Tern_0037_153637.jpg,1,0,1,3,/o/ocean/00004539.jpg
1145,021.Eastern_Towhee/Eastern_Towhee_0111_22168.jpg,1,0,1,3,/l/lake/natural/00001874.jpg
243,005.Crested_Auklet/Crested_Auklet_0010_794907.jpg,1,0,1,3,/l/lake/natural/00004961.jpg
310,006.Least_Auklet/Least_Auklet_0011_795109.jpg,1,0,1,3,/l/lake/natural/00004234.jpg
142,003.Sooty_Albatross/Sooty_Albatross_0074_1221.jpg,1,0,1,3,/o/ocean/00000709.jpg
8436,144.Common_Tern/Common_Tern_0071_148796.jpg,1,0,1,3,/o/ocean/00001636.jpg
5948,102.Western_Wood_Pewee/Western_Wood_Pewee_0040_795051.jpg,1,0,1,3,/o/ocean/00001373.jpg
8398,143.Caspian_Tern/Caspian_Tern_0107_145639.jpg,1,0,1,3,/l/lake/natural/00001479.jpg
3362,058.Pigeon_Guillemot/Pigeon_Guillemot_0072_39905.jpg,1,0,1,3,/l/lake/natural/00001833.jpg
2587,045.Northern_Fulmar/Northern_Fulmar_0046_43760.jpg,1,0,1,3,/l/lake/natural/00002031.jpg
1270,023.Brandt_Cormorant/Brandt_Cormorant_0015_23198.jpg,1,0,1,3,/o/ocean/00004398.jpg
4882,084.Red_legged_Kittiwake/Red_Legged_Kittiwake_0031_795442.jpg,1,0,1,3,/l/lake/natural/00004994.jpg
3553,062.Herring_Gull/Herring_Gull_0042_46637.jpg,1,0,1,3,/l/lake/natural/00000156.jpg
5022,086.Pacific_Loon/Pacific_Loon_0029_75495.jpg,1,0,1,3,/o/ocean/00002708.jpg
2527,044.Frigatebird/Frigatebird_0084_43006.jpg,1,0,1,3,/l/lake/natural/00003349.jpg
138,003.Sooty_Albatross/Sooty_Albatross_0055_1160.jpg,1,0,1,3,/l/lake/natural/00001796.jpg
8267,141.Artic_Tern/Artic_Tern_0124_142121.jpg,1,0,1,3,/l/lake/natural/00001881.jpg
3043,053.Western_Grebe/Western_Grebe_0056_36216.jpg,1,0,1,3,/o/ocean/00004834.jpg
6194,106.Horned_Puffin/Horned_Puffin_0081_101054.jpg,1,0,1,3,/l/lake/natural/00003433.jpg
3583,062.Herring_Gull/Herring_Gull_0075_48935.jpg,1,0,1,3,/l/lake/natural/00001182.jpg
3385,059.California_Gull/California_Gull_0006_41079.jpg,1,0,1,3,/l/lake/natural/00004697.jpg
361,007.Parakeet_Auklet/Parakeet_Auklet_0025_795975.jpg,1,0,1,3,/l/lake/natural/00003672.jpg
2889,050.Eared_Grebe/Eared_Grebe_0025_34344.jpg,1,0,1,3,/l/lake/natural/00001115.jpg
75,002.Laysan_Albatross/Laysan_Albatross_0005_565.jpg,1,0,1,3,/l/lake/natural/00004529.jpg
5038,087.Mallard/Mallard_0114_76924.jpg,1,0,1,3,/l/lake/natural/00003764.jpg
5946,102.Western_Wood_Pewee/Western_Wood_Pewee_0041_795048.jpg,1,0,1,3,/l/lake/natural/00002132.jpg
320,006.Least_Auklet/Least_Auklet_0021_795127.jpg,1,0,1,3,/o/ocean/00000663.jpg
3024,053.Western_Grebe/Western_Grebe_0022_36148.jpg,1,0,1,3,/l/lake/natural/00001454.jpg
2518,044.Frigatebird/Frigatebird_0112_43394.jpg,1,0,1,3,/o/ocean/00004415.jpg
276,005.Crested_Auklet/Crested_Auklet_0072_785260.jpg,1,0,1,3,/l/lake/natural/00003435.jpg
8269,141.Artic_Tern/Artic_Tern_0122_142448.jpg,1,0,1,3,/l/lake/natural/00001714.jpg
374,007.Parakeet_Auklet/Parakeet_Auklet_0076_796001.jpg,1,0,1,3,/l/lake/natural/00004466.jpg
378,008.Rhinoceros_Auklet/Rhinoceros_Auklet_0020_2195.jpg,1,0,1,3,/o/ocean/00004508.jpg
3605,062.Herring_Gull/Herring_Gull_0065_48098.jpg,1,0,1,3,/l/lake/natural/00001379.jpg
5943,102.Western_Wood_Pewee/Western_Wood_Pewee_0060_795045.jpg,1,0,1,3,/l/lake/natural/00001541.jpg
2643,046.Gadwall/Gadwall_0091_30941.jpg,1,0,1,3,/o/ocean/00000182.jpg
393,008.Rhinoceros_Auklet/Rhinoceros_Auklet_0019_797513.jpg,1,0,1,3,/l/lake/natural/00003351.jpg
5212,090.Red_breasted_Merganser/Red_Breasted_Merganser_0055_79397.jpg,1,0,1,3,/o/ocean/00003876.jpg
5117,088.Western_Meadowlark/Western_Meadowlark_0015_78610.jpg,1,0,1,3,/o/ocean/00001071.jpg
8572,146.Forsters_Tern/Forsters_Tern_0035_151757.jpg,1,0,1,3,/l/lake/natural/00003938.jpg
399,008.Rhinoceros_Auklet/Rhinoceros_Auklet_0029_797520.jpg,1,0,1,3,/l/lake/natural/00004298.jpg
8638,147.Least_Tern/Least_Tern_0048_153550.jpg,1,0,1,3,/l/lake/natural/00000955.jpg
8401,143.Caspian_Tern/Caspian_Tern_0120_145650.jpg,1,0,1,3,/l/lake/natural/00004233.jpg
400,008.Rhinoceros_Auklet/Rhinoceros_Auklet_0007_797521.jpg,1,0,1,3,/o/ocean/00001113.jpg
8251,141.Artic_Tern/Artic_Tern_0047_143549.jpg,1,0,1,3,/o/ocean/00001500.jpg
2946,051.Horned_Grebe/Horned_Grebe_0078_34799.jpg,1,0,1,3,/o/ocean/00001316.jpg
8385,143.Caspian_Tern/Caspian_Tern_0034_147643.jpg,1,0,1,3,/l/lake/natural/00001772.jpg
3401,059.California_Gull/California_Gull_0114_41267.jpg,1,0,1,3,/l/lake/natural/00002227.jpg
5089,088.Western_Meadowlark/Western_Meadowlark_0048_78354.jpg,1,0,1,3,/l/lake/natural/00003055.jpg
5866,101.White_Pelican/White_Pelican_0073_96260.jpg,1,0,1,3,/l/lake/natural/00002535.jpg
3655,063.Ivory_Gull/Ivory_Gull_0074_49698.jpg,1,0,1,3,/o/ocean/00002020.jpg
8437,144.Common_Tern/Common_Tern_0049_149159.jpg,1,0,1,3,/l/lake/natural/00000019.jpg
80,002.Laysan_Albatross/Laysan_Albatross_0092_834.jpg,1,0,1,3,/l/lake/natural/00003871.jpg
8256,141.Artic_Tern/Artic_Tern_0090_143583.jpg,1,0,1,3,/o/ocean/00001934.jpg
1149,021.Eastern_Towhee/Eastern_Towhee_0120_22189.jpg,1,0,1,3,/o/ocean/00003140.jpg
3493,061.Heermann_Gull/Heermann_Gull_0122_45627.jpg,1,0,1,3,/l/lake/natural/00004243.jpg
4191,072.Pomarine_Jaeger/Pomarine_Jaeger_0041_61305.jpg,1,0,1,3,/l/lake/natural/00003908.jpg
8419,144.Common_Tern/Common_Tern_0030_147825.jpg,1,0,1,3,/o/ocean/00000560.jpg
3512,061.Heermann_Gull/Heermann_Gull_0032_45774.jpg,1,0,1,3,/o/ocean/00000549.jpg
5966,102.Western_Wood_Pewee/Western_Wood_Pewee_0081_98270.jpg,1,0,1,3,/o/ocean/00003214.jpg
2584,045.Northern_Fulmar/Northern_Fulmar_0006_43753.jpg,1,0,1,3,/o/ocean/00000078.jpg
8486,145.Elegant_Tern/Elegant_Tern_0046_150905.jpg,1,0,1,3,/o/ocean/00004425.jpg
3702,064.Ring_billed_Gull/Ring_Billed_Gull_0054_51414.jpg,1,0,1,3,/l/lake/natural/00003374.jpg
1120,021.Eastern_Towhee/Eastern_Towhee_0052_22558.jpg,1,0,1,3,/o/ocean/00000838.jpg
3780,066.Western_Gull/Western_Gull_0002_54825.jpg,1,0,1,3,/l/lake/natural/00004888.jpg
121,003.Sooty_Albatross/Sooty_Albatross_0038_1065.jpg,1,0,1,3,/o/ocean/00002999.jpg
5139,088.Western_Meadowlark/Western_Meadowlark_0095_78568.jpg,1,0,1,3,/o/ocean/00004566.jpg
377,008.Rhinoceros_Auklet/Rhinoceros_Auklet_0028_2056.jpg,1,0,1,3,/l/lake/natural/00002572.jpg
5879,101.White_Pelican/White_Pelican_0037_95570.jpg,1,0,1,3,/o/ocean/00002331.jpg
5842,100.Brown_Pelican/Brown_Pelican_0141_94533.jpg,1,0,1,3,/l/lake/natural/00003285.jpg
3802,066.Western_Gull/Western_Gull_0052_53485.jpg,1,0,1,3,/l/lake/natural/00004870.jpg
1238,023.Brandt_Cormorant/Brandt_Cormorant_0025_22820.jpg,1,0,1,3,/o/ocean/00004410.jpg
2856,050.Eared_Grebe/Eared_Grebe_0013_34150.jpg,1,0,1,3,/o/ocean/00004705.jpg
336,007.Parakeet_Auklet/Parakeet_Auklet_0073_795939.jpg,1,0,1,3,/l/lake/natural/00003480.jpg
5883,101.White_Pelican/White_Pelican_0079_97380.jpg,1,0,1,3,/l/lake/natural/00002358.jpg
3563,062.Herring_Gull/Herring_Gull_0129_46708.jpg,1,0,1,3,/o/ocean/00002293.jpg
5168,089.Hooded_Merganser/Hooded_Merganser_0034_796762.jpg,1,0,1,3,/l/lake/natural/00001530.jpg
3042,053.Western_Grebe/Western_Grebe_0037_36469.jpg,1,0,1,3,/l/lake/natural/00002084.jpg
5204,089.Hooded_Merganser/Hooded_Merganser_0093_79075.jpg,1,0,1,3,/l/lake/natural/00002446.jpg
66,002.Laysan_Albatross/Laysan_Albatross_0050_870.jpg,1,0,1,3,/l/lake/natural/00001392.jpg
1324,024.Red_faced_Cormorant/Red_Faced_Cormorant_0070_796319.jpg,1,0,1,3,/o/ocean/00001433.jpg
4158,072.Pomarine_Jaeger/Pomarine_Jaeger_0055_795762.jpg,1,0,1,3,/o/ocean/00000272.jpg
8276,141.Artic_Tern/Artic_Tern_0107_141181.jpg,1,0,1,3,/l/lake/natural/00000200.jpg
8621,147.Least_Tern/Least_Tern_0119_153950.jpg,1,0,1,3,/l/lake/natural/00003583.jpg
5832,100.Brown_Pelican/Brown_Pelican_0140_93438.jpg,1,0,1,3,/o/ocean/00002605.jpg
6175,106.Horned_Puffin/Horned_Puffin_0001_100973.jpg,1,0,1,3,/l/lake/natural/00000755.jpg
2953,052.Pied_billed_Grebe/Pied_Billed_Grebe_0082_35356.jpg,1,0,1,3,/l/lake/natural/00002257.jpg
3524,061.Heermann_Gull/Heermann_Gull_0053_45854.jpg,1,0,1,3,/l/lake/natural/00002145.jpg
8400,143.Caspian_Tern/Caspian_Tern_0027_145899.jpg,1,0,1,3,/o/ocean/00004625.jpg
2,001.Black_footed_Albatross/Black_Footed_Albatross_0009_34.jpg,1,0,1,3,/o/ocean/00001990.jpg
5894,101.White_Pelican/White_Pelican_0081_96148.jpg,1,0,1,3,/l/lake/natural/00002705.jpg
2871,050.Eared_Grebe/Eared_Grebe_0051_34209.jpg,1,0,1,3,/o/ocean/00002786.jpg
3471,060.Glaucous_winged_Gull/Glaucous_Winged_Gull_0014_44832.jpg,1,0,1,3,/o/ocean/00003998.jpg
1259,023.Brandt_Cormorant/Brandt_Cormorant_0083_23156.jpg,1,0,1,3,/o/ocean/00003884.jpg
4904,084.Red_legged_Kittiwake/Red_Legged_Kittiwake_0044_795388.jpg,1,0,1,3,/o/ocean/00000604.jpg
5851,100.Brown_Pelican/Brown_Pelican_0088_94076.jpg,1,0,1,3,/o/ocean/00000418.jpg
3065,053.Western_Grebe/Western_Grebe_0080_36310.jpg,1,0,1,3,/l/lake/natural/00001110.jpg
3794,066.Western_Gull/Western_Gull_0098_53925.jpg,1,0,1,3,/l/lake/natural/00001574.jpg
3497,061.Heermann_Gull/Heermann_Gull_0128_45663.jpg,1,0,1,3,/o/ocean/00000993.jpg
4130,071.Long_tailed_Jaeger/Long_Tailed_Jaeger_0013_60887.jpg,1,0,1,3,/o/ocean/00001105.jpg
3785,066.Western_Gull/Western_Gull_0042_53843.jpg,1,0,1,3,/l/lake/natural/00001156.jpg
8303,142.Black_Tern/Black_Tern_0063_144731.jpg,1,0,1,3,/l/lake/natural/00000782.jpg
5064,087.Mallard/Mallard_0136_76593.jpg,1,0,1,3,/l/lake/natural/00004025.jpg
242,005.Crested_Auklet/Crested_Auklet_0018_1817.jpg,1,0,1,3,/o/ocean/00003800.jpg
367,007.Parakeet_Auklet/Parakeet_Auklet_0032_795986.jpg,1,0,1,3,/o/ocean/00000561.jpg
3332,058.Pigeon_Guillemot/Pigeon_Guillemot_0068_40039.jpg,1,0,1,3,/o/ocean/00003979.jpg
1366,025.Pelagic_Cormorant/Pelagic_Cormorant_0038_23643.jpg,1,0,1,3,/o/ocean/00003171.jpg
2843,050.Eared_Grebe/Eared_Grebe_0006_34347.jpg,1,0,1,3,/o/ocean/00001655.jpg
1312,024.Red_faced_Cormorant/Red_Faced_Cormorant_0061_796300.jpg,1,0,1,3,/o/ocean/00001015.jpg
5262,090.Red_breasted_Merganser/Red_Breasted_Merganser_0046_79330.jpg,1,0,1,3,/o/ocean/00004504.jpg
2896,051.Horned_Grebe/Horned_Grebe_0076_34841.jpg,1,0,1,3,/o/ocean/00002942.jpg
3625,063.Ivory_Gull/Ivory_Gull_0015_49199.jpg,1,0,1,3,/l/lake/natural/00004880.jpg
1253,023.Brandt_Cormorant/Brandt_Cormorant_0017_23141.jpg,1,0,1,3,/o/ocean/00004501.jpg
2523,044.Frigatebird/Frigatebird_0022_43457.jpg,1,0,1,3,/o/ocean/00004853.jpg
8483,145.Elegant_Tern/Elegant_Tern_0070_147548.jpg,1,0,1,3,/o/ocean/00004670.jpg
2550,045.Northern_Fulmar/Northern_Fulmar_0083_43618.jpg,1,0,1,3,/l/lake/natural/00004312.jpg
3387,059.California_Gull/California_Gull_0100_41088.jpg,1,0,1,3,/o/ocean/00000542.jpg
5112,088.Western_Meadowlark/Western_Meadowlark_0024_78432.jpg,1,0,1,3,/l/lake/natural/00001854.jpg
270,005.Crested_Auklet/Crested_Auklet_0076_785252.jpg,1,0,1,3,/l/lake/natural/00004608.jpg
5004,086.Pacific_Loon/Pacific_Loon_0067_75423.jpg,1,0,1,3,/l/lake/natural/00002140.jpg
2530,045.Northern_Fulmar/Northern_Fulmar_0029_44049.jpg,1,0,1,3,/o/ocean/00001226.jpg
5230,090.Red_breasted_Merganser/Red_Breasted_Merganser_0040_79207.jpg,1,0,1,3,/l/lake/natural/00001096.jpg
8259,141.Artic_Tern/Artic_Tern_0105_141098.jpg,1,0,1,3,/l/lake/natural/00003410.jpg
8321,142.Black_Tern/Black_Tern_0009_144046.jpg,1,0,1,3,/o/ocean/00001135.jpg
8378,143.Caspian_Tern/Caspian_Tern_0078_146824.jpg,1,0,1,3,/o/ocean/00004306.jpg
2945,051.Horned_Grebe/Horned_Grebe_0049_34779.jpg,1,0,1,3,/o/ocean/00001938.jpg
307,006.Least_Auklet/Least_Auklet_0042_1874.jpg,1,0,1,3,/l/lake/natural/00000454.jpg
3765,065.Slaty_backed_Gull/Slaty_Backed_Gull_0060_796052.jpg,1,0,1,3,/l/lake/natural/00003895.jpg
1326,024.Red_faced_Cormorant/Red_Faced_Cormorant_0028_796322.jpg,1,0,1,3,/o/ocean/00004580.jpg
4974,086.Pacific_Loon/Pacific_Loon_0054_75543.jpg,1,0,1,3,/o/ocean/00000514.jpg
2910,051.Horned_Grebe/Horned_Grebe_0098_34662.jpg,1,0,1,3,/l/lake/natural/00001125.jpg
4112,071.Long_tailed_Jaeger/Long_Tailed_Jaeger_0054_797088.jpg,1,0,1,3,/o/ocean/00001699.jpg
177,003.Sooty_Albatross/Sooty_Albatross_0023_796401.jpg,1,0,1,3,/l/lake/natural/00000901.jpg
4194,072.Pomarine_Jaeger/Pomarine_Jaeger_0031_61420.jpg,1,0,1,3,/l/lake/natural/00004353.jpg
8553,146.Forsters_Tern/Forsters_Tern_0119_152709.jpg,1,0,1,3,/o/ocean/00004841.jpg
2567,045.Northern_Fulmar/Northern_Fulmar_0071_44146.jpg,1,0,1,3,/o/ocean/00000382.jpg
294,006.Least_Auklet/Least_Auklet_0008_795071.jpg,1,0,1,3,/o/ocean/00003826.jpg
143,003.Sooty_Albatross/Sooty_Albatross_0021_796339.jpg,1,0,1,3,/o/ocean/00002228.jpg
5916,102.Western_Wood_Pewee/Western_Wood_Pewee_0016_98082.jpg,1,0,1,3,/l/lake/natural/00003316.jpg
5180,089.Hooded_Merganser/Hooded_Merganser_0078_78959.jpg,1,0,1,3,/o/ocean/00003576.jpg
8344,143.Caspian_Tern/Caspian_Tern_0015_145664.jpg,1,0,1,3,/o/ocean/00000370.jpg
4082,071.Long_tailed_Jaeger/Long_Tailed_Jaeger_0011_60963.jpg,1,0,1,3,/o/ocean/00000647.jpg
1311,024.Red_faced_Cormorant/Red_Faced_Cormorant_0056_796297.jpg,1,0,1,3,/o/ocean/00000010.jpg
3467,060.Glaucous_winged_Gull/Glaucous_Winged_Gull_0086_44268.jpg,1,0,1,3,/o/ocean/00002621.jpg
254,005.Crested_Auklet/Crested_Auklet_0057_794932.jpg,1,0,1,3,/l/lake/natural/00000096.jpg
8459,144.Common_Tern/Common_Tern_0081_149228.jpg,1,0,1,3,/l/lake/natural/00004000.jpg
8324,142.Black_Tern/Black_Tern_0082_144372.jpg,1,0,1,3,/l/lake/natural/00001724.jpg
2639,046.Gadwall/Gadwall_0070_31187.jpg,1,0,1,3,/o/ocean/00004283.jpg
295,006.Least_Auklet/Least_Auklet_0012_795074.jpg,1,0,1,3,/l/lake/natural/00002350.jpg
3602,062.Herring_Gull/Herring_Gull_0095_48058.jpg,1,0,1,3,/l/lake/natural/00003245.jpg
2854,050.Eared_Grebe/Eared_Grebe_0017_34139.jpg,1,0,1,3,/o/ocean/00003795.jpg
1369,025.Pelagic_Cormorant/Pelagic_Cormorant_0029_23545.jpg,1,0,1,3,/o/ocean/00004262.jpg
3571,062.Herring_Gull/Herring_Gull_0051_46276.jpg,1,0,1,3,/l/lake/natural/00004636.jpg
1349,025.Pelagic_Cormorant/Pelagic_Cormorant_0084_23836.jpg,1,0,1,3,/o/ocean/00004150.jpg
4133,071.Long_tailed_Jaeger/Long_Tailed_Jaeger_0058_60900.jpg,1,0,1,3,/o/ocean/00004738.jpg
8377,143.Caspian_Tern/Caspian_Tern_0045_145554.jpg,1,0,1,3,/o/ocean/00002697.jpg
8499,145.Elegant_Tern/Elegant_Tern_0048_150693.jpg,1,0,1,3,/l/lake/natural/00003529.jpg
272,005.Crested_Auklet/Crested_Auklet_0071_785255.jpg,1,0,1,3,/o/ocean/00003371.jpg
116,002.Laysan_Albatross/Laysan_Albatross_0083_756.jpg,1,0,1,3,/l/lake/natural/00004737.jpg
3663,063.Ivory_Gull/Ivory_Gull_0020_49978.jpg,1,0,1,3,/l/lake/natural/00003661.jpg
4867,084.Red_legged_Kittiwake/Red_Legged_Kittiwake_0022_795418.jpg,1,0,1,3,/o/ocean/00002078.jpg
6167,106.Horned_Puffin/Horned_Puffin_0072_100938.jpg,1,0,1,3,/l/lake/natural/00001173.jpg
4160,072.Pomarine_Jaeger/Pomarine_Jaeger_0046_61301.jpg,1,0,1,3,/l/lake/natural/00004006.jpg
5043,087.Mallard/Mallard_0071_76940.jpg,1,0,1,3,/l/lake/natural/00001134.jpg
4887,084.Red_legged_Kittiwake/Red_Legged_Kittiwake_0010_73789.jpg,1,0,1,3,/l/lake/natural/00004671.jpg
3002,052.Pied_billed_Grebe/Pied_Billed_Grebe_0015_35289.jpg,1,0,1,3,/o/ocean/00003839.jpg
3616,063.Ivory_Gull/Ivory_Gull_0079_49179.jpg,1,0,1,3,/l/lake/natural/00000775.jpg
1163,021.Eastern_Towhee/Eastern_Towhee_0002_22318.jpg,1,0,1,3,/l/lake/natural/00001646.jpg
77,002.Laysan_Albatross/Laysan_Albatross_0055_570.jpg,1,0,1,3,/l/lake/natural/00002553.jpg
288,006.Least_Auklet/Least_Auklet_0040_795100.jpg,1,0,1,3,/l/lake/natural/00004756.jpg
8340,142.Black_Tern/Black_Tern_0077_144117.jpg,1,0,1,3,/o/ocean/00001165.jpg
174,003.Sooty_Albatross/Sooty_Albatross_0019_796391.jpg,1,0,1,3,/o/ocean/00000433.jpg
3542,061.Heermann_Gull/Heermann_Gull_0079_45468.jpg,1,0,1,3,/l/lake/natural/00001670.jpg
2601,046.Gadwall/Gadwall_0042_31411.jpg,1,0,1,3,/o/ocean/00003630.jpg
8430,144.Common_Tern/Common_Tern_0083_148096.jpg,1,0,1,3,/o/ocean/00002177.jpg
4873,084.Red_legged_Kittiwake/Red_Legged_Kittiwake_0068_795430.jpg,1,0,1,3,/o/ocean/00000836.jpg
8543,146.Forsters_Tern/Forsters_Tern_0121_151385.jpg,1,0,1,3,/l/lake/natural/00004143.jpg
8258,141.Artic_Tern/Artic_Tern_0073_143486.jpg,1,0,1,3,/o/ocean/00003220.jpg
1355,025.Pelagic_Cormorant/Pelagic_Cormorant_0008_23602.jpg,1,0,1,3,/o/ocean/00004710.jpg
335,007.Parakeet_Auklet/Parakeet_Auklet_0069_795936.jpg,1,0,1,3,/l/lake/natural/00001630.jpg
8491,145.Elegant_Tern/Elegant_Tern_0073_150925.jpg,1,0,1,3,/o/ocean/00003761.jpg
5044,087.Mallard/Mallard_0052_76946.jpg,1,0,1,3,/l/lake/natural/00000122.jpg
4861,084.Red_legged_Kittiwake/Red_Legged_Kittiwake_0029_795403.jpg,1,0,1,3,/o/ocean/00001549.jpg
5222,090.Red_breasted_Merganser/Red_Breasted_Merganser_0002_79447.jpg,1,0,1,3,/o/ocean/00003512.jpg
3027,053.Western_Grebe/Western_Grebe_0034_36149.jpg,1,0,1,3,/o/ocean/00001343.jpg
3389,059.California_Gull/California_Gull_0105_41116.jpg,1,0,1,3,/l/lake/natural/00003853.jpg
5251,090.Red_breasted_Merganser/Red_Breasted_Merganser_0013_79301.jpg,1,0,1,3,/o/ocean/00001475.jpg
3435,060.Glaucous_winged_Gull/Glaucous_Winged_Gull_0023_45090.jpg,1,0,1,3,/l/lake/natural/00000836.jpg
2645,046.Gadwall/Gadwall_0071_31655.jpg,1,0,1,3,/o/ocean/00003878.jpg
120,002.Laysan_Albatross/Laysan_Albatross_0051_1020.jpg,1,0,1,3,/o/ocean/00002823.jpg
2950,052.Pied_billed_Grebe/Pied_Billed_Grebe_0064_35843.jpg,1,0,1,3,/l/lake/natural/00003739.jpg
5007,086.Pacific_Loon/Pacific_Loon_0034_75438.jpg,1,0,1,3,/o/ocean/00002875.jpg
2958,052.Pied_billed_Grebe/Pied_Billed_Grebe_0033_35379.jpg,1,0,1,3,/l/lake/natural/00003937.jpg
5017,086.Pacific_Loon/Pacific_Loon_0011_75726.jpg,1,0,1,3,/l/lake/natural/00002302.jpg
267,005.Crested_Auklet/Crested_Auklet_0073_785248.jpg,1,0,1,3,/o/ocean/00001184.jpg
11,001.Black_footed_Albatross/Black_Footed_Albatross_0023_796059.jpg,1,0,1,3,/o/ocean/00003548.jpg
4136,071.Long_tailed_Jaeger/Long_Tailed_Jaeger_0032_61177.jpg,1,0,1,3,/o/ocean/00001757.jpg
3671,064.Ring_billed_Gull/Ring_Billed_Gull_0074_52258.jpg,1,0,1,3,/l/lake/natural/00004288.jpg
2930,051.Horned_Grebe/Horned_Grebe_0019_34811.jpg,1,0,1,3,/l/lake/natural/00004026.jpg
3008,052.Pied_billed_Grebe/Pied_Billed_Grebe_0100_35310.jpg,1,0,1,3,/o/ocean/00000161.jpg
3647,063.Ivory_Gull/Ivory_Gull_0082_49306.jpg,1,0,1,3,/l/lake/natural/00004588.jpg
5963,102.Western_Wood_Pewee/Western_Wood_Pewee_0059_98262.jpg,1,0,1,3,/l/lake/natural/00002646.jpg
1126,021.Eastern_Towhee/Eastern_Towhee_0075_22588.jpg,1,0,1,3,/o/ocean/00004081.jpg
4111,071.Long_tailed_Jaeger/Long_Tailed_Jaeger_0048_797087.jpg,1,0,1,3,/o/ocean/00000968.jpg
5957,102.Western_Wood_Pewee/Western_Wood_Pewee_0039_795063.jpg,1,0,1,3,/l/lake/natural/00002870.jpg
5076,087.Mallard/Mallard_0022_77166.jpg,1,0,1,3,/o/ocean/00001985.jpg
5899,101.White_Pelican/White_Pelican_0059_96675.jpg,1,0,1,3,/o/ocean/00000310.jpg
78,002.Laysan_Albatross/Laysan_Albatross_0025_571.jpg,1,0,1,3,/l/lake/natural/00003709.jpg
3482,060.Glaucous_winged_Gull/Glaucous_Winged_Gull_0132_44435.jpg,1,0,1,3,/o/ocean/00001369.jpg
8533,146.Forsters_Tern/Forsters_Tern_0007_152110.jpg,1,0,1,3,/l/lake/natural/00004261.jpg
317,006.Least_Auklet/Least_Auklet_0029_795122.jpg,1,0,1,3,/l/lake/natural/00000199.jpg
411,008.Rhinoceros_Auklet/Rhinoceros_Auklet_0009_797539.jpg,1,0,1,3,/o/ocean/00001766.jpg
2615,046.Gadwall/Gadwall_0030_31855.jpg,1,0,1,3,/o/ocean/00002928.jpg
3555,062.Herring_Gull/Herring_Gull_0094_47172.jpg,1,0,1,3,/o/ocean/00000126.jpg
3564,062.Herring_Gull/Herring_Gull_0116_47222.jpg,1,0,1,3,/l/lake/natural/00004447.jpg
5968,102.Western_Wood_Pewee/Western_Wood_Pewee_0047_98274.jpg,1,0,1,3,/l/lake/natural/00003576.jpg
3721,064.Ring_billed_Gull/Ring_Billed_Gull_0050_51567.jpg,1,0,1,3,/l/lake/natural/00002975.jpg
8323,142.Black_Tern/Black_Tern_0069_144359.jpg,1,0,1,3,/o/ocean/00000736.jpg
5215,090.Red_breasted_Merganser/Red_Breasted_Merganser_0021_79168.jpg,1,0,1,3,/o/ocean/00002348.jpg
8515,145.Elegant_Tern/Elegant_Tern_0061_150524.jpg,1,0,1,3,/o/ocean/00000594.jpg
3506,061.Heermann_Gull/Heermann_Gull_0112_45748.jpg,1,0,1,3,/o/ocean/00003470.jpg
284,006.Least_Auklet/Least_Auklet_0050_1924.jpg,1,0,1,3,/o/ocean/00004435.jpg
1278,023.Brandt_Cormorant/Brandt_Cormorant_0006_22925.jpg,1,0,1,3,/l/lake/natural/00002413.jpg
5130,088.Western_Meadowlark/Western_Meadowlark_0085_77745.jpg,1,0,1,3,/l/lake/natural/00003799.jpg
4898,084.Red_legged_Kittiwake/Red_Legged_Kittiwake_0063_795453.jpg,1,0,1,3,/l/lake/natural/00001349.jpg
5208,090.Red_breasted_Merganser/Red_Breasted_Merganser_0071_79379.jpg,1,0,1,3,/o/ocean/00004170.jpg
5006,086.Pacific_Loon/Pacific_Loon_0025_75436.jpg,1,0,1,3,/o/ocean/00003288.jpg
2925,051.Horned_Grebe/Horned_Grebe_0003_34983.jpg,1,0,1,3,/l/lake/natural/00002489.jpg
1280,023.Brandt_Cormorant/Brandt_Cormorant_0035_23000.jpg,1,0,1,3,/o/ocean/00004177.jpg
3030,053.Western_Grebe/Western_Grebe_0045_36425.jpg,1,0,1,3,/o/ocean/00004351.jpg
8534,146.Forsters_Tern/Forsters_Tern_0089_152372.jpg,1,0,1,3,/o/ocean/00001544.jpg
3424,059.California_Gull/California_Gull_0019_41377.jpg,1,0,1,3,/o/ocean/00000152.jpg
2976,052.Pied_billed_Grebe/Pied_Billed_Grebe_0113_35703.jpg,1,0,1,3,/o/ocean/00003823.jpg
6188,106.Horned_Puffin/Horned_Puffin_0056_101030.jpg,1,0,1,3,/l/lake/natural/00002068.jpg
3692,064.Ring_billed_Gull/Ring_Billed_Gull_0052_51357.jpg,1,0,1,3,/l/lake/natural/00003874.jpg
2539,045.Northern_Fulmar/Northern_Fulmar_0050_43839.jpg,1,0,1,3,/l/lake/natural/00004891.jpg
2939,051.Horned_Grebe/Horned_Grebe_0070_34514.jpg,1,0,1,3,/o/ocean/00004116.jpg
4893,084.Red_legged_Kittiwake/Red_Legged_Kittiwake_0071_73800.jpg,1,0,1,3,/o/ocean/00000038.jpg
4853,084.Red_legged_Kittiwake/Red_Legged_Kittiwake_0001_795394.jpg,1,0,1,3,/l/lake/natural/00003771.jpg
3381,059.California_Gull/California_Gull_0052_41047.jpg,1,0,1,3,/o/ocean/00002606.jpg
5264,090.Red_breasted_Merganser/Red_Breasted_Merganser_0033_79353.jpg,1,0,1,3,/o/ocean/00002149.jpg
1290,023.Brandt_Cormorant/Brandt_Cormorant_0062_23038.jpg,1,0,1,3,/l/lake/natural/00004206.jpg
5852,100.Brown_Pelican/Brown_Pelican_0007_94078.jpg,1,0,1,3,/o/ocean/00000247.jpg
241,005.Crested_Auklet/Crested_Auklet_0061_794904.jpg,1,0,1,3,/l/lake/natural/00001322.jpg
4147,072.Pomarine_Jaeger/Pomarine_Jaeger_0072_795743.jpg,1,0,1,3,/l/lake/natural/00004779.jpg
5080,087.Mallard/Mallard_0111_76722.jpg,1,0,1,3,/o/ocean/00000683.jpg
2565,045.Northern_Fulmar/Northern_Fulmar_0043_43685.jpg,1,0,1,3,/l/lake/natural/00001283.jpg
2990,052.Pied_billed_Grebe/Pied_Billed_Grebe_0114_35493.jpg,1,0,1,3,/o/ocean/00000868.jpg
4174,072.Pomarine_Jaeger/Pomarine_Jaeger_0032_795789.jpg,1,0,1,3,/l/lake/natural/00001779.jpg
1374,025.Pelagic_Cormorant/Pelagic_Cormorant_0024_23712.jpg,1,0,1,3,/o/ocean/00003192.jpg
323,006.Least_Auklet/Least_Auklet_0063_795134.jpg,1,0,1,3,/l/lake/natural/00004107.jpg
3460,060.Glaucous_winged_Gull/Glaucous_Winged_Gull_0134_44743.jpg,1,0,1,3,/l/lake/natural/00001687.jpg
5121,088.Western_Meadowlark/Western_Meadowlark_0013_77712.jpg,1,0,1,3,/l/lake/natural/00001176.jpg
2955,052.Pied_billed_Grebe/Pied_Billed_Grebe_0115_35362.jpg,1,0,1,3,/o/ocean/00003929.jpg
5872,101.White_Pelican/White_Pelican_0056_97071.jpg,1,0,1,3,/o/ocean/00003463.jpg
8299,142.Black_Tern/Black_Tern_0029_144140.jpg,1,0,1,3,/l/lake/natural/00004044.jpg
1346,025.Pelagic_Cormorant/Pelagic_Cormorant_0012_23565.jpg,1,0,1,3,/o/ocean/00003156.jpg
5252,090.Red_breasted_Merganser/Red_Breasted_Merganser_0003_79303.jpg,1,0,1,3,/l/lake/natural/00000741.jpg
1250,023.Brandt_Cormorant/Brandt_Cormorant_0013_23391.jpg,1,0,1,3,/o/ocean/00001775.jpg
4122,071.Long_tailed_Jaeger/Long_Tailed_Jaeger_0037_797099.jpg,1,0,1,3,/l/lake/natural/00003439.jpg
413,008.Rhinoceros_Auklet/Rhinoceros_Auklet_0049_797543.jpg,1,0,1,3,/l/lake/natural/00003158.jpg
4878,084.Red_legged_Kittiwake/Red_Legged_Kittiwake_0072_795438.jpg,1,0,1,3,/o/ocean/00001106.jpg
8245,141.Artic_Tern/Artic_Tern_0021_143477.jpg,1,0,1,3,/l/lake/natural/00004238.jpg
3335,058.Pigeon_Guillemot/Pigeon_Guillemot_0028_40046.jpg,1,0,1,3,/o/ocean/00003994.jpg
99,002.Laysan_Albatross/Laysan_Albatross_0039_924.jpg,1,0,1,3,/l/lake/natural/00003881.jpg
313,006.Least_Auklet/Least_Auklet_0030_795116.jpg,1,0,1,3,/l/lake/natural/00001621.jpg
2521,044.Frigatebird/Frigatebird_0035_43420.jpg,1,0,1,3,/o/ocean/00004766.jpg
3588,062.Herring_Gull/Herring_Gull_0039_46420.jpg,1,0,1,3,/l/lake/natural/00004268.jpg
5086,088.Western_Meadowlark/Western_Meadowlark_0079_78856.jpg,1,0,1,3,/o/ocean/00002538.jpg
3397,059.California_Gull/California_Gull_0046_41209.jpg,1,0,1,3,/l/lake/natural/00003173.jpg
2626,046.Gadwall/Gadwall_0097_30893.jpg,1,0,1,3,/l/lake/natural/00004274.jpg
2502,044.Frigatebird/Frigatebird_0004_43221.jpg,1,0,1,3,/o/ocean/00001858.jpg
41,001.Black_footed_Albatross/Black_Footed_Albatross_0077_796114.jpg,1,0,1,3,/l/lake/natural/00003967.jpg
72,002.Laysan_Albatross/Laysan_Albatross_0065_809.jpg,1,0,1,3,/l/lake/natural/00000743.jpg
2899,051.Horned_Grebe/Horned_Grebe_0039_34848.jpg,1,0,1,3,/o/ocean/00002723.jpg
1307,024.Red_faced_Cormorant/Red_Faced_Cormorant_0034_23425.jpg,1,0,1,3,/l/lake/natural/00001890.jpg
5891,101.White_Pelican/White_Pelican_0084_95877.jpg,1,0,1,3,/l/lake/natural/00000564.jpg
3052,053.Western_Grebe/Western_Grebe_0050_36163.jpg,1,0,1,3,/l/lake/natural/00000802.jpg
8569,146.Forsters_Tern/Forsters_Tern_0075_152258.jpg,1,0,1,3,/l/lake/natural/00000646.jpg
4117,071.Long_tailed_Jaeger/Long_Tailed_Jaeger_0068_797093.jpg,1,0,1,3,/o/ocean/00004462.jpg
3712,064.Ring_billed_Gull/Ring_Billed_Gull_0018_51505.jpg,1,0,1,3,/l/lake/natural/00000231.jpg
263,005.Crested_Auklet/Crested_Auklet_0003_794962.jpg,1,0,1,3,/o/ocean/00003402.jpg
6180,106.Horned_Puffin/Horned_Puffin_0033_100731.jpg,1,0,1,3,/l/lake/natural/00003464.jpg
3388,059.California_Gull/California_Gull_0093_41111.jpg,1,0,1,3,/l/lake/natural/00003909.jpg
8482,145.Elegant_Tern/Elegant_Tern_0063_150873.jpg,1,0,1,3,/o/ocean/00001143.jpg
8588,147.Least_Tern/Least_Tern_0095_154680.jpg,1,0,1,3,/o/ocean/00000474.jpg
5206,090.Red_breasted_Merganser/Red_Breasted_Merganser_0080_79488.jpg,1,0,1,3,/l/lake/natural/00001884.jpg
2877,050.Eared_Grebe/Eared_Grebe_0015_34231.jpg,1,0,1,3,/o/ocean/00001928.jpg
3479,060.Glaucous_winged_Gull/Glaucous_Winged_Gull_0110_44377.jpg,1,0,1,3,/o/ocean/00002777.jpg
8466,145.Elegant_Tern/Elegant_Tern_0032_150488.jpg,1,0,1,3,/o/ocean/00001625.jpg
8295,142.Black_Tern/Black_Tern_0019_144680.jpg,1,0,1,3,/o/ocean/00001217.jpg
5939,102.Western_Wood_Pewee/Western_Wood_Pewee_0057_795040.jpg,1,0,1,3,/o/ocean/00000074.jpg
1121,021.Eastern_Towhee/Eastern_Towhee_0101_22559.jpg,1,0,1,3,/l/lake/natural/00004393.jpg
8286,142.Black_Tern/Black_Tern_0090_143880.jpg,1,0,1,3,/l/lake/natural/00004963.jpg
390,008.Rhinoceros_Auklet/Rhinoceros_Auklet_0030_797509.jpg,1,0,1,3,/o/ocean/00004567.jpg
3589,062.Herring_Gull/Herring_Gull_0010_46425.jpg,1,0,1,3,/o/ocean/00003863.jpg
2526,044.Frigatebird/Frigatebird_0082_42989.jpg,1,0,1,3,/o/ocean/00002591.jpg
1389,025.Pelagic_Cormorant/Pelagic_Cormorant_0019_23546.jpg,1,0,1,3,/l/lake/natural/00000050.jpg
2989,052.Pied_billed_Grebe/Pied_Billed_Grebe_0086_35483.jpg,1,0,1,3,/l/lake/natural/00004879.jpg
3694,064.Ring_billed_Gull/Ring_Billed_Gull_0131_51370.jpg,1,0,1,3,/o/ocean/00002159.jpg
2888,050.Eared_Grebe/Eared_Grebe_0004_34277.jpg,1,0,1,3,/o/ocean/00004362.jpg
2861,050.Eared_Grebe/Eared_Grebe_0067_34416.jpg,1,0,1,3,/o/ocean/00003652.jpg
73,002.Laysan_Albatross/Laysan_Albatross_0061_563.jpg,1,0,1,3,/l/lake/natural/00002318.jpg
3609,063.Ivory_Gull/Ivory_Gull_0039_49412.jpg,1,0,1,3,/o/ocean/00002542.jpg
8636,147.Least_Tern/Least_Tern_0046_153006.jpg,1,0,1,3,/l/lake/natural/00004354.jpg
6151,106.Horned_Puffin/Horned_Puffin_0029_100888.jpg,1,0,1,3,/o/ocean/00003120.jpg
5962,102.Western_Wood_Pewee/Western_Wood_Pewee_0008_795043.jpg,1,0,1,3,/l/lake/natural/00000106.jpg
8341,142.Black_Tern/Black_Tern_0097_144724.jpg,1,0,1,3,/l/lake/natural/00002236.jpg
3569,062.Herring_Gull/Herring_Gull_0034_48824.jpg,1,0,1,3,/o/ocean/00003295.jpg
2528,044.Frigatebird/Frigatebird_0090_43511.jpg,1,0,1,3,/l/lake/natural/00002948.jpg
58,001.Black_footed_Albatross/Black_Footed_Albatross_0063_796141.jpg,1,0,1,3,/l/lake/natural/00004306.jpg
3772,065.Slaty_backed_Gull/Slaty_Backed_Gull_0086_786387.jpg,1,0,1,3,/o/ocean/00003478.jpg
8408,144.Common_Tern/Common_Tern_0125_148767.jpg,1,0,1,3,/o/ocean/00001531.jpg
8536,146.Forsters_Tern/Forsters_Tern_0002_151622.jpg,1,0,1,3,/o/ocean/00002866.jpg
151,003.Sooty_Albatross/Sooty_Albatross_0075_796352.jpg,1,0,1,3,/o/ocean/00003332.jpg
2912,051.Horned_Grebe/Horned_Grebe_0086_34749.jpg,1,0,1,3,/l/lake/natural/00000297.jpg
5844,100.Brown_Pelican/Brown_Pelican_0085_95053.jpg,1,0,1,3,/o/ocean/00001259.jpg
3520,061.Heermann_Gull/Heermann_Gull_0086_45304.jpg,1,0,1,3,/o/ocean/00001919.jpg
4096,071.Long_tailed_Jaeger/Long_Tailed_Jaeger_0008_797066.jpg,1,0,1,3,/l/lake/natural/00001928.jpg
8480,145.Elegant_Tern/Elegant_Tern_0026_150869.jpg,1,0,1,3,/o/ocean/00000339.jpg
5836,100.Brown_Pelican/Brown_Pelican_0077_93464.jpg,1,0,1,3,/l/lake/natural/00001627.jpg
8520,145.Elegant_Tern/Elegant_Tern_0076_150519.jpg,1,0,1,3,/l/lake/natural/00003234.jpg
5235,090.Red_breasted_Merganser/Red_Breasted_Merganser_0016_79476.jpg,1,0,1,3,/l/lake/natural/00001892.jpg
1296,024.Red_faced_Cormorant/Red_Faced_Cormorant_0040_796272.jpg,1,0,1,3,/o/ocean/00003071.jpg
8231,141.Artic_Tern/Artic_Tern_0056_141858.jpg,1,0,1,3,/o/ocean/00002036.jpg
3438,060.Glaucous_winged_Gull/Glaucous_Winged_Gull_0093_44724.jpg,1,0,1,3,/l/lake/natural/00001099.jpg
5811,100.Brown_Pelican/Brown_Pelican_0086_93757.jpg,1,0,1,3,/o/ocean/00000067.jpg
8301,142.Black_Tern/Black_Tern_0103_143956.jpg,1,0,1,3,/l/lake/natural/00004480.jpg
3741,065.Slaty_backed_Gull/Slaty_Backed_Gull_0006_796014.jpg,1,0,1,3,/o/ocean/00000966.jpg
7,001.Black_footed_Albatross/Black_Footed_Albatross_0031_100.jpg,1,0,1,3,/o/ocean/00004469.jpg
8526,146.Forsters_Tern/Forsters_Tern_0118_151564.jpg,1,0,1,3,/o/ocean/00001096.jpg
2522,044.Frigatebird/Frigatebird_0021_42913.jpg,1,0,1,3,/l/lake/natural/00002047.jpg
3614,063.Ivory_Gull/Ivory_Gull_0041_49172.jpg,1,0,1,3,/l/lake/natural/00002809.jpg
5157,089.Hooded_Merganser/Hooded_Merganser_0014_796739.jpg,1,0,1,3,/l/lake/natural/00000024.jpg
3365,058.Pigeon_Guillemot/Pigeon_Guillemot_0058_40184.jpg,1,0,1,3,/l/lake/natural/00000115.jpg
1125,021.Eastern_Towhee/Eastern_Towhee_0124_22585.jpg,1,0,1,3,/l/lake/natural/00001112.jpg
3575,062.Herring_Gull/Herring_Gull_0052_46810.jpg,1,0,1,3,/o/ocean/00003136.jpg
8288,142.Black_Tern/Black_Tern_0053_143882.jpg,1,0,1,3,/o/ocean/00001100.jpg
3819,066.Western_Gull/Western_Gull_0094_55156.jpg,1,0,1,3,/l/lake/natural/00001035.jpg
1363,025.Pelagic_Cormorant/Pelagic_Cormorant_0100_23894.jpg,1,0,1,3,/o/ocean/00000207.jpg
5129,088.Western_Meadowlark/Western_Meadowlark_0081_77798.jpg,1,0,1,3,/o/ocean/00001966.jpg
3371,059.California_Gull/California_Gull_0096_40978.jpg,1,0,1,3,/l/lake/natural/00003200.jpg
3790,066.Western_Gull/Western_Gull_0058_53882.jpg,1,0,1,3,/o/ocean/00002112.jpg
8589,147.Least_Tern/Least_Tern_0036_153658.jpg,1,0,1,3,/o/ocean/00004630.jpg
3835,066.Western_Gull/Western_Gull_0009_54768.jpg,1,0,1,3,/o/ocean/00004868.jpg
3508,061.Heermann_Gull/Heermann_Gull_0056_45751.jpg,1,0,1,3,/l/lake/natural/00002072.jpg
5050,087.Mallard/Mallard_0053_75985.jpg,1,0,1,3,/l/lake/natural/00000645.jpg
5244,090.Red_breasted_Merganser/Red_Breasted_Merganser_0022_79274.jpg,1,0,1,3,/l/lake/natural/00003933.jpg
5892,101.White_Pelican/White_Pelican_0012_97261.jpg,1,0,1,3,/l/lake/natural/00003323.jpg
6196,106.Horned_Puffin/Horned_Puffin_0031_100804.jpg,1,0,1,3,/o/ocean/00004839.jpg
3634,063.Ivory_Gull/Ivory_Gull_0036_49754.jpg,1,0,1,3,/l/lake/natural/00002020.jpg
1368,025.Pelagic_Cormorant/Pelagic_Cormorant_0011_23667.jpg,1,0,1,3,/o/ocean/00001759.jpg
5822,100.Brown_Pelican/Brown_Pelican_0010_94370.jpg,1,0,1,3,/o/ocean/00002223.jpg
1152,021.Eastern_Towhee/Eastern_Towhee_0117_22741.jpg,1,0,1,3,/l/lake/natural/00001556.jpg
5896,101.White_Pelican/White_Pelican_0022_95897.jpg,1,0,1,3,/l/lake/natural/00000971.jpg
3693,064.Ring_billed_Gull/Ring_Billed_Gull_0117_51363.jpg,1,0,1,3,/l/lake/natural/00002507.jpg
5261,090.Red_breasted_Merganser/Red_Breasted_Merganser_0048_79323.jpg,1,0,1,3,/o/ocean/00002657.jpg
3697,064.Ring_billed_Gull/Ring_Billed_Gull_0095_50362.jpg,1,0,1,3,/l/lake/natural/00004928.jpg
8460,144.Common_Tern/Common_Tern_0113_147949.jpg,1,0,1,3,/o/ocean/00000759.jpg
3587,062.Herring_Gull/Herring_Gull_0106_46930.jpg,1,0,1,3,/o/ocean/00004933.jpg
331,007.Parakeet_Auklet/Parakeet_Auklet_0007_795932.jpg,1,0,1,3,/l/lake/natural/00002664.jpg
3770,065.Slaty_backed_Gull/Slaty_Backed_Gull_0084_786383.jpg,1,0,1,3,/o/ocean/00001995.jpg
4876,084.Red_legged_Kittiwake/Red_Legged_Kittiwake_0069_795435.jpg,1,0,1,3,/o/ocean/00002304.jpg
1334,024.Red_faced_Cormorant/Red_Faced_Cormorant_0073_796332.jpg,1,0,1,3,/l/lake/natural/00000640.jpg
3784,066.Western_Gull/Western_Gull_0124_53838.jpg,1,0,1,3,/l/lake/natural/00004369.jpg
5047,087.Mallard/Mallard_0141_76977.jpg,1,0,1,3,/o/ocean/00002807.jpg
3033,053.Western_Grebe/Western_Grebe_0075_36435.jpg,1,0,1,3,/o/ocean/00001809.jpg
4178,072.Pomarine_Jaeger/Pomarine_Jaeger_0004_795796.jpg,1,0,1,3,/o/ocean/00002563.jpg
293,006.Least_Auklet/Least_Auklet_0045_795069.jpg,1,0,1,3,/l/lake/natural/00002323.jpg
97,002.Laysan_Albatross/Laysan_Albatross_0096_673.jpg,1,0,1,3,/l/lake/natural/00000209.jpg
2517,044.Frigatebird/Frigatebird_0006_43381.jpg,1,0,1,3,/o/ocean/00004208.jpg
3545,061.Heermann_Gull/Heermann_Gull_0015_41392.jpg,1,0,1,3,/o/ocean/00002318.jpg
1332,024.Red_faced_Cormorant/Red_Faced_Cormorant_0036_796329.jpg,1,0,1,3,/o/ocean/00000497.jpg
2593,046.Gadwall/Gadwall_0035_30985.jpg,1,0,1,3,/o/ocean/00000167.jpg
8403,143.Caspian_Tern/Caspian_Tern_0023_147194.jpg,1,0,1,3,/l/lake/natural/00003262.jpg
3396,059.California_Gull/California_Gull_0121_41196.jpg,1,0,1,3,/o/ocean/00001195.jpg
5211,090.Red_breasted_Merganser/Red_Breasted_Merganser_0081_79396.jpg,1,0,1,3,/l/lake/natural/00004483.jpg
2471,044.Frigatebird/Frigatebird_0057_43016.jpg,1,0,1,3,/l/lake/natural/00000078.jpg
8576,146.Forsters_Tern/Forsters_Tern_0062_151780.jpg,1,0,1,3,/o/ocean/00003396.jpg
2477,044.Frigatebird/Frigatebird_0047_43039.jpg,1,0,1,3,/o/ocean/00004201.jpg
3815,066.Western_Gull/Western_Gull_0114_55644.jpg,1,0,1,3,/o/ocean/00002725.jpg
3738,065.Slaty_backed_Gull/Slaty_Backed_Gull_0043_796009.jpg,1,0,1,3,/l/lake/natural/00001647.jpg
3752,065.Slaty_backed_Gull/Slaty_Backed_Gull_0031_796029.jpg,1,0,1,3,/o/ocean/00004850.jpg
5827,100.Brown_Pelican/Brown_Pelican_0118_93475.jpg,1,0,1,3,/o/ocean/00000951.jpg
5237,090.Red_breasted_Merganser/Red_Breasted_Merganser_0017_79224.jpg,1,0,1,3,/l/lake/natural/00001988.jpg
5184,089.Hooded_Merganser/Hooded_Merganser_0084_78954.jpg,1,0,1,3,/o/ocean/00001527.jpg
5091,088.Western_Meadowlark/Western_Meadowlark_0038_77785.jpg,1,0,1,3,/o/ocean/00001875.jpg
8309,142.Black_Tern/Black_Tern_0099_144242.jpg,1,0,1,3,/l/lake/natural/00004837.jpg
2621,046.Gadwall/Gadwall_0076_31639.jpg,1,0,1,3,/o/ocean/00000219.jpg
353,007.Parakeet_Auklet/Parakeet_Auklet_0080_795965.jpg,1,0,1,3,/l/lake/natural/00002969.jpg
8550,146.Forsters_Tern/Forsters_Tern_0053_152175.jpg,1,0,1,3,/o/ocean/00001099.jpg
137,003.Sooty_Albatross/Sooty_Albatross_0034_1154.jpg,1,0,1,3,/l/lake/natural/00001573.jpg
332,007.Parakeet_Auklet/Parakeet_Auklet_0041_795933.jpg,1,0,1,3,/o/ocean/00003603.jpg
4156,072.Pomarine_Jaeger/Pomarine_Jaeger_0013_795759.jpg,1,0,1,3,/o/ocean/00002776.jpg
3502,061.Heermann_Gull/Heermann_Gull_0044_45705.jpg,1,0,1,3,/l/lake/natural/00002785.jpg
1377,025.Pelagic_Cormorant/Pelagic_Cormorant_0047_23718.jpg,1,0,1,3,/l/lake/natural/00001510.jpg
299,006.Least_Auklet/Least_Auklet_0017_795084.jpg,1,0,1,3,/l/lake/natural/00002819.jpg
105,002.Laysan_Albatross/Laysan_Albatross_0073_927.jpg,1,0,1,3,/o/ocean/00001310.jpg
4167,072.Pomarine_Jaeger/Pomarine_Jaeger_0006_795775.jpg,1,0,1,3,/l/lake/natural/00000910.jpg
8390,143.Caspian_Tern/Caspian_Tern_0116_145607.jpg,1,0,1,3,/o/ocean/00002219.jpg
3340,058.Pigeon_Guillemot/Pigeon_Guillemot_0081_40339.jpg,1,0,1,3,/l/lake/natural/00000899.jpg
5083,087.Mallard/Mallard_0020_76239.jpg,1,0,1,3,/o/ocean/00000464.jpg
8379,143.Caspian_Tern/Caspian_Tern_0009_145057.jpg,1,0,1,3,/o/ocean/00003905.jpg
3523,061.Heermann_Gull/Heermann_Gull_0008_45839.jpg,1,0,1,3,/l/lake/natural/00001223.jpg
1357,025.Pelagic_Cormorant/Pelagic_Cormorant_0017_23875.jpg,1,0,1,3,/l/lake/natural/00003997.jpg
2519,044.Frigatebird/Frigatebird_0116_43410.jpg,1,0,1,3,/l/lake/natural/00003949.jpg
1175,021.Eastern_Towhee/Eastern_Towhee_0079_22690.jpg,1,0,1,3,/l/lake/natural/00001672.jpg
256,005.Crested_Auklet/Crested_Auklet_0045_794940.jpg,1,0,1,3,/o/ocean/00003898.jpg
8606,147.Least_Tern/Least_Tern_0042_153809.jpg,1,0,1,3,/o/ocean/00000678.jpg
5970,102.Western_Wood_Pewee/Western_Wood_Pewee_0068_98024.jpg,1,0,1,3,/l/lake/natural/00002927.jpg
3776,065.Slaty_backed_Gull/Slaty_Backed_Gull_0026_53245.jpg,1,0,1,3,/o/ocean/00001300.jpg
8579,146.Forsters_Tern/Forsters_Tern_0123_151789.jpg,1,0,1,3,/l/lake/natural/00002979.jpg
1322,024.Red_faced_Cormorant/Red_Faced_Cormorant_0052_796316.jpg,1,0,1,3,/l/lake/natural/00001662.jpg
2911,051.Horned_Grebe/Horned_Grebe_0046_34926.jpg,1,0,1,3,/o/ocean/00001472.jpg
2987,052.Pied_billed_Grebe/Pied_Billed_Grebe_0070_35472.jpg,1,0,1,3,/o/ocean/00003698.jpg
2543,045.Northern_Fulmar/Northern_Fulmar_0079_43599.jpg,1,0,1,3,/o/ocean/00004139.jpg
3314,058.Pigeon_Guillemot/Pigeon_Guillemot_0073_40209.jpg,1,0,1,3,/l/lake/natural/00002427.jpg
3501,061.Heermann_Gull/Heermann_Gull_0130_45700.jpg,1,0,1,3,/o/ocean/00001191.jpg
8274,141.Artic_Tern/Artic_Tern_0099_141170.jpg,1,0,1,3,/o/ocean/00000960.jpg
4113,071.Long_tailed_Jaeger/Long_Tailed_Jaeger_0039_797089.jpg,1,0,1,3,/l/lake/natural/00004131.jpg
2994,052.Pied_billed_Grebe/Pied_Billed_Grebe_0058_35503.jpg,1,0,1,3,/o/ocean/00004578.jpg
5093,088.Western_Meadowlark/Western_Meadowlark_0125_77850.jpg,1,0,1,3,/l/lake/natural/00004778.jpg
8512,145.Elegant_Tern/Elegant_Tern_0103_150493.jpg,1,0,1,3,/o/ocean/00004692.jpg
2927,051.Horned_Grebe/Horned_Grebe_0101_35203.jpg,1,0,1,3,/l/lake/natural/00004482.jpg
4173,072.Pomarine_Jaeger/Pomarine_Jaeger_0061_795788.jpg,1,0,1,3,/o/ocean/00003189.jpg
1288,023.Brandt_Cormorant/Brandt_Cormorant_0076_23021.jpg,1,0,1,3,/o/ocean/00001688.jpg
3730,065.Slaty_backed_Gull/Slaty_Backed_Gull_0072_53314.jpg,1,0,1,3,/o/ocean/00001280.jpg
3407,059.California_Gull/California_Gull_0076_40788.jpg,1,0,1,3,/l/lake/natural/00003506.jpg
4090,071.Long_tailed_Jaeger/Long_Tailed_Jaeger_0061_61049.jpg,1,0,1,3,/l/lake/natural/00001412.jpg
5144,088.Western_Meadowlark/Western_Meadowlark_0069_78587.jpg,1,0,1,3,/o/ocean/00002366.jpg
6156,106.Horned_Puffin/Horned_Puffin_0034_100895.jpg,1,0,1,3,/o/ocean/00003583.jpg
3559,062.Herring_Gull/Herring_Gull_0130_46675.jpg,1,0,1,3,/o/ocean/00002888.jpg
4155,072.Pomarine_Jaeger/Pomarine_Jaeger_0078_795758.jpg,1,0,1,3,/l/lake/natural/00004257.jpg
1282,023.Brandt_Cormorant/Brandt_Cormorant_0080_23002.jpg,1,0,1,3,/o/ocean/00004120.jpg
8585,147.Least_Tern/Least_Tern_0016_153560.jpg,1,0,1,3,/l/lake/natural/00001161.jpg
3674,064.Ring_billed_Gull/Ring_Billed_Gull_0100_52779.jpg,1,0,1,3,/o/ocean/00004984.jpg
5200,089.Hooded_Merganser/Hooded_Merganser_0070_79054.jpg,1,0,1,3,/l/lake/natural/00004194.jpg
3010,053.Western_Grebe/Western_Grebe_0067_36610.jpg,1,0,1,3,/l/lake/natural/00001831.jpg
5173,089.Hooded_Merganser/Hooded_Merganser_0083_796773.jpg,1,0,1,3,/l/lake/natural/00004593.jpg
1336,024.Red_faced_Cormorant/Red_Faced_Cormorant_0032_796334.jpg,1,0,1,3,/l/lake/natural/00000984.jpg
4886,084.Red_legged_Kittiwake/Red_Legged_Kittiwake_0002_73788.jpg,1,0,1,3,/o/ocean/00002719.jpg
8422,144.Common_Tern/Common_Tern_0094_148309.jpg,1,0,1,3,/l/lake/natural/00003688.jpg
43,001.Black_footed_Albatross/Black_Footed_Albatross_0038_212.jpg,1,0,1,3,/o/ocean/00004548.jpg
3009,052.Pied_billed_Grebe/Pied_Billed_Grebe_0096_35579.jpg,1,0,1,3,/l/lake/natural/00004493.jpg
8603,147.Least_Tern/Least_Tern_0060_153190.jpg,1,0,1,3,/l/lake/natural/00002093.jpg
3781,066.Western_Gull/Western_Gull_0051_54320.jpg,1,0,1,3,/l/lake/natural/00003948.jpg
5151,089.Hooded_Merganser/Hooded_Merganser_0061_796723.jpg,1,0,1,3,/o/ocean/00003187.jpg
261,005.Crested_Auklet/Crested_Auklet_0052_794952.jpg,1,0,1,3,/l/lake/natural/00004464.jpg
2544,045.Northern_Fulmar/Northern_Fulmar_0010_44112.jpg,1,0,1,3,/o/ocean/00000295.jpg
3675,064.Ring_billed_Gull/Ring_Billed_Gull_0129_51246.jpg,1,0,1,3,/o/ocean/00000548.jpg
274,005.Crested_Auklet/Crested_Auklet_0069_785258.jpg,1,0,1,3,/o/ocean/00000901.jpg
30,001.Black_footed_Albatross/Black_Footed_Albatross_0080_796096.jpg,1,0,1,3,/l/lake/natural/00000105.jpg
5821,100.Brown_Pelican/Brown_Pelican_0123_94368.jpg,1,0,1,3,/o/ocean/00001422.jpg
4134,071.Long_tailed_Jaeger/Long_Tailed_Jaeger_0053_60906.jpg,1,0,1,3,/l/lake/natural/00000749.jpg
8374,143.Caspian_Tern/Caspian_Tern_0011_146058.jpg,1,0,1,3,/o/ocean/00001283.jpg
4868,084.Red_legged_Kittiwake/Red_Legged_Kittiwake_0066_795419.jpg,1,0,1,3,/l/lake/natural/00000101.jpg
3423,059.California_Gull/California_Gull_0008_40942.jpg,1,0,1,3,/o/ocean/00004218.jpg
1378,025.Pelagic_Cormorant/Pelagic_Cormorant_0086_23719.jpg,1,0,1,3,/l/lake/natural/00001925.jpg
3787,066.Western_Gull/Western_Gull_0131_53349.jpg,1,0,1,3,/l/lake/natural/00001038.jpg
2554,045.Northern_Fulmar/Northern_Fulmar_0076_43893.jpg,1,0,1,3,/o/ocean/00004997.jpg
5845,100.Brown_Pelican/Brown_Pelican_0071_94549.jpg,1,0,1,3,/l/lake/natural/00004488.jpg
3476,060.Glaucous_winged_Gull/Glaucous_Winged_Gull_0005_44860.jpg,1,0,1,3,/l/lake/natural/00004430.jpg
3690,064.Ring_billed_Gull/Ring_Billed_Gull_0118_51322.jpg,1,0,1,3,/l/lake/natural/00000689.jpg
327,007.Parakeet_Auklet/Parakeet_Auklet_0056_795926.jpg,1,0,1,3,/o/ocean/00002951.jpg
4129,071.Long_tailed_Jaeger/Long_Tailed_Jaeger_0060_60886.jpg,1,0,1,3,/l/lake/natural/00001368.jpg
1146,021.Eastern_Towhee/Eastern_Towhee_0007_22172.jpg,1,0,1,3,/o/ocean/00001547.jpg
8230,141.Artic_Tern/Artic_Tern_0092_141849.jpg,1,0,1,3,/o/ocean/00002516.jpg
1370,025.Pelagic_Cormorant/Pelagic_Cormorant_0055_23415.jpg,1,0,1,3,/l/lake/natural/00003443.jpg
269,005.Crested_Auklet/Crested_Auklet_0066_785251.jpg,1,0,1,3,/l/lake/natural/00004556.jpg
262,005.Crested_Auklet/Crested_Auklet_0012_794960.jpg,1,0,1,3,/o/ocean/00003174.jpg
8237,141.Artic_Tern/Artic_Tern_0039_141390.jpg,1,0,1,3,/l/lake/natural/00003705.jpg
3810,066.Western_Gull/Western_Gull_0004_55605.jpg,1,0,1,3,/l/lake/natural/00002881.jpg
2635,046.Gadwall/Gadwall_0012_30920.jpg,1,0,1,3,/l/lake/natural/00000604.jpg
8281,141.Artic_Tern/Artic_Tern_0116_143613.jpg,1,0,1,3,/o/ocean/00000919.jpg
2612,046.Gadwall/Gadwall_0064_31504.jpg,1,0,1,3,/l/lake/natural/00001952.jpg
3812,066.Western_Gull/Western_Gull_0036_54329.jpg,1,0,1,3,/o/ocean/00001221.jpg
2634,046.Gadwall/Gadwall_0060_31686.jpg,1,0,1,3,/l/lake/natural/00003716.jpg
3337,058.Pigeon_Guillemot/Pigeon_Guillemot_0024_39814.jpg,1,0,1,3,/l/lake/natural/00002443.jpg
3360,058.Pigeon_Guillemot/Pigeon_Guillemot_0098_39902.jpg,1,0,1,3,/o/ocean/00001705.jpg
123,003.Sooty_Albatross/Sooty_Albatross_0001_1071.jpg,1,0,1,3,/l/lake/natural/00001199.jpg
380,008.Rhinoceros_Auklet/Rhinoceros_Auklet_0043_2096.jpg,1,0,1,3,/o/ocean/00001515.jpg
5945,102.Western_Wood_Pewee/Western_Wood_Pewee_0079_795047.jpg,1,0,1,3,/l/lake/natural/00001270.jpg
8597,147.Least_Tern/Least_Tern_0068_153738.jpg,1,0,1,3,/l/lake/natural/00004564.jpg
338,007.Parakeet_Auklet/Parakeet_Auklet_0036_795943.jpg,1,0,1,3,/l/lake/natural/00001287.jpg
8363,143.Caspian_Tern/Caspian_Tern_0066_147680.jpg,1,0,1,3,/l/lake/natural/00001695.jpg
3759,065.Slaty_backed_Gull/Slaty_Backed_Gull_0038_796044.jpg,1,0,1,3,/o/ocean/00004556.jpg
3695,064.Ring_billed_Gull/Ring_Billed_Gull_0101_51375.jpg,1,0,1,3,/o/ocean/00003424.jpg
2840,050.Eared_Grebe/Eared_Grebe_0053_34084.jpg,1,0,1,3,/o/ocean/00002099.jpg
257,005.Crested_Auklet/Crested_Auklet_0001_794941.jpg,1,0,1,3,/o/ocean/00003477.jpg
5960,102.Western_Wood_Pewee/Western_Wood_Pewee_0004_98257.jpg,1,0,1,3,/o/ocean/00000397.jpg
5126,088.Western_Meadowlark/Western_Meadowlark_0109_77990.jpg,1,0,1,3,/l/lake/natural/00002874.jpg
3761,065.Slaty_backed_Gull/Slaty_Backed_Gull_0032_796046.jpg,1,0,1,3,/l/lake/natural/00004195.jpg
5841,100.Brown_Pelican/Brown_Pelican_0067_94529.jpg,1,0,1,3,/o/ocean/00000139.jpg
345,007.Parakeet_Auklet/Parakeet_Auklet_0047_795956.jpg,1,0,1,3,/o/ocean/00001708.jpg
8322,142.Black_Tern/Black_Tern_0066_144541.jpg,1,0,1,3,/l/lake/natural/00001286.jpg
4190,072.Pomarine_Jaeger/Pomarine_Jaeger_0043_61384.jpg,1,0,1,3,/l/lake/natural/00002295.jpg
2644,046.Gadwall/Gadwall_0024_30942.jpg,1,0,1,3,/o/ocean/00004661.jpg
418,008.Rhinoceros_Auklet/Rhinoceros_Auklet_0012_2161.jpg,1,0,1,3,/l/lake/natural/00004290.jpg
3311,058.Pigeon_Guillemot/Pigeon_Guillemot_0069_40278.jpg,1,0,1,3,/l/lake/natural/00001021.jpg
42,001.Black_footed_Albatross/Black_Footed_Albatross_0032_796115.jpg,1,0,1,3,/l/lake/natural/00002503.jpg
3757,065.Slaty_backed_Gull/Slaty_Backed_Gull_0071_796037.jpg,1,0,1,3,/o/ocean/00004382.jpg
5023,086.Pacific_Loon/Pacific_Loon_0051_75514.jpg,1,0,1,3,/l/lake/natural/00004983.jpg
406,008.Rhinoceros_Auklet/Rhinoceros_Auklet_0050_797534.jpg,1,0,1,3,/l/lake/natural/00003829.jpg
3016,053.Western_Grebe/Western_Grebe_0046_36118.jpg,1,0,1,3,/o/ocean/00002385.jpg
3617,063.Ivory_Gull/Ivory_Gull_0040_49180.jpg,1,0,1,3,/l/lake/natural/00001707.jpg
2948,051.Horned_Grebe/Horned_Grebe_0011_34687.jpg,1,0,1,3,/o/ocean/00000109.jpg
5164,089.Hooded_Merganser/Hooded_Merganser_0066_796755.jpg,1,0,1,3,/l/lake/natural/00000113.jpg
2860,050.Eared_Grebe/Eared_Grebe_0041_34157.jpg,1,0,1,3,/o/ocean/00003355.jpg
3786,066.Western_Gull/Western_Gull_0128_53852.jpg,1,0,1,3,/o/ocean/00001326.jpg
3591,062.Herring_Gull/Herring_Gull_0140_46455.jpg,1,0,1,3,/l/lake/natural/00004960.jpg
3041,053.Western_Grebe/Western_Grebe_0047_36203.jpg,1,0,1,3,/o/ocean/00002157.jpg
3653,063.Ivory_Gull/Ivory_Gull_0055_49353.jpg,1,0,1,3,/l/lake/natural/00003344.jpg
1147,021.Eastern_Towhee/Eastern_Towhee_0030_22693.jpg,1,0,1,3,/l/lake/natural/00002789.jpg
1308,024.Red_faced_Cormorant/Red_Faced_Cormorant_0065_796293.jpg,1,0,1,3,/l/lake/natural/00004695.jpg
2501,044.Frigatebird/Frigatebird_0053_43220.jpg,1,0,1,3,/l/lake/natural/00002667.jpg
20,001.Black_footed_Albatross/Black_Footed_Albatross_0067_170.jpg,1,0,1,3,/o/ocean/00003153.jpg
3670,064.Ring_billed_Gull/Ring_Billed_Gull_0020_50204.jpg,1,0,1,3,/l/lake/natural/00000474.jpg
3533,061.Heermann_Gull/Heermann_Gull_0102_45904.jpg,1,0,1,3,/l/lake/natural/00002334.jpg
5032,087.Mallard/Mallard_0082_75954.jpg,1,0,1,3,/l/lake/natural/00003381.jpg
8564,146.Forsters_Tern/Forsters_Tern_0045_151227.jpg,1,0,1,3,/o/ocean/00002636.jpg
4859,084.Red_legged_Kittiwake/Red_Legged_Kittiwake_0067_795401.jpg,1,0,1,3,/l/lake/natural/00002127.jpg
152,003.Sooty_Albatross/Sooty_Albatross_0068_796353.jpg,1,0,1,3,/l/lake/natural/00000159.jpg
5935,102.Western_Wood_Pewee/Western_Wood_Pewee_0012_98031.jpg,1,0,1,3,/o/ocean/00000900.jpg
8521,145.Elegant_Tern/Elegant_Tern_0014_150523.jpg,1,0,1,3,/l/lake/natural/00001275.jpg
5143,088.Western_Meadowlark/Western_Meadowlark_0021_78841.jpg,1,0,1,3,/l/lake/natural/00003749.jpg
187,004.Groove_billed_Ani/Groove_Billed_Ani_0105_1562.jpg,0,1,0,0,/f/forest/broadleaf/00002938.jpg
8031,137.Cliff_Swallow/Cliff_Swallow_0058_133060.jpg,0,1,0,0,/f/forest/broadleaf/00001317.jpg
6121,105.Whip_poor_Will/Whip_Poor_Will_0049_83621.jpg,0,1,0,0,/f/forest/broadleaf/00001785.jpg
7543,129.Song_Sparrow/Song_Sparrow_0046_121903.jpg,0,1,0,0,/f/forest/broadleaf/00004464.jpg
10074,172.Nashville_Warbler/Nashville_Warbler_0036_167461.jpg,0,1,0,0,/b/bamboo_forest/00003275.jpg
4006,069.Rufous_Hummingbird/Rufous_Hummingbird_0113_59444.jpg,0,1,0,0,/f/forest/broadleaf/00000418.jpg
10270,175.Pine_Warbler/Pine_Warbler_0033_171657.jpg,0,1,0,0,/f/forest/broadleaf/00004148.jpg
631,012.Yellow_headed_Blackbird/Yellow_Headed_Blackbird_0062_8310.jpg,0,1,0,0,/f/forest/broadleaf/00004095.jpg
10483,178.Swainson_Warbler/Swainson_Warbler_0023_174717.jpg,0,1,0,0,/b/bamboo_forest/00000250.jpg
3215,056.Pine_Grosbeak/Pine_Grosbeak_0043_38992.jpg,0,1,0,0,/f/forest/broadleaf/00003625.jpg
5492,094.White_breasted_Nuthatch/White_Breasted_Nuthatch_0131_86416.jpg,0,1,0,0,/f/forest/broadleaf/00003459.jpg
11211,191.Red_headed_Woodpecker/Red_Headed_Woodpecker_0012_183395.jpg,0,1,0,0,/b/bamboo_forest/00000788.jpg
5367,092.Nighthawk/Nighthawk_0051_82619.jpg,0,1,0,0,/f/forest/broadleaf/00003305.jpg
10097,172.Nashville_Warbler/Nashville_Warbler_0102_167195.jpg,0,1,0,0,/b/bamboo_forest/00003297.jpg
4259,074.Florida_Jay/Florida_Jay_0003_65036.jpg,0,1,0,0,/f/forest/broadleaf/00001207.jpg
11782,200.Common_Yellowthroat/Common_Yellowthroat_0094_190690.jpg,0,1,0,0,/f/forest/broadleaf/00003522.jpg
7089,121.Grasshopper_Sparrow/Grasshopper_Sparrow_0038_115704.jpg,0,1,0,0,/b/bamboo_forest/00000072.jpg
874,016.Painted_Bunting/Painted_Bunting_0099_16525.jpg,0,1,0,0,/f/forest/broadleaf/00001912.jpg
10067,171.Myrtle_Warbler/Myrtle_Warbler_0007_166897.jpg,0,1,0,0,/b/bamboo_forest/00002591.jpg
6026,103.Sayornis/Sayornis_0056_99553.jpg,0,1,0,0,/f/forest/broadleaf/00003080.jpg
11691,199.Winter_Wren/Winter_Wren_0113_189558.jpg,0,1,0,0,/f/forest/broadleaf/00004150.jpg
4068,070.Green_Violetear/Green_Violetear_0094_795634.jpg,0,1,0,0,/f/forest/broadleaf/00004353.jpg
4453,077.Tropical_Kingbird/Tropical_Kingbird_0074_69949.jpg,0,1,0,0,/b/bamboo_forest/00000744.jpg
7248,124.Le_Conte_Sparrow/Le_Conte_Sparrow_0043_795213.jpg,0,1,0,0,/b/bamboo_forest/00000297.jpg
9745,166.Golden_winged_Warbler/Golden_Winged_Warbler_0015_794819.jpg,0,1,0,0,/b/bamboo_forest/00001311.jpg
2270,040.Olive_sided_Flycatcher/Olive_Sided_Flycatcher_0034_30672.jpg,0,1,0,0,/f/forest/broadleaf/00002930.jpg
5430,093.Clark_Nutcracker/Clark_Nutcracker_0058_85384.jpg,0,1,0,0,/b/bamboo_forest/00003895.jpg
5563,095.Baltimore_Oriole/Baltimore_Oriole_0007_88038.jpg,0,1,0,0,/b/bamboo_forest/00003889.jpg
1821,033.Yellow_billed_Cuckoo/Yellow_Billed_Cuckoo_0009_26656.jpg,0,1,0,0,/b/bamboo_forest/00004877.jpg
6754,116.Chipping_Sparrow/Chipping_Sparrow_0098_108644.jpg,0,1,0,0,/f/forest/broadleaf/00002810.jpg
6111,105.Whip_poor_Will/Whip_Poor_Will_0006_22800.jpg,0,1,0,0,/f/forest/broadleaf/00002986.jpg
4508,078.Gray_Kingbird/Gray_Kingbird_0009_795023.jpg,0,1,0,0,/f/forest/broadleaf/00000855.jpg
5504,094.White_breasted_Nuthatch/White_Breasted_Nuthatch_0128_86947.jpg,0,1,0,0,/f/forest/broadleaf/00000096.jpg
3961,069.Rufous_Hummingbird/Rufous_Hummingbird_0102_59414.jpg,0,1,0,0,/f/forest/broadleaf/00000480.jpg
8842,151.Black_capped_Vireo/Black_Capped_Vireo_0002_797466.jpg,0,1,0,0,/f/forest/broadleaf/00002978.jpg
7716,132.White_crowned_Sparrow/White_Crowned_Sparrow_0099_127213.jpg,0,1,0,0,/f/forest/broadleaf/00000351.jpg
4614,080.Green_Kingfisher/Green_Kingfisher_0011_71183.jpg,0,1,0,0,/f/forest/broadleaf/00004989.jpg
593,011.Rusty_Blackbird/Rusty_Blackbird_0108_6867.jpg,0,1,0,0,/b/bamboo_forest/00002142.jpg
10101,172.Nashville_Warbler/Nashville_Warbler_0100_167226.jpg,0,1,0,0,/b/bamboo_forest/00001682.jpg
10781,183.Northern_Waterthrush/Northern_Waterthrush_0020_177149.jpg,0,1,0,0,/b/bamboo_forest/00002404.jpg
7713,132.White_crowned_Sparrow/White_Crowned_Sparrow_0068_126156.jpg,0,1,0,0,/b/bamboo_forest/00004914.jpg
10458,178.Swainson_Warbler/Swainson_Warbler_0002_174683.jpg,0,1,0,0,/f/forest/broadleaf/00004894.jpg
678,013.Bobolink/Bobolink_0065_9375.jpg,0,1,0,0,/f/forest/broadleaf/00003027.jpg
7861,134.Cape_Glossy_Starling/Cape_Glossy_Starling_0012_129225.jpg,0,1,0,0,/f/forest/broadleaf/00000703.jpg
7298,125.Lincoln_Sparrow/Lincoln_Sparrow_0072_117951.jpg,0,1,0,0,/b/bamboo_forest/00004420.jpg
9496,162.Canada_Warbler/Canada_Warbler_0091_162378.jpg,0,1,0,0,/b/bamboo_forest/00000867.jpg
11367,193.Bewick_Wren/Bewick_Wren_0104_185256.jpg,0,1,0,0,/b/bamboo_forest/00003022.jpg
9119,156.White_eyed_Vireo/White_Eyed_Vireo_0122_159284.jpg,0,1,0,0,/f/forest/broadleaf/00004358.jpg
5718,098.Scott_Oriole/Scott_Oriole_0043_795828.jpg,0,1,0,0,/b/bamboo_forest/00004178.jpg
8685,148.Green_tailed_Towhee/Green_Tailed_Towhee_0070_154844.jpg,0,1,0,0,/b/bamboo_forest/00003733.jpg
7211,124.Le_Conte_Sparrow/Le_Conte_Sparrow_0020_117035.jpg,0,1,0,0,/f/forest/broadleaf/00004392.jpg
1978,035.Purple_Finch/Purple_Finch_0088_28076.jpg,0,1,0,0,/f/forest/broadleaf/00002425.jpg
6983,120.Fox_Sparrow/Fox_Sparrow_0092_114774.jpg,0,1,0,0,/f/forest/broadleaf/00000533.jpg
8125,139.Scarlet_Tanager/Scarlet_Tanager_0053_138940.jpg,0,1,0,0,/f/forest/broadleaf/00004552.jpg
7407,127.Savannah_Sparrow/Savannah_Sparrow_0008_118929.jpg,0,1,0,0,/f/forest/broadleaf/00004078.jpg
8781,150.Sage_Thrasher/Sage_Thrasher_0045_155448.jpg,0,1,0,0,/b/bamboo_forest/00001017.jpg
9287,158.Bay_breasted_Warbler/Bay_Breasted_Warbler_0020_159737.jpg,0,1,0,0,/b/bamboo_forest/00000516.jpg
870,016.Painted_Bunting/Painted_Bunting_0087_15232.jpg,0,1,0,0,/f/forest/broadleaf/00003404.jpg
9568,163.Cape_May_Warbler/Cape_May_Warbler_0013_163052.jpg,0,1,0,0,/f/forest/broadleaf/00004688.jpg
9226,157.Yellow_throated_Vireo/Yellow_Throated_Vireo_0026_159686.jpg,0,1,0,0,/f/forest/broadleaf/00000973.jpg
2659,047.American_Goldfinch/American_Goldfinch_0128_32333.jpg,0,1,0,0,/b/bamboo_forest/00000248.jpg
6418,110.Geococcyx/Geococcyx_0117_104227.jpg,0,1,0,0,/b/bamboo_forest/00004417.jpg
1115,020.Yellow_breasted_Chat/Yellow_Breasted_Chat_0013_22008.jpg,0,1,0,0,/b/bamboo_forest/00004655.jpg
9304,159.Black_and_white_Warbler/Black_And_White_Warbler_0078_160365.jpg,0,1,0,0,/b/bamboo_forest/00003608.jpg
11613,198.Rock_Wren/Rock_Wren_0024_188942.jpg,0,1,0,0,/f/forest/broadleaf/00002782.jpg
581,011.Rusty_Blackbird/Rusty_Blackbird_0036_6550.jpg,0,1,0,0,/b/bamboo_forest/00002498.jpg
537,010.Red_winged_Blackbird/Red_Winged_Blackbird_0025_5342.jpg,0,1,0,0,/b/bamboo_forest/00000813.jpg
1687,030.Fish_Crow/Fish_Crow_0049_26040.jpg,0,1,0,0,/b/bamboo_forest/00000185.jpg
6985,120.Fox_Sparrow/Fox_Sparrow_0053_114780.jpg,0,1,0,0,/f/forest/broadleaf/00000740.jpg
4786,082.Ringed_Kingfisher/Ringed_Kingfisher_0008_72943.jpg,0,1,0,0,/f/forest/broadleaf/00001817.jpg
10264,175.Pine_Warbler/Pine_Warbler_0091_171627.jpg,0,1,0,0,/b/bamboo_forest/00004024.jpg
8004,137.Cliff_Swallow/Cliff_Swallow_0028_132365.jpg,0,1,0,0,/f/forest/broadleaf/00004762.jpg
7485,128.Seaside_Sparrow/Seaside_Sparrow_0049_120735.jpg,0,1,0,0,/f/forest/broadleaf/00004338.jpg
1516,027.Shiny_Cowbird/Shiny_Cowbird_0036_24274.jpg,0,1,0,0,/f/forest/broadleaf/00000549.jpg
4946,085.Horned_Lark/Horned_Lark_0035_74555.jpg,0,1,1,1,/o/ocean/00004876.jpg
7152,123.Henslow_Sparrow/Henslow_Sparrow_0081_116755.jpg,0,1,1,1,/l/lake/natural/00001581.jpg
3278,057.Rose_breasted_Grosbeak/Rose_Breasted_Grosbeak_0050_39695.jpg,0,1,1,1,/o/ocean/00003208.jpg
9512,162.Canada_Warbler/Canada_Warbler_0016_162411.jpg,0,1,1,1,/l/lake/natural/00003520.jpg
8938,153.Philadelphia_Vireo/Philadelphia_Vireo_0074_156492.jpg,0,1,1,1,/l/lake/natural/00000628.jpg
7433,127.Savannah_Sparrow/Savannah_Sparrow_0080_118120.jpg,0,1,1,1,/o/ocean/00001210.jpg
2426,043.Yellow_bellied_Flycatcher/Yellow_Bellied_Flycatcher_0023_795478.jpg,0,1,1,1,/o/ocean/00001713.jpg
7658,131.Vesper_Sparrow/Vesper_Sparrow_0079_125579.jpg,0,1,1,1,/o/ocean/00001792.jpg
1026,019.Gray_Catbird/Gray_Catbird_0001_20695.jpg,0,1,1,1,/o/ocean/00003752.jpg
2289,040.Olive_sided_Flycatcher/Olive_Sided_Flycatcher_0016_30717.jpg,0,1,1,1,/o/ocean/00002057.jpg
8866,151.Black_capped_Vireo/Black_Capped_Vireo_0010_155832.jpg,0,1,1,1,/o/ocean/00000033.jpg
1093,020.Yellow_breasted_Chat/Yellow_Breasted_Chat_0062_21673.jpg,0,1,1,1,/l/lake/natural/00002632.jpg
539,010.Red_winged_Blackbird/Red_Winged_Blackbird_0105_4842.jpg,0,1,1,1,/l/lake/natural/00001642.jpg
2794,049.Boat_tailed_Grackle/Boat_Tailed_Grackle_0085_33384.jpg,0,1,1,1,/o/ocean/00000645.jpg
10939,186.Cedar_Waxwing/Cedar_Waxwing_0065_179017.jpg,0,1,1,1,/o/ocean/00001882.jpg
4803,083.White_breasted_Kingfisher/White_Breasted_Kingfisher_0084_73247.jpg,0,1,1,1,/o/ocean/00001894.jpg
5803,099.Ovenbird/Ovenbird_0135_93168.jpg,0,1,1,1,/o/ocean/00002640.jpg
10901,185.Bohemian_Waxwing/Bohemian_Waxwing_0114_177621.jpg,0,1,1,1,/o/ocean/00004037.jpg
727,014.Indigo_Bunting/Indigo_Bunting_0028_12335.jpg,0,1,1,1,/o/ocean/00000784.jpg
1957,035.Purple_Finch/Purple_Finch_0081_27913.jpg,0,1,1,1,/l/lake/natural/00003461.jpg
9630,164.Cerulean_Warbler/Cerulean_Warbler_0071_163201.jpg,0,1,1,1,/o/ocean/00002580.jpg
6481,111.Loggerhead_Shrike/Loggerhead_Shrike_0018_26407.jpg,0,1,1,1,/l/lake/natural/00003299.jpg
11781,200.Common_Yellowthroat/Common_Yellowthroat_0098_190430.jpg,0,1,1,1,/o/ocean/00002938.jpg
4756,082.Ringed_Kingfisher/Ringed_Kingfisher_0014_72798.jpg,0,1,1,1,/l/lake/natural/00003244.jpg
1973,035.Purple_Finch/Purple_Finch_0134_27526.jpg,0,1,1,1,/o/ocean/00003178.jpg
3920,068.Ruby_throated_Hummingbird/Ruby_Throated_Hummingbird_0096_57505.jpg,0,1,1,1,/l/lake/natural/00004047.jpg
559,011.Rusty_Blackbird/Rusty_Blackbird_0076_6716.jpg,0,1,1,1,/l/lake/natural/00002537.jpg
2149,038.Great_Crested_Flycatcher/Great_Crested_Flycatcher_0023_29481.jpg,0,1,1,1,/l/lake/natural/00001967.jpg
1405,026.Bronzed_Cowbird/Bronzed_Cowbird_0012_796247.jpg,0,1,1,1,/l/lake/natural/00002749.jpg
2337,041.Scissor_tailed_Flycatcher/Scissor_Tailed_Flycatcher_0020_41680.jpg,0,1,1,1,/o/ocean/00002674.jpg
3132,055.Evening_Grosbeak/Evening_Grosbeak_0057_37392.jpg,0,1,1,1,/l/lake/natural/00003151.jpg
5408,093.Clark_Nutcracker/Clark_Nutcracker_0075_85715.jpg,0,1,1,1,/l/lake/natural/00002153.jpg
500,010.Red_winged_Blackbird/Red_Winged_Blackbird_0060_4688.jpg,0,1,1,1,/l/lake/natural/00003586.jpg
7142,122.Harris_Sparrow/Harris_Sparrow_0046_116425.jpg,0,1,1,1,/o/ocean/00001073.jpg
1528,028.Brown_Creeper/Brown_Creeper_0106_24617.jpg,0,1,1,1,/l/lake/natural/00001560.jpg
2071,037.Acadian_Flycatcher/Acadian_Flycatcher_0054_29113.jpg,0,1,1,1,/l/lake/natural/00004201.jpg
6094,104.American_Pipit/American_Pipit_0073_99642.jpg,0,1,1,1,/o/ocean/00004136.jpg
1883,034.Gray_crowned_Rosy_Finch/Gray_Crowned_Rosy_Finch_0068_27196.jpg,0,1,1,1,/l/lake/natural/00003015.jpg
10125,172.Nashville_Warbler/Nashville_Warbler_0053_167403.jpg,0,1,1,1,/l/lake/natural/00000160.jpg
4700,081.Pied_Kingfisher/Pied_Kingfisher_0083_72430.jpg,0,1,1,1,/l/lake/natural/00000422.jpg
7082,121.Grasshopper_Sparrow/Grasshopper_Sparrow_0072_115663.jpg,0,1,1,1,/o/ocean/00000956.jpg
947,017.Cardinal/Cardinal_0057_17128.jpg,0,1,1,1,/l/lake/natural/00003535.jpg
9693,165.Chestnut_sided_Warbler/Chestnut_Sided_Warbler_0013_163749.jpg,0,1,1,1,/l/lake/natural/00003728.jpg
6455,111.Loggerhead_Shrike/Loggerhead_Shrike_0073_106097.jpg,0,1,1,1,/o/ocean/00003658.jpg
11366,193.Bewick_Wren/Bewick_Wren_0067_184816.jpg,0,1,1,1,/l/lake/natural/00000311.jpg
5517,095.Baltimore_Oriole/Baltimore_Oriole_0106_89680.jpg,0,1,1,1,/l/lake/natural/00003836.jpg
4953,085.Horned_Lark/Horned_Lark_0091_74087.jpg,0,1,1,1,/o/ocean/00001004.jpg
6591,113.Baird_Sparrow/Baird_Sparrow_0010_794575.jpg,0,1,1,1,/o/ocean/00001084.jpg
11375,194.Cactus_Wren/Cactus_Wren_0086_185630.jpg,0,1,1,1,/l/lake/natural/00003702.jpg
5609,096.Hooded_Oriole/Hooded_Oriole_0079_89978.jpg,0,1,1,1,/l/lake/natural/00001523.jpg
11177,190.Red_cockaded_Woodpecker/Red_Cockaded_Woodpecker_0033_794721.jpg,0,1,1,1,/l/lake/natural/00002525.jpg
10790,184.Louisiana_Waterthrush/Louisiana_Waterthrush_0068_177462.jpg,0,1,1,1,/l/lake/natural/00001475.jpg
10038,171.Myrtle_Warbler/Myrtle_Warbler_0112_166754.jpg,0,1,1,1,/l/lake/natural/00003602.jpg
9700,165.Chestnut_sided_Warbler/Chestnut_Sided_Warbler_0107_164040.jpg,0,1,1,1,/o/ocean/00002941.jpg
7767,133.White_throated_Sparrow/White_Throated_Sparrow_0134_129190.jpg,0,1,1,1,/o/ocean/00000087.jpg
5300,091.Mockingbird/Mockingbird_0109_79682.jpg,0,1,1,1,/o/ocean/00004582.jpg
9975,170.Mourning_Warbler/Mourning_Warbler_0079_166564.jpg,0,1,1,1,/o/ocean/00001816.jpg
10954,186.Cedar_Waxwing/Cedar_Waxwing_0054_178141.jpg,0,1,1,1,/o/ocean/00000509.jpg
1429,026.Bronzed_Cowbird/Bronzed_Cowbird_0011_24138.jpg,0,1,1,1,/o/ocean/00003184.jpg
2755,048.European_Goldfinch/European_Goldfinch_0008_33153.jpg,0,1,1,1,/l/lake/natural/00002745.jpg
5305,091.Mockingbird/Mockingbird_0057_79643.jpg,0,1,1,1,/o/ocean/00001556.jpg
1073,020.Yellow_breasted_Chat/Yellow_Breasted_Chat_0026_21845.jpg,0,1,1,1,/o/ocean/00002907.jpg
881,016.Painted_Bunting/Painted_Bunting_0086_16540.jpg,0,1,1,1,/o/ocean/00002082.jpg
9893,169.Magnolia_Warbler/Magnolia_Warbler_0040_165921.jpg,0,1,1,1,/l/lake/natural/00000513.jpg
10413,177.Prothonotary_Warbler/Prothonotary_Warbler_0008_173425.jpg,0,1,1,1,/l/lake/natural/00003046.jpg
3205,056.Pine_Grosbeak/Pine_Grosbeak_0036_38968.jpg,0,1,1,1,/l/lake/natural/00002164.jpg
1961,035.Purple_Finch/Purple_Finch_0006_27950.jpg,0,1,1,1,/o/ocean/00003405.jpg
6771,116.Chipping_Sparrow/Chipping_Sparrow_0030_109741.jpg,0,1,1,1,/l/lake/natural/00001085.jpg
9094,155.Warbling_Vireo/Warbling_Vireo_0076_158500.jpg,0,1,1,1,/o/ocean/00002061.jpg
9774,167.Hooded_Warbler/Hooded_Warbler_0012_164891.jpg,0,1,1,1,/l/lake/natural/00003855.jpg
6682,115.Brewer_Sparrow/Brewer_Sparrow_0008_796703.jpg,0,1,1,1,/l/lake/natural/00002096.jpg
11022,188.Pileated_Woodpecker/Pileated_Woodpecker_0028_180258.jpg,0,1,1,1,/o/ocean/00004018.jpg
6365,109.American_Redstart/American_Redstart_0109_103795.jpg,0,1,1,1,/o/ocean/00003036.jpg
7127,122.Harris_Sparrow/Harris_Sparrow_0057_116374.jpg,0,1,1,1,/o/ocean/00004225.jpg
8540,146.Forsters_Tern/Forsters_Tern_0088_151893.jpg,1,1,0,2,/f/forest/broadleaf/00000894.jpg
5171,089.Hooded_Merganser/Hooded_Merganser_0058_796770.jpg,1,1,0,2,/b/bamboo_forest/00000114.jpg
4100,071.Long_tailed_Jaeger/Long_Tailed_Jaeger_0022_797074.jpg,1,1,0,2,/b/bamboo_forest/00001453.jpg
5937,102.Western_Wood_Pewee/Western_Wood_Pewee_0011_98205.jpg,1,1,0,2,/f/forest/broadleaf/00002512.jpg
2620,046.Gadwall/Gadwall_0029_31637.jpg,1,1,0,2,/b/bamboo_forest/00002923.jpg
306,006.Least_Auklet/Least_Auklet_0034_795096.jpg,1,1,0,2,/b/bamboo_forest/00002359.jpg
74,002.Laysan_Albatross/Laysan_Albatross_0085_564.jpg,1,1,0,2,/b/bamboo_forest/00003543.jpg
3608,063.Ivory_Gull/Ivory_Gull_0104_49666.jpg,1,1,0,2,/b/bamboo_forest/00004321.jpg
3720,064.Ring_billed_Gull/Ring_Billed_Gull_0059_51554.jpg,1,1,0,2,/b/bamboo_forest/00000530.jpg
1279,023.Brandt_Cormorant/Brandt_Cormorant_0023_23254.jpg,1,1,0,2,/b/bamboo_forest/00001723.jpg
3363,058.Pigeon_Guillemot/Pigeon_Guillemot_0055_40171.jpg,1,1,0,2,/b/bamboo_forest/00000280.jpg
3610,063.Ivory_Gull/Ivory_Gull_0052_50013.jpg,1,1,0,2,/f/forest/broadleaf/00004709.jpg
4114,071.Long_tailed_Jaeger/Long_Tailed_Jaeger_0070_797090.jpg,1,1,0,2,/f/forest/broadleaf/00004170.jpg
2642,046.Gadwall/Gadwall_0049_30936.jpg,1,1,0,2,/b/bamboo_forest/00002916.jpg
8435,144.Common_Tern/Common_Tern_0064_148761.jpg,1,1,0,2,/f/forest/broadleaf/00003943.jpg
3440,060.Glaucous_winged_Gull/Glaucous_Winged_Gull_0034_44625.jpg,1,1,0,2,/b/bamboo_forest/00000865.jpg
2884,050.Eared_Grebe/Eared_Grebe_0029_34258.jpg,1,1,0,2,/f/forest/broadleaf/00001036.jpg
3560,062.Herring_Gull/Herring_Gull_0054_46164.jpg,1,1,0,2,/f/forest/broadleaf/00001466.jpg
5099,088.Western_Meadowlark/Western_Meadowlark_0098_78382.jpg,1,1,0,2,/f/forest/broadleaf/00004625.jpg
2833,050.Eared_Grebe/Eared_Grebe_0023_34309.jpg,1,1,0,2,/f/forest/broadleaf/00001677.jpg
355,007.Parakeet_Auklet/Parakeet_Auklet_0065_795969.jpg,1,1,0,2,/b/bamboo_forest/00000636.jpg
8415,144.Common_Tern/Common_Tern_0054_148028.jpg,1,1,0,2,/b/bamboo_forest/00002163.jpg
1166,021.Eastern_Towhee/Eastern_Towhee_0013_22336.jpg,1,1,0,2,/b/bamboo_forest/00003678.jpg
18,001.Black_footed_Albatross/Black_Footed_Albatross_0089_796069.jpg,1,1,0,2,/b/bamboo_forest/00000394.jpg
2524,044.Frigatebird/Frigatebird_0115_42973.jpg,1,1,0,2,/f/forest/broadleaf/00003654.jpg
4895,084.Red_legged_Kittiwake/Red_Legged_Kittiwake_0004_73811.jpg,1,1,0,2,/f/forest/broadleaf/00001158.jpg
305,006.Least_Auklet/Least_Auklet_0060_795095.jpg,1,1,0,2,/f/forest/broadleaf/00004988.jpg
8626,147.Least_Tern/Least_Tern_0020_153458.jpg,1,1,0,2,/b/bamboo_forest/00003309.jpg
3336,058.Pigeon_Guillemot/Pigeon_Guillemot_0041_39807.jpg,1,1,0,2,/b/bamboo_forest/00003171.jpg
321,006.Least_Auklet/Least_Auklet_0054_795130.jpg,1,1,0,2,/b/bamboo_forest/00001232.jpg
64,002.Laysan_Albatross/Laysan_Albatross_0044_784.jpg,1,1,0,2,/f/forest/broadleaf/00004917.jpg
5895,101.White_Pelican/White_Pelican_0032_96920.jpg,1,1,0,2,/b/bamboo_forest/00001715.jpg
86,002.Laysan_Albatross/Laysan_Albatross_0047_619.jpg,1,1,0,2,/f/forest/broadleaf/00004052.jpg
2558,045.Northern_Fulmar/Northern_Fulmar_0061_43653.jpg,1,1,0,2,/b/bamboo_forest/00000588.jpg
3405,059.California_Gull/California_Gull_0012_41272.jpg,1,1,0,2,/f/forest/broadleaf/00001007.jpg
8642,147.Least_Tern/Least_Tern_0112_153074.jpg,1,1,0,2,/f/forest/broadleaf/00002594.jpg
3629,063.Ivory_Gull/Ivory_Gull_0099_49218.jpg,1,1,0,2,/b/bamboo_forest/00004994.jpg
4164,072.Pomarine_Jaeger/Pomarine_Jaeger_0048_795771.jpg,1,1,0,2,/f/forest/broadleaf/00002773.jpg
3801,066.Western_Gull/Western_Gull_0097_54508.jpg,1,1,0,2,/f/forest/broadleaf/00002992.jpg
8527,146.Forsters_Tern/Forsters_Tern_0068_152078.jpg,1,1,0,2,/b/bamboo_forest/00000653.jpg
2857,050.Eared_Grebe/Eared_Grebe_0061_34407.jpg,1,1,0,2,/f/forest/broadleaf/00002443.jpg
1329,024.Red_faced_Cormorant/Red_Faced_Cormorant_0030_796325.jpg,1,1,0,2,/b/bamboo_forest/00002850.jpg
8598,147.Least_Tern/Least_Tern_0088_152941.jpg,1,1,0,2,/f/forest/broadleaf/00000464.jpg
153,003.Sooty_Albatross/Sooty_Albatross_0057_796354.jpg,1,1,0,2,/b/bamboo_forest/00000309.jpg
5014,086.Pacific_Loon/Pacific_Loon_0052_75451.jpg,1,1,0,2,/b/bamboo_forest/00000493.jpg
6178,106.Horned_Puffin/Horned_Puffin_0030_100725.jpg,1,1,0,2,/f/forest/broadleaf/00003273.jpg
35,001.Black_footed_Albatross/Black_Footed_Albatross_0019_796104.jpg,1,1,0,2,/b/bamboo_forest/00000948.jpg
3346,058.Pigeon_Guillemot/Pigeon_Guillemot_0092_39864.jpg,1,1,0,2,/f/forest/broadleaf/00004817.jpg
3818,066.Western_Gull/Western_Gull_0117_44697.jpg,1,1,0,2,/f/forest/broadleaf/00004766.jpg
8641,147.Least_Tern/Least_Tern_0050_153254.jpg,1,1,0,2,/f/forest/broadleaf/00001574.jpg
37,001.Black_footed_Albatross/Black_Footed_Albatross_0041_796108.jpg,1,1,0,2,/b/bamboo_forest/00000123.jpg
2535,045.Northern_Fulmar/Northern_Fulmar_0065_44081.jpg,1,1,0,2,/f/forest/broadleaf/00001418.jpg
124,003.Sooty_Albatross/Sooty_Albatross_0016_1075.jpg,1,1,0,2,/b/bamboo_forest/00004046.jpg
3606,062.Herring_Gull/Herring_Gull_0048_46061.jpg,1,1,0,2,/f/forest/broadleaf/00003020.jpg
1124,021.Eastern_Towhee/Eastern_Towhee_0097_22580.jpg,1,1,0,2,/f/forest/broadleaf/00000521.jpg
166,003.Sooty_Albatross/Sooty_Albatross_0014_796373.jpg,1,1,0,2,/b/bamboo_forest/00003487.jpg
414,008.Rhinoceros_Auklet/Rhinoceros_Auklet_0038_797544.jpg,1,1,0,2,/b/bamboo_forest/00001307.jpg
5964,102.Western_Wood_Pewee/Western_Wood_Pewee_0049_98263.jpg,1,1,0,2,/f/forest/broadleaf/00001362.jpg
2891,051.Horned_Grebe/Horned_Grebe_0103_34822.jpg,1,1,0,2,/f/forest/broadleaf/00000822.jpg
4877,084.Red_legged_Kittiwake/Red_Legged_Kittiwake_0006_795436.jpg,1,1,0,2,/f/forest/broadleaf/00002892.jpg
1398,025.Pelagic_Cormorant/Pelagic_Cormorant_0026_23792.jpg,1,1,0,2,/f/forest/broadleaf/00004302.jpg
3456,060.Glaucous_winged_Gull/Glaucous_Winged_Gull_0060_44215.jpg,1,1,0,2,/b/bamboo_forest/00003477.jpg
8329,142.Black_Tern/Black_Tern_0083_144083.jpg,1,1,0,2,/b/bamboo_forest/00004947.jpg
3710,064.Ring_billed_Gull/Ring_Billed_Gull_0127_51485.jpg,1,1,0,2,/b/bamboo_forest/00000383.jpg
2978,052.Pied_billed_Grebe/Pied_Billed_Grebe_0068_35963.jpg,1,1,0,2,/b/bamboo_forest/00002542.jpg
258,005.Crested_Auklet/Crested_Auklet_0039_794944.jpg,1,1,0,2,/f/forest/broadleaf/00000218.jpg
397,008.Rhinoceros_Auklet/Rhinoceros_Auklet_0031_797518.jpg,1,1,0,2,/f/forest/broadleaf/00000594.jpg
67,002.Laysan_Albatross/Laysan_Albatross_0071_792.jpg,1,1,0,2,/b/bamboo_forest/00003358.jpg
5135,088.Western_Meadowlark/Western_Meadowlark_0053_77774.jpg,1,1,0,2,/b/bamboo_forest/00002396.jpg
2864,050.Eared_Grebe/Eared_Grebe_0073_34172.jpg,1,1,0,2,/b/bamboo_forest/00002114.jpg
2506,044.Frigatebird/Frigatebird_0095_42785.jpg,1,1,0,2,/b/bamboo_forest/00003576.jpg
3333,058.Pigeon_Guillemot/Pigeon_Guillemot_0014_40040.jpg,1,1,0,2,/b/bamboo_forest/00002883.jpg
5835,100.Brown_Pelican/Brown_Pelican_0125_93461.jpg,1,1,0,2,/b/bamboo_forest/00004479.jpg
8574,146.Forsters_Tern/Forsters_Tern_0100_151774.jpg,1,1,0,2,/b/bamboo_forest/00001505.jpg
1277,023.Brandt_Cormorant/Brandt_Cormorant_0032_22886.jpg,1,1,1,3,/o/ocean/00000807.jpg
8549,146.Forsters_Tern/Forsters_Tern_0001_152174.jpg,1,1,1,3,/l/lake/natural/00002420.jpg
8431,144.Common_Tern/Common_Tern_0062_147947.jpg,1,1,1,3,/o/ocean/00002220.jpg
3672,064.Ring_billed_Gull/Ring_Billed_Gull_0114_50214.jpg,1,1,1,3,/l/lake/natural/00004121.jpg
291,006.Least_Auklet/Least_Auklet_0043_795067.jpg,1,1,1,3,/l/lake/natural/00004774.jpg
2576,045.Northern_Fulmar/Northern_Fulmar_0100_43732.jpg,1,1,1,3,/l/lake/natural/00000144.jpg
1320,024.Red_faced_Cormorant/Red_Faced_Cormorant_0009_796314.jpg,1,1,1,3,/l/lake/natural/00004544.jpg
8355,143.Caspian_Tern/Caspian_Tern_0109_145948.jpg,1,1,1,3,/l/lake/natural/00004213.jpg
5860,100.Brown_Pelican/Brown_Pelican_0025_95218.jpg,1,1,1,3,/o/ocean/00000667.jpg
8411,144.Common_Tern/Common_Tern_0043_147753.jpg,1,1,1,3,/o/ocean/00000018.jpg
5840,100.Brown_Pelican/Brown_Pelican_0139_93995.jpg,1,1,1,3,/l/lake/natural/00000371.jpg
8484,145.Elegant_Tern/Elegant_Tern_0047_150626.jpg,1,1,1,3,/o/ocean/00002611.jpg
158,003.Sooty_Albatross/Sooty_Albatross_0058_796360.jpg,1,1,1,3,/o/ocean/00003185.jpg
3464,060.Glaucous_winged_Gull/Glaucous_Winged_Gull_0127_44258.jpg,1,1,1,3,/l/lake/natural/00000234.jpg
3725,064.Ring_billed_Gull/Ring_Billed_Gull_0055_51156.jpg,1,1,1,3,/l/lake/natural/00003324.jpg
127,003.Sooty_Albatross/Sooty_Albatross_0077_1080.jpg,1,1,1,3,/o/ocean/00003037.jpg
2999,052.Pied_billed_Grebe/Pied_Billed_Grebe_0063_35529.jpg,1,1,1,3,/l/lake/natural/00000054.jpg
3612,063.Ivory_Gull/Ivory_Gull_0037_49068.jpg,1,1,1,3,/l/lake/natural/00003538.jpg
32,001.Black_footed_Albatross/Black_Footed_Albatross_0017_796098.jpg,1,1,1,3,/l/lake/natural/00004135.jpg
8350,143.Caspian_Tern/Caspian_Tern_0051_145930.jpg,1,1,1,3,/l/lake/natural/00003710.jpg
2932,051.Horned_Grebe/Horned_Grebe_0066_34738.jpg,1,1,1,3,/o/ocean/00002957.jpg
5162,089.Hooded_Merganser/Hooded_Merganser_0011_796750.jpg,1,1,1,3,/o/ocean/00002855.jpg
8614,147.Least_Tern/Least_Tern_0012_153871.jpg,1,1,1,3,/o/ocean/00003818.jpg
3807,066.Western_Gull/Western_Gull_0062_53538.jpg,1,1,1,3,/o/ocean/00001831.jpg
5109,088.Western_Meadowlark/Western_Meadowlark_0001_78676.jpg,1,1,1,3,/l/lake/natural/00000365.jpg
2969,052.Pied_billed_Grebe/Pied_Billed_Grebe_0044_35425.jpg,1,1,1,3,/l/lake/natural/00000943.jpg
2484,044.Frigatebird/Frigatebird_0008_43058.jpg,1,1,1,3,/l/lake/natural/00004160.jpg
5116,088.Western_Meadowlark/Western_Meadowlark_0040_77823.jpg,1,1,1,3,/o/ocean/00002761.jpg
5904,101.White_Pelican/White_Pelican_0015_96952.jpg,1,1,1,3,/o/ocean/00000484.jpg
5882,101.White_Pelican/White_Pelican_0026_95832.jpg,1,1,1,3,/l/lake/natural/00000827.jpg
409,008.Rhinoceros_Auklet/Rhinoceros_Auklet_0013_797537.jpg,1,1,1,3,/l/lake/natural/00004263.jpg
6177,106.Horned_Puffin/Horned_Puffin_0052_100977.jpg,1,1,1,3,/l/lake/natural/00001411.jpg
4146,072.Pomarine_Jaeger/Pomarine_Jaeger_0009_795740.jpg,1,1,1,3,/l/lake/natural/00001444.jpg
8376,143.Caspian_Tern/Caspian_Tern_0013_145553.jpg,1,1,1,3,/l/lake/natural/00002242.jpg
8587,147.Least_Tern/Least_Tern_0067_154145.jpg,1,1,1,3,/o/ocean/00000361.jpg
3341,058.Pigeon_Guillemot/Pigeon_Guillemot_0020_40088.jpg,1,1,1,3,/l/lake/natural/00001027.jpg
3660,063.Ivory_Gull/Ivory_Gull_0096_49487.jpg,1,1,1,3,/l/lake/natural/00000257.jpg
4970,086.Pacific_Loon/Pacific_Loon_0031_75531.jpg,1,1,1,3,/o/ocean/00003810.jpg
290,006.Least_Auklet/Least_Auklet_0026_795066.jpg,1,1,1,3,/o/ocean/00003162.jpg
3620,063.Ivory_Gull/Ivory_Gull_0107_49186.jpg,1,1,1,3,/l/lake/natural/00003935.jpg
2591,046.Gadwall/Gadwall_0001_31235.jpg,1,1,1,3,/l/lake/natural/00002699.jpg
1302,024.Red_faced_Cormorant/Red_Faced_Cormorant_0049_796279.jpg,1,1,1,3,/l/lake/natural/00000813.jpg
2844,050.Eared_Grebe/Eared_Grebe_0056_34098.jpg,1,1,1,3,/o/ocean/00002671.jpg
5172,089.Hooded_Merganser/Hooded_Merganser_0036_796771.jpg,1,1,1,3,/l/lake/natural/00000033.jpg
5011,086.Pacific_Loon/Pacific_Loon_0015_75443.jpg,1,1,1,3,/l/lake/natural/00001765.jpg
3349,058.Pigeon_Guillemot/Pigeon_Guillemot_0026_40126.jpg,1,1,1,3,/o/ocean/00000470.jpg
5148,089.Hooded_Merganser/Hooded_Merganser_0049_79136.jpg,1,1,1,3,/o/ocean/00003833.jpg
1327,024.Red_faced_Cormorant/Red_Faced_Cormorant_0017_796323.jpg,1,1,1,3,/l/lake/natural/00003912.jpg
358,007.Parakeet_Auklet/Parakeet_Auklet_0001_795972.jpg,1,1,1,3,/l/lake/natural/00000504.jpg
1260,023.Brandt_Cormorant/Brandt_Cormorant_0022_23157.jpg,1,1,1,3,/o/ocean/00004617.jpg
5236,090.Red_breasted_Merganser/Red_Breasted_Merganser_0023_79477.jpg,1,1,1,3,/l/lake/natural/00001399.jpg
404,008.Rhinoceros_Auklet/Rhinoceros_Auklet_0008_797531.jpg,1,1,1,3,/o/ocean/00000306.jpg
8392,143.Caspian_Tern/Caspian_Tern_0114_145612.jpg,1,1,1,3,/l/lake/natural/00001041.jpg
1157,021.Eastern_Towhee/Eastern_Towhee_0090_22273.jpg,1,1,1,3,/o/ocean/00002473.jpg
423,008.Rhinoceros_Auklet/Rhinoceros_Auklet_0005_2111.jpg,1,1,1,3,/o/ocean/00004265.jpg
326,007.Parakeet_Auklet/Parakeet_Auklet_0027_795925.jpg,1,1,1,3,/l/lake/natural/00004877.jpg
2638,046.Gadwall/Gadwall_0077_30929.jpg,1,1,1,3,/o/ocean/00003734.jpg
4869,084.Red_legged_Kittiwake/Red_Legged_Kittiwake_0064_795422.jpg,1,1,1,3,/o/ocean/00004787.jpg
8441,144.Common_Tern/Common_Tern_0095_149960.jpg,1,1,1,3,/o/ocean/00001933.jpg
49,001.Black_footed_Albatross/Black_Footed_Albatross_0036_796127.jpg,1,1,1,3,/o/ocean/00002240.jpg
8494,145.Elegant_Tern/Elegant_Tern_0008_145044.jpg,1,1,1,3,/o/ocean/00004312.jpg
176,003.Sooty_Albatross/Sooty_Albatross_0022_796398.jpg,1,1,1,3,/l/lake/natural/00002946.jpg
104,002.Laysan_Albatross/Laysan_Albatross_0006_702.jpg,1,1,1,3,/l/lake/natural/00004652.jpg
1361,025.Pelagic_Cormorant/Pelagic_Cormorant_0037_23889.jpg,1,1,1,3,/l/lake/natural/00002696.jpg
5152,089.Hooded_Merganser/Hooded_Merganser_0073_796726.jpg,1,1,1,3,/o/ocean/00003675.jpg
3054,053.Western_Grebe/Western_Grebe_0025_36251.jpg,1,1,1,3,/l/lake/natural/00001389.jpg
4184,072.Pomarine_Jaeger/Pomarine_Jaeger_0075_61349.jpg,1,1,1,3,/l/lake/natural/00002633.jpg
1380,025.Pelagic_Cormorant/Pelagic_Cormorant_0093_23722.jpg,1,1,1,3,/l/lake/natural/00001571.jpg
2533,045.Northern_Fulmar/Northern_Fulmar_0023_43809.jpg,1,1,1,3,/l/lake/natural/00001875.jpg
6154,106.Horned_Puffin/Horned_Puffin_0040_100891.jpg,1,1,1,3,/l/lake/natural/00000158.jpg
8402,143.Caspian_Tern/Caspian_Tern_0072_147667.jpg,1,1,1,3,/l/lake/natural/00002360.jpg
5242,090.Red_breasted_Merganser/Red_Breasted_Merganser_0074_79497.jpg,1,1,1,3,/l/lake/natural/00004081.jpg
3427,059.California_Gull/California_Gull_0021_41471.jpg,1,1,1,3,/l/lake/natural/00003108.jpg
1167,021.Eastern_Towhee/Eastern_Towhee_0040_22341.jpg,1,1,1,3,/o/ocean/00001776.jpg
10889,185.Bohemian_Waxwing/Bohemian_Waxwing_0060_796642.jpg,0,2,0,0,/f/forest/broadleaf/00001507.jpg
3179,055.Evening_Grosbeak/Evening_Grosbeak_0118_37299.jpg,0,2,0,0,/f/forest/broadleaf/00002579.jpg
2188,039.Least_Flycatcher/Least_Flycatcher_0046_30316.jpg,0,2,0,0,/f/forest/broadleaf/00000733.jpg
179,004.Groove_billed_Ani/Groove_Billed_Ani_0068_1538.jpg,0,2,0,0,/b/bamboo_forest/00004606.jpg
9135,156.White_eyed_Vireo/White_Eyed_Vireo_0115_158932.jpg,0,2,0,0,/b/bamboo_forest/00003449.jpg
9848,168.Kentucky_Warbler/Kentucky_Warbler_0043_165240.jpg,0,2,0,0,/b/bamboo_forest/00004049.jpg
7058,121.Grasshopper_Sparrow/Grasshopper_Sparrow_0069_116332.jpg,0,2,0,0,/f/forest/broadleaf/00004252.jpg
2322,041.Scissor_tailed_Flycatcher/Scissor_Tailed_Flycatcher_0019_41936.jpg,0,2,0,0,/f/forest/broadleaf/00002237.jpg
11740,200.Common_Yellowthroat/Common_Yellowthroat_0099_190531.jpg,0,2,0,0,/b/bamboo_forest/00003846.jpg
1618,029.American_Crow/American_Crow_0004_25819.jpg,0,2,0,0,/b/bamboo_forest/00002308.jpg
9353,160.Black_throated_Blue_Warbler/Black_Throated_Blue_Warbler_0136_161400.jpg,0,2,0,0,/f/forest/broadleaf/00003416.jpg
9720,166.Golden_winged_Warbler/Golden_Winged_Warbler_0070_164460.jpg,0,2,0,0,/b/bamboo_forest/00004518.jpg
11222,191.Red_headed_Woodpecker/Red_Headed_Woodpecker_0089_183435.jpg,0,2,0,0,/b/bamboo_forest/00001765.jpg
6888,118.House_Sparrow/House_Sparrow_0127_111935.jpg,0,2,0,0,/b/bamboo_forest/00000875.jpg
2438,043.Yellow_bellied_Flycatcher/Yellow_Bellied_Flycatcher_0053_795493.jpg,0,2,0,0,/b/bamboo_forest/00003077.jpg
9467,161.Blue_winged_Warbler/Blue_Winged_Warbler_0007_161785.jpg,0,2,0,0,/f/forest/broadleaf/00001820.jpg
2371,042.Vermilion_Flycatcher/Vermilion_Flycatcher_0057_42562.jpg,0,2,0,0,/f/forest/broadleaf/00003700.jpg
2257,040.Olive_sided_Flycatcher/Olive_Sided_Flycatcher_0006_30824.jpg,0,2,0,0,/b/bamboo_forest/00004725.jpg
6982,120.Fox_Sparrow/Fox_Sparrow_0026_115281.jpg,0,2,0,0,/f/forest/broadleaf/00003597.jpg
1212,022.Chuck_will_Widow/Chuck_Will_Widow_0052_796984.jpg,0,2,0,0,/b/bamboo_forest/00000690.jpg
8883,152.Blue_headed_Vireo/Blue_Headed_Vireo_0118_156193.jpg,0,2,0,0,/b/bamboo_forest/00001213.jpg
3863,067.Anna_Hummingbird/Anna_Hummingbird_0019_57025.jpg,0,2,0,0,/f/forest/broadleaf/00004546.jpg
11136,190.Red_cockaded_Woodpecker/Red_Cockaded_Woodpecker_0041_182408.jpg,0,2,0,0,/b/bamboo_forest/00001816.jpg
8872,151.Black_capped_Vireo/Black_Capped_Vireo_0026_155745.jpg,0,2,0,0,/b/bamboo_forest/00003687.jpg
4652,080.Green_Kingfisher/Green_Kingfisher_0034_71075.jpg,0,2,0,0,/b/bamboo_forest/00004483.jpg
10732,183.Northern_Waterthrush/Northern_Waterthrush_0060_177213.jpg,0,2,0,0,/b/bamboo_forest/00001643.jpg
4430,076.Dark_eyed_Junco/Dark_Eyed_Junco_0105_66479.jpg,0,2,0,0,/f/forest/broadleaf/00001468.jpg
7906,135.Bank_Swallow/Bank_Swallow_0032_129491.jpg,0,2,0,0,/f/forest/broadleaf/00004363.jpg
5437,093.Clark_Nutcracker/Clark_Nutcracker_0121_85435.jpg,0,2,0,0,/f/forest/broadleaf/00003295.jpg
9413,161.Blue_winged_Warbler/Blue_Winged_Warbler_0041_161802.jpg,0,2,0,0,/b/bamboo_forest/00002576.jpg
4640,080.Green_Kingfisher/Green_Kingfisher_0092_71106.jpg,0,2,0,0,/b/bamboo_forest/00004220.jpg
9172,156.White_eyed_Vireo/White_Eyed_Vireo_0059_159225.jpg,0,2,0,0,/f/forest/broadleaf/00002890.jpg
4298,074.Florida_Jay/Florida_Jay_0013_64706.jpg,0,2,0,0,/f/forest/broadleaf/00004965.jpg
695,013.Bobolink/Bobolink_0112_11073.jpg,0,2,0,0,/f/forest/broadleaf/00001782.jpg
1887,034.Gray_crowned_Rosy_Finch/Gray_Crowned_Rosy_Finch_0018_26978.jpg,0,2,0,0,/b/bamboo_forest/00003944.jpg
11079,189.Red_bellied_Woodpecker/Red_Bellied_Woodpecker_0025_180756.jpg,0,2,0,0,/b/bamboo_forest/00001302.jpg
9920,169.Magnolia_Warbler/Magnolia_Warbler_0105_165661.jpg,0,2,0,0,/f/forest/broadleaf/00001833.jpg
11463,195.Carolina_Wren/Carolina_Wren_0119_186153.jpg,0,2,0,0,/b/bamboo_forest/00004833.jpg
2180,039.Least_Flycatcher/Least_Flycatcher_0006_30262.jpg,0,2,0,0,/f/forest/broadleaf/00001319.jpg
8978,153.Philadelphia_Vireo/Philadelphia_Vireo_0059_794799.jpg,0,2,0,0,/f/forest/broadleaf/00003617.jpg
5344,092.Nighthawk/Nighthawk_0087_82280.jpg,0,2,0,0,/f/forest/broadleaf/00000213.jpg
11357,193.Bewick_Wren/Bewick_Wren_0055_185230.jpg,0,2,0,0,/b/bamboo_forest/00004922.jpg
11124,189.Red_bellied_Woodpecker/Red_Bellied_Woodpecker_0068_180949.jpg,0,2,0,0,/f/forest/broadleaf/00003644.jpg
8213,140.Summer_Tanager/Summer_Tanager_0064_140725.jpg,0,2,0,0,/f/forest/broadleaf/00001194.jpg
9986,170.Mourning_Warbler/Mourning_Warbler_0053_795345.jpg,0,2,0,0,/b/bamboo_forest/00004705.jpg
8119,139.Scarlet_Tanager/Scarlet_Tanager_0014_138298.jpg,0,2,0,0,/b/bamboo_forest/00002327.jpg
7394,127.Savannah_Sparrow/Savannah_Sparrow_0058_118323.jpg,0,2,0,0,/f/forest/broadleaf/00001560.jpg
2160,038.Great_Crested_Flycatcher/Great_Crested_Flycatcher_0051_29530.jpg,0,2,0,0,/b/bamboo_forest/00002602.jpg
9077,155.Warbling_Vireo/Warbling_Vireo_0090_158403.jpg,0,2,0,0,/f/forest/broadleaf/00002875.jpg
4460,077.Tropical_Kingbird/Tropical_Kingbird_0047_69719.jpg,0,2,0,0,/b/bamboo_forest/00001509.jpg
8857,151.Black_capped_Vireo/Black_Capped_Vireo_0023_797486.jpg,0,2,0,0,/b/bamboo_forest/00001761.jpg
9148,156.White_eyed_Vireo/White_Eyed_Vireo_0041_159032.jpg,0,2,0,0,/b/bamboo_forest/00002423.jpg
9673,165.Chestnut_sided_Warbler/Chestnut_Sided_Warbler_0034_163911.jpg,0,2,0,0,/f/forest/broadleaf/00001715.jpg
11247,191.Red_headed_Woodpecker/Red_Headed_Woodpecker_0027_183029.jpg,0,2,0,0,/f/forest/broadleaf/00004980.jpg
9934,169.Magnolia_Warbler/Magnolia_Warbler_0079_165783.jpg,0,2,0,0,/b/bamboo_forest/00001173.jpg
9566,163.Cape_May_Warbler/Cape_May_Warbler_0060_162949.jpg,0,2,0,0,/f/forest/broadleaf/00000359.jpg
4033,070.Green_Violetear/Green_Violetear_0002_795699.jpg,0,2,0,0,/f/forest/broadleaf/00001546.jpg
3153,055.Evening_Grosbeak/Evening_Grosbeak_0061_38026.jpg,0,2,0,0,/f/forest/broadleaf/00001695.jpg
4431,076.Dark_eyed_Junco/Dark_Eyed_Junco_0111_66488.jpg,0,2,0,0,/b/bamboo_forest/00004259.jpg
5298,091.Mockingbird/Mockingbird_0042_81728.jpg,0,2,0,0,/b/bamboo_forest/00004223.jpg
8965,153.Philadelphia_Vireo/Philadelphia_Vireo_0062_794777.jpg,0,2,0,0,/b/bamboo_forest/00000046.jpg
9252,158.Bay_breasted_Warbler/Bay_Breasted_Warbler_0085_797107.jpg,0,2,0,0,/f/forest/broadleaf/00004617.jpg
4344,075.Green_Jay/Green_Jay_0027_65783.jpg,0,2,0,0,/f/forest/broadleaf/00001678.jpg
2163,038.Great_Crested_Flycatcher/Great_Crested_Flycatcher_0064_29546.jpg,0,2,0,0,/f/forest/broadleaf/00000612.jpg
11160,190.Red_cockaded_Woodpecker/Red_Cockaded_Woodpecker_0053_794707.jpg,0,2,0,0,/f/forest/broadleaf/00002185.jpg
5547,095.Baltimore_Oriole/Baltimore_Oriole_0041_87367.jpg,0,2,0,0,/b/bamboo_forest/00003853.jpg
10329,176.Prairie_Warbler/Prairie_Warbler_0071_173140.jpg,0,2,0,0,/b/bamboo_forest/00000863.jpg
2390,042.Vermilion_Flycatcher/Vermilion_Flycatcher_0039_42423.jpg,0,2,0,0,/f/forest/broadleaf/00003381.jpg
5748,099.Ovenbird/Ovenbird_0047_93203.jpg,0,2,0,0,/b/bamboo_forest/00001958.jpg
3219,056.Pine_Grosbeak/Pine_Grosbeak_0016_38743.jpg,0,2,0,0,/b/bamboo_forest/00002796.jpg
8686,148.Green_tailed_Towhee/Green_Tailed_Towhee_0037_797405.jpg,0,2,0,0,/f/forest/broadleaf/00002659.jpg
10091,172.Nashville_Warbler/Nashville_Warbler_0056_167123.jpg,0,2,0,0,/b/bamboo_forest/00002475.jpg
2223,039.Least_Flycatcher/Least_Flycatcher_0050_30189.jpg,0,2,0,0,/f/forest/broadleaf/00001151.jpg
5650,097.Orchard_Oriole/Orchard_Oriole_0101_91233.jpg,0,2,0,0,/b/bamboo_forest/00000668.jpg
4375,076.Dark_eyed_Junco/Dark_Eyed_Junco_0015_66576.jpg,0,2,0,0,/f/forest/broadleaf/00002224.jpg
7030,121.Grasshopper_Sparrow/Grasshopper_Sparrow_0067_115979.jpg,0,2,0,0,/b/bamboo_forest/00000041.jpg
901,017.Cardinal/Cardinal_0035_17678.jpg,0,2,0,0,/b/bamboo_forest/00002466.jpg
1986,035.Purple_Finch/Purple_Finch_0106_27607.jpg,0,2,0,0,/b/bamboo_forest/00000692.jpg
9971,170.Mourning_Warbler/Mourning_Warbler_0039_166546.jpg,0,2,0,0,/f/forest/broadleaf/00004698.jpg
4823,083.White_breasted_Kingfisher/White_Breasted_Kingfisher_0030_73335.jpg,0,2,0,0,/b/bamboo_forest/00000625.jpg
6086,104.American_Pipit/American_Pipit_0043_100027.jpg,0,2,0,0,/b/bamboo_forest/00000135.jpg
6472,111.Loggerhead_Shrike/Loggerhead_Shrike_0025_104828.jpg,0,2,0,0,/f/forest/broadleaf/00003061.jpg
1627,029.American_Crow/American_Crow_0031_25433.jpg,0,2,0,0,/b/bamboo_forest/00003412.jpg
11563,197.Marsh_Wren/Marsh_Wren_0099_188579.jpg,0,2,0,0,/f/forest/broadleaf/00003288.jpg
4610,079.Belted_Kingfisher/Belted_Kingfisher_0027_70397.jpg,0,2,0,0,/b/bamboo_forest/00003203.jpg
6524,112.Great_Grey_Shrike/Great_Grey_Shrike_0080_106850.jpg,0,2,0,0,/b/bamboo_forest/00003356.jpg
5717,098.Scott_Oriole/Scott_Oriole_0014_795827.jpg,0,2,0,0,/f/forest/broadleaf/00000262.jpg
3301,057.Rose_breasted_Grosbeak/Rose_Breasted_Grosbeak_0122_39284.jpg,0,2,0,0,/b/bamboo_forest/00000508.jpg
7056,121.Grasshopper_Sparrow/Grasshopper_Sparrow_0099_116069.jpg,0,2,0,0,/b/bamboo_forest/00000501.jpg
8148,139.Scarlet_Tanager/Scarlet_Tanager_0065_138683.jpg,0,2,0,0,/f/forest/broadleaf/00004042.jpg
4577,079.Belted_Kingfisher/Belted_Kingfisher_0079_70524.jpg,0,2,0,0,/f/forest/broadleaf/00004277.jpg
9011,154.Red_eyed_Vireo/Red_Eyed_Vireo_0023_156800.jpg,0,2,0,0,/b/bamboo_forest/00001724.jpg
8058,138.Tree_Swallow/Tree_Swallow_0044_135984.jpg,0,2,0,0,/f/forest/broadleaf/00003930.jpg
10517,179.Tennessee_Warbler/Tennessee_Warbler_0038_174760.jpg,0,2,0,0,/f/forest/broadleaf/00001916.jpg
7434,127.Savannah_Sparrow/Savannah_Sparrow_0095_119670.jpg,0,2,0,0,/b/bamboo_forest/00003465.jpg
4644,080.Green_Kingfisher/Green_Kingfisher_0015_71042.jpg,0,2,0,0,/b/bamboo_forest/00002759.jpg
6942,119.Field_Sparrow/Field_Sparrow_0042_113815.jpg,0,2,0,0,/b/bamboo_forest/00000200.jpg
1796,032.Mangrove_Cuckoo/Mangrove_Cuckoo_0001_794601.jpg,0,2,0,0,/f/forest/broadleaf/00002294.jpg
1876,034.Gray_crowned_Rosy_Finch/Gray_Crowned_Rosy_Finch_0027_27153.jpg,0,2,0,0,/b/bamboo_forest/00000699.jpg
9428,161.Blue_winged_Warbler/Blue_Winged_Warbler_0067_161860.jpg,0,2,0,0,/f/forest/broadleaf/00004565.jpg
10042,171.Myrtle_Warbler/Myrtle_Warbler_0087_166783.jpg,0,2,0,0,/f/forest/broadleaf/00002037.jpg
3837,067.Anna_Hummingbird/Anna_Hummingbird_0106_56335.jpg,0,2,0,0,/f/forest/broadleaf/00003374.jpg
11169,190.Red_cockaded_Woodpecker/Red_Cockaded_Woodpecker_0038_794719.jpg,0,2,0,0,/b/bamboo_forest/00002363.jpg
11175,190.Red_cockaded_Woodpecker/Red_Cockaded_Woodpecker_0057_794725.jpg,0,2,0,0,/f/forest/broadleaf/00000173.jpg
1215,022.Chuck_will_Widow/Chuck_Will_Widow_0014_796987.jpg,0,2,0,0,/b/bamboo_forest/00000263.jpg
6738,116.Chipping_Sparrow/Chipping_Sparrow_0017_107552.jpg,0,2,0,0,/f/forest/broadleaf/00000789.jpg
2312,041.Scissor_tailed_Flycatcher/Scissor_Tailed_Flycatcher_0072_42085.jpg,0,2,0,0,/f/forest/broadleaf/00003542.jpg
10218,174.Palm_Warbler/Palm_Warbler_0100_168725.jpg,0,2,0,0,/b/bamboo_forest/00000058.jpg
1423,026.Bronzed_Cowbird/Bronzed_Cowbird_0073_796226.jpg,0,2,0,0,/f/forest/broadleaf/00000204.jpg
5328,092.Nighthawk/Nighthawk_0016_84490.jpg,0,2,0,0,/b/bamboo_forest/00004447.jpg
3991,069.Rufous_Hummingbird/Rufous_Hummingbird_0100_59541.jpg,0,2,0,0,/f/forest/broadleaf/00001065.jpg
7306,125.Lincoln_Sparrow/Lincoln_Sparrow_0055_117506.jpg,0,2,0,0,/b/bamboo_forest/00003956.jpg
6222,107.Common_Raven/Common_Raven_0075_102530.jpg,0,2,0,0,/f/forest/broadleaf/00004577.jpg
6640,114.Black_throated_Sparrow/Black_Throated_Sparrow_0053_107282.jpg,0,2,0,0,/f/forest/broadleaf/00002115.jpg
911,017.Cardinal/Cardinal_0040_17477.jpg,0,2,0,0,/b/bamboo_forest/00000774.jpg
7743,132.White_crowned_Sparrow/White_Crowned_Sparrow_0037_126969.jpg,0,2,0,0,/f/forest/broadleaf/00001965.jpg
4059,070.Green_Violetear/Green_Violetear_0114_60809.jpg,0,2,0,0,/f/forest/broadleaf/00001452.jpg
5746,099.Ovenbird/Ovenbird_0108_92675.jpg,0,2,0,0,/f/forest/broadleaf/00000291.jpg
522,010.Red_winged_Blackbird/Red_Winged_Blackbird_0045_4526.jpg,0,2,0,0,/b/bamboo_forest/00004961.jpg
8993,154.Red_eyed_Vireo/Red_Eyed_Vireo_0052_157185.jpg,0,2,0,0,/b/bamboo_forest/00004279.jpg
7507,129.Song_Sparrow/Song_Sparrow_0060_122371.jpg,0,2,0,0,/b/bamboo_forest/00002559.jpg
4766,082.Ringed_Kingfisher/Ringed_Kingfisher_0073_73118.jpg,0,2,0,0,/f/forest/broadleaf/00002410.jpg
9800,167.Hooded_Warbler/Hooded_Warbler_0116_164630.jpg,0,2,0,0,/f/forest/broadleaf/00002751.jpg
4927,085.Horned_Lark/Horned_Lark_0048_73894.jpg,0,2,0,0,/f/forest/broadleaf/00004782.jpg
5332,092.Nighthawk/Nighthawk_0084_84510.jpg,0,2,0,0,/b/bamboo_forest/00004630.jpg
3261,057.Rose_breasted_Grosbeak/Rose_Breasted_Grosbeak_0103_39580.jpg,0,2,0,0,/b/bamboo_forest/00004986.jpg
7062,121.Grasshopper_Sparrow/Grasshopper_Sparrow_0012_115849.jpg,0,2,0,0,/b/bamboo_forest/00002282.jpg
7994,137.Cliff_Swallow/Cliff_Swallow_0100_133665.jpg,0,2,0,0,/f/forest/broadleaf/00003437.jpg
9071,155.Warbling_Vireo/Warbling_Vireo_0081_158344.jpg,0,2,0,0,/f/forest/broadleaf/00004608.jpg
10136,173.Orange_crowned_Warbler/Orange_Crowned_Warbler_0113_167984.jpg,0,2,0,0,/b/bamboo_forest/00004490.jpg
1054,019.Gray_Catbird/Gray_Catbird_0071_20974.jpg,0,2,0,0,/f/forest/broadleaf/00002645.jpg
1846,033.Yellow_billed_Cuckoo/Yellow_Billed_Cuckoo_0043_26492.jpg,0,2,0,0,/b/bamboo_forest/00004759.jpg
9451,161.Blue_winged_Warbler/Blue_Winged_Warbler_0052_161739.jpg,0,2,0,0,/f/forest/broadleaf/00000757.jpg
1206,022.Chuck_will_Widow/Chuck_Will_Widow_0027_796978.jpg,0,2,0,0,/f/forest/broadleaf/00002176.jpg
7241,124.Le_Conte_Sparrow/Le_Conte_Sparrow_0061_795194.jpg,0,2,0,0,/f/forest/broadleaf/00001371.jpg
6420,110.Geococcyx/Geococcyx_0062_104743.jpg,0,2,0,0,/b/bamboo_forest/00000797.jpg
1696,030.Fish_Crow/Fish_Crow_0055_26077.jpg,0,2,0,0,/f/forest/broadleaf/00000598.jpg
7228,124.Le_Conte_Sparrow/Le_Conte_Sparrow_0013_795176.jpg,0,2,0,0,/f/forest/broadleaf/00003253.jpg
2032,036.Northern_Flicker/Northern_Flicker_0124_28966.jpg,0,2,0,0,/f/forest/broadleaf/00004146.jpg
5777,099.Ovenbird/Ovenbird_0122_92993.jpg,0,2,0,0,/f/forest/broadleaf/00004799.jpg
921,017.Cardinal/Cardinal_0105_19045.jpg,0,2,0,0,/f/forest/broadleaf/00003502.jpg
10754,183.Northern_Waterthrush/Northern_Waterthrush_0097_177045.jpg,0,2,0,0,/b/bamboo_forest/00000337.jpg
7302,125.Lincoln_Sparrow/Lincoln_Sparrow_0099_117482.jpg,0,2,0,0,/f/forest/broadleaf/00004468.jpg
1838,033.Yellow_billed_Cuckoo/Yellow_Billed_Cuckoo_0090_26714.jpg,0,2,0,0,/f/forest/broadleaf/00000837.jpg
6807,117.Clay_colored_Sparrow/Clay_Colored_Sparrow_0075_797251.jpg,0,2,0,0,/b/bamboo_forest/00003213.jpg
7167,123.Henslow_Sparrow/Henslow_Sparrow_0112_116845.jpg,0,2,0,0,/f/forest/broadleaf/00002271.jpg
8803,150.Sage_Thrasher/Sage_Thrasher_0072_155539.jpg,0,2,0,0,/b/bamboo_forest/00002930.jpg
10618,181.Worm_eating_Warbler/Worm_Eating_Warbler_0045_795518.jpg,0,2,0,0,/f/forest/broadleaf/00001439.jpg
4843,083.White_breasted_Kingfisher/White_Breasted_Kingfisher_0050_73682.jpg,0,2,0,0,/b/bamboo_forest/00004133.jpg
1451,026.Bronzed_Cowbird/Bronzed_Cowbird_0031_24139.jpg,0,2,0,0,/b/bamboo_forest/00000942.jpg
7862,134.Cape_Glossy_Starling/Cape_Glossy_Starling_0013_129244.jpg,0,2,0,0,/f/forest/broadleaf/00004167.jpg
7442,127.Savannah_Sparrow/Savannah_Sparrow_0114_119750.jpg,0,2,0,0,/f/forest/broadleaf/00002154.jpg
9763,166.Golden_winged_Warbler/Golden_Winged_Warbler_0032_794849.jpg,0,2,0,0,/b/bamboo_forest/00000645.jpg
2292,041.Scissor_tailed_Flycatcher/Scissor_Tailed_Flycatcher_0096_41733.jpg,0,2,0,0,/f/forest/broadleaf/00003993.jpg
7866,134.Cape_Glossy_Starling/Cape_Glossy_Starling_0050_129274.jpg,0,2,0,0,/f/forest/broadleaf/00000827.jpg
7646,131.Vesper_Sparrow/Vesper_Sparrow_0086_125776.jpg,0,2,0,0,/b/bamboo_forest/00001741.jpg
7122,122.Harris_Sparrow/Harris_Sparrow_0066_116362.jpg,0,2,0,0,/b/bamboo_forest/00000882.jpg
9738,166.Golden_winged_Warbler/Golden_Winged_Warbler_0095_794809.jpg,0,2,0,0,/f/forest/broadleaf/00003630.jpg
4052,070.Green_Violetear/Green_Violetear_0107_60781.jpg,0,2,0,0,/f/forest/broadleaf/00001828.jpg
10685,182.Yellow_Warbler/Yellow_Warbler_0073_176218.jpg,0,2,0,0,/b/bamboo_forest/00004213.jpg
1609,029.American_Crow/American_Crow_0121_25720.jpg,0,2,0,0,/f/forest/broadleaf/00001708.jpg
6375,109.American_Redstart/American_Redstart_0034_102866.jpg,0,2,0,0,/f/forest/broadleaf/00004673.jpg
3220,056.Pine_Grosbeak/Pine_Grosbeak_0106_38218.jpg,0,2,0,0,/b/bamboo_forest/00002995.jpg
802,015.Lazuli_Bunting/Lazuli_Bunting_0035_14920.jpg,0,2,0,0,/b/bamboo_forest/00000536.jpg
11628,198.Rock_Wren/Rock_Wren_0065_188995.jpg,0,2,0,0,/f/forest/broadleaf/00000736.jpg
6912,119.Field_Sparrow/Field_Sparrow_0060_114177.jpg,0,2,0,0,/b/bamboo_forest/00001948.jpg
7722,132.White_crowned_Sparrow/White_Crowned_Sparrow_0002_127774.jpg,0,2,0,0,/b/bamboo_forest/00001020.jpg
2431,043.Yellow_bellied_Flycatcher/Yellow_Bellied_Flycatcher_0025_795484.jpg,0,2,0,0,/f/forest/broadleaf/00001539.jpg
4759,082.Ringed_Kingfisher/Ringed_Kingfisher_0005_73086.jpg,0,2,0,0,/f/forest/broadleaf/00004922.jpg
7299,125.Lincoln_Sparrow/Lincoln_Sparrow_0047_117442.jpg,0,2,0,0,/b/bamboo_forest/00000414.jpg
6677,115.Brewer_Sparrow/Brewer_Sparrow_0044_796698.jpg,0,2,0,0,/b/bamboo_forest/00001667.jpg
10088,172.Nashville_Warbler/Nashville_Warbler_0130_167101.jpg,0,2,0,0,/b/bamboo_forest/00003732.jpg
11714,199.Winter_Wren/Winter_Wren_0086_189692.jpg,0,2,0,0,/f/forest/broadleaf/00001375.jpg
11384,194.Cactus_Wren/Cactus_Wren_0102_185902.jpg,0,2,0,0,/b/bamboo_forest/00003577.jpg
11544,196.House_Wren/House_Wren_0098_187368.jpg,0,2,0,0,/f/forest/broadleaf/00002816.jpg
4960,085.Horned_Lark/Horned_Lark_0112_73971.jpg,0,2,0,0,/f/forest/broadleaf/00001415.jpg
11380,194.Cactus_Wren/Cactus_Wren_0115_185895.jpg,0,2,0,0,/b/bamboo_forest/00004225.jpg
7859,134.Cape_Glossy_Starling/Cape_Glossy_Starling_0081_129220.jpg,0,2,0,0,/b/bamboo_forest/00001277.jpg
6965,119.Field_Sparrow/Field_Sparrow_0090_113613.jpg,0,2,0,0,/f/forest/broadleaf/00003579.jpg
10748,183.Northern_Waterthrush/Northern_Waterthrush_0036_177274.jpg,0,2,0,0,/f/forest/broadleaf/00002855.jpg
9048,154.Red_eyed_Vireo/Red_Eyed_Vireo_0074_157170.jpg,0,2,0,0,/b/bamboo_forest/00000313.jpg
11723,199.Winter_Wren/Winter_Wren_0132_189861.jpg,0,2,0,0,/b/bamboo_forest/00000670.jpg
10007,170.Mourning_Warbler/Mourning_Warbler_0054_795387.jpg,0,2,0,0,/f/forest/broadleaf/00003989.jpg
2327,041.Scissor_tailed_Flycatcher/Scissor_Tailed_Flycatcher_0123_41638.jpg,0,2,0,0,/b/bamboo_forest/00003071.jpg
6541,112.Great_Grey_Shrike/Great_Grey_Shrike_0025_106622.jpg,0,2,0,0,/f/forest/broadleaf/00003368.jpg
2351,042.Vermilion_Flycatcher/Vermilion_Flycatcher_0019_42241.jpg,0,2,0,0,/f/forest/broadleaf/00004916.jpg
6442,110.Geococcyx/Geococcyx_0011_104779.jpg,0,2,0,0,/b/bamboo_forest/00001935.jpg
7391,127.Savannah_Sparrow/Savannah_Sparrow_0106_118294.jpg,0,2,0,0,/f/forest/broadleaf/00000033.jpg
7011,120.Fox_Sparrow/Fox_Sparrow_0123_114488.jpg,0,2,0,0,/f/forest/broadleaf/00004437.jpg
9696,165.Chestnut_sided_Warbler/Chestnut_Sided_Warbler_0004_164279.jpg,0,2,0,0,/f/forest/broadleaf/00000606.jpg
1410,026.Bronzed_Cowbird/Bronzed_Cowbird_0030_24103.jpg,0,2,0,0,/b/bamboo_forest/00001956.jpg
7282,125.Lincoln_Sparrow/Lincoln_Sparrow_0100_117835.jpg,0,2,0,0,/b/bamboo_forest/00003985.jpg
9618,164.Cerulean_Warbler/Cerulean_Warbler_0075_797233.jpg,0,2,0,0,/b/bamboo_forest/00000204.jpg
866,016.Painted_Bunting/Painted_Bunting_0098_15226.jpg,0,2,0,0,/b/bamboo_forest/00004932.jpg
11769,200.Common_Yellowthroat/Common_Yellowthroat_0018_190904.jpg,0,2,0,0,/f/forest/broadleaf/00003137.jpg
9640,164.Cerulean_Warbler/Cerulean_Warbler_0041_163535.jpg,0,2,0,0,/b/bamboo_forest/00001917.jpg
1851,033.Yellow_billed_Cuckoo/Yellow_Billed_Cuckoo_0033_26521.jpg,0,2,0,0,/f/forest/broadleaf/00000872.jpg
5346,092.Nighthawk/Nighthawk_0005_84594.jpg,0,2,0,0,/f/forest/broadleaf/00000117.jpg
9239,158.Bay_breasted_Warbler/Bay_Breasted_Warbler_0032_797150.jpg,0,2,0,0,/f/forest/broadleaf/00004121.jpg
6432,110.Geococcyx/Geococcyx_0027_104291.jpg,0,2,0,0,/b/bamboo_forest/00000514.jpg
7799,133.White_throated_Sparrow/White_Throated_Sparrow_0059_128964.jpg,0,2,0,0,/f/forest/broadleaf/00002068.jpg
3871,067.Anna_Hummingbird/Anna_Hummingbird_0070_56085.jpg,0,2,0,0,/f/forest/broadleaf/00004183.jpg
745,014.Indigo_Bunting/Indigo_Bunting_0071_11639.jpg,0,2,0,0,/b/bamboo_forest/00003556.jpg
4785,082.Ringed_Kingfisher/Ringed_Kingfisher_0102_72941.jpg,0,2,0,0,/b/bamboo_forest/00002892.jpg
6731,115.Brewer_Sparrow/Brewer_Sparrow_0073_107518.jpg,0,2,0,0,/b/bamboo_forest/00003601.jpg
7222,124.Le_Conte_Sparrow/Le_Conte_Sparrow_0083_795163.jpg,0,2,0,0,/b/bamboo_forest/00004715.jpg
10833,184.Louisiana_Waterthrush/Louisiana_Waterthrush_0052_177519.jpg,0,2,0,0,/b/bamboo_forest/00002234.jpg
7820,134.Cape_Glossy_Starling/Cape_Glossy_Starling_0007_129345.jpg,0,2,0,0,/f/forest/broadleaf/00003813.jpg
7279,125.Lincoln_Sparrow/Lincoln_Sparrow_0092_117294.jpg,0,2,0,0,/f/forest/broadleaf/00001824.jpg
11104,189.Red_bellied_Woodpecker/Red_Bellied_Woodpecker_0078_181887.jpg,0,2,0,0,/f/forest/broadleaf/00001018.jpg
7721,132.White_crowned_Sparrow/White_Crowned_Sparrow_0141_127766.jpg,0,2,0,0,/f/forest/broadleaf/00003821.jpg
10235,174.Palm_Warbler/Palm_Warbler_0039_170894.jpg,0,2,0,0,/b/bamboo_forest/00003755.jpg
609,012.Yellow_headed_Blackbird/Yellow_Headed_Blackbird_0061_8208.jpg,0,2,0,0,/f/forest/broadleaf/00000323.jpg
1753,031.Black_billed_Cuckoo/Black_Billed_Cuckoo_0046_795328.jpg,0,2,0,0,/b/bamboo_forest/00002300.jpg
8865,151.Black_capped_Vireo/Black_Capped_Vireo_0037_797495.jpg,0,2,0,0,/b/bamboo_forest/00004851.jpg
3980,069.Rufous_Hummingbird/Rufous_Hummingbird_0130_59500.jpg,0,2,0,0,/f/forest/broadleaf/00004794.jpg
7922,135.Bank_Swallow/Bank_Swallow_0050_129780.jpg,0,2,0,0,/f/forest/broadleaf/00004070.jpg
498,010.Red_winged_Blackbird/Red_Winged_Blackbird_0064_4936.jpg,0,2,0,0,/f/forest/broadleaf/00001137.jpg
2676,047.American_Goldfinch/American_Goldfinch_0062_31921.jpg,0,2,0,0,/b/bamboo_forest/00004469.jpg
5687,098.Scott_Oriole/Scott_Oriole_0052_92440.jpg,0,2,0,0,/f/forest/broadleaf/00001244.jpg
5617,096.Hooded_Oriole/Hooded_Oriole_0082_90045.jpg,0,2,0,0,/b/bamboo_forest/00001462.jpg
551,011.Rusty_Blackbird/Rusty_Blackbird_0043_2597.jpg,0,2,0,0,/b/bamboo_forest/00003676.jpg
6422,110.Geococcyx/Geococcyx_0116_104240.jpg,0,2,0,0,/f/forest/broadleaf/00003323.jpg
6504,112.Great_Grey_Shrike/Great_Grey_Shrike_0048_106754.jpg,0,2,0,0,/b/bamboo_forest/00001023.jpg
10520,179.Tennessee_Warbler/Tennessee_Warbler_0089_174764.jpg,0,2,0,0,/b/bamboo_forest/00002650.jpg
9610,164.Cerulean_Warbler/Cerulean_Warbler_0037_797212.jpg,0,2,0,0,/f/forest/broadleaf/00003577.jpg
513,010.Red_winged_Blackbird/Red_Winged_Blackbird_0062_4233.jpg,0,2,0,0,/b/bamboo_forest/00000477.jpg
10528,179.Tennessee_Warbler/Tennessee_Warbler_0007_174796.jpg,0,2,0,0,/f/forest/broadleaf/00000875.jpg
2657,047.American_Goldfinch/American_Goldfinch_0040_32323.jpg,0,2,0,0,/f/forest/broadleaf/00000553.jpg
3249,056.Pine_Grosbeak/Pine_Grosbeak_0004_38396.jpg,0,2,0,0,/b/bamboo_forest/00001219.jpg
5372,092.Nighthawk/Nighthawk_0072_795336.jpg,0,2,0,0,/f/forest/broadleaf/00003605.jpg
10442,178.Swainson_Warbler/Swainson_Warbler_0042_794895.jpg,0,2,0,0,/f/forest/broadleaf/00001446.jpg
8968,153.Philadelphia_Vireo/Philadelphia_Vireo_0082_156574.jpg,0,2,0,0,/f/forest/broadleaf/00004977.jpg
448,009.Brewer_Blackbird/Brewer_Blackbird_0028_2682.jpg,0,2,0,0,/f/forest/broadleaf/00001619.jpg
10417,177.Prothonotary_Warbler/Prothonotary_Warbler_0074_173443.jpg,0,2,0,0,/b/bamboo_forest/00003265.jpg
11098,189.Red_bellied_Woodpecker/Red_Bellied_Woodpecker_0032_181587.jpg,0,2,0,0,/b/bamboo_forest/00004728.jpg
2278,040.Olive_sided_Flycatcher/Olive_Sided_Flycatcher_0045_796888.jpg,0,2,0,0,/b/bamboo_forest/00002001.jpg
10493,179.Tennessee_Warbler/Tennessee_Warbler_0003_175154.jpg,0,2,0,0,/f/forest/broadleaf/00000524.jpg
6904,118.House_Sparrow/House_Sparrow_0007_111029.jpg,0,2,0,0,/f/forest/broadleaf/00002540.jpg
11080,189.Red_bellied_Woodpecker/Red_Bellied_Woodpecker_0106_180757.jpg,0,2,0,0,/f/forest/broadleaf/00000015.jpg
10721,182.Yellow_Warbler/Yellow_Warbler_0106_176383.jpg,0,2,0,0,/f/forest/broadleaf/00000702.jpg
9698,165.Chestnut_sided_Warbler/Chestnut_Sided_Warbler_0089_163776.jpg,0,2,0,0,/b/bamboo_forest/00000809.jpg
2767,048.European_Goldfinch/European_Goldfinch_0005_33263.jpg,0,2,0,0,/b/bamboo_forest/00002780.jpg
11609,198.Rock_Wren/Rock_Wren_0127_188931.jpg,0,2,0,0,/b/bamboo_forest/00001893.jpg
9380,160.Black_throated_Blue_Warbler/Black_Throated_Blue_Warbler_0072_161636.jpg,0,2,0,0,/b/bamboo_forest/00004110.jpg
3231,056.Pine_Grosbeak/Pine_Grosbeak_0053_38805.jpg,0,2,0,0,/b/bamboo_forest/00001386.jpg
10578,180.Wilson_Warbler/Wilson_Warbler_0064_175361.jpg,0,2,0,0,/f/forest/broadleaf/00001176.jpg
10216,174.Palm_Warbler/Palm_Warbler_0068_170243.jpg,0,2,0,0,/b/bamboo_forest/00002662.jpg
4583,079.Belted_Kingfisher/Belted_Kingfisher_0104_70596.jpg,0,2,0,0,/f/forest/broadleaf/00003038.jpg
9739,166.Golden_winged_Warbler/Golden_Winged_Warbler_0087_794810.jpg,0,2,0,0,/f/forest/broadleaf/00003198.jpg
7622,130.Tree_Sparrow/Tree_Sparrow_0073_123871.jpg,0,2,0,0,/f/forest/broadleaf/00000107.jpg
8197,140.Summer_Tanager/Summer_Tanager_0073_139379.jpg,0,2,0,0,/f/forest/broadleaf/00004883.jpg
9370,160.Black_throated_Blue_Warbler/Black_Throated_Blue_Warbler_0009_161534.jpg,0,2,0,0,/f/forest/broadleaf/00002470.jpg
11028,188.Pileated_Woodpecker/Pileated_Woodpecker_0002_180024.jpg,0,2,0,0,/b/bamboo_forest/00001381.jpg
8727,149.Brown_Thrasher/Brown_Thrasher_0065_155229.jpg,0,2,0,0,/b/bamboo_forest/00001831.jpg
10680,182.Yellow_Warbler/Yellow_Warbler_0114_176201.jpg,0,2,0,0,/b/bamboo_forest/00002948.jpg
9524,162.Canada_Warbler/Canada_Warbler_0051_162447.jpg,0,2,0,0,/b/bamboo_forest/00000753.jpg
5502,094.White_breasted_Nuthatch/White_Breasted_Nuthatch_0103_86470.jpg,0,2,0,0,/b/bamboo_forest/00001391.jpg
7955,136.Barn_Swallow/Barn_Swallow_0086_132477.jpg,0,2,0,0,/f/forest/broadleaf/00000685.jpg
11368,193.Bewick_Wren/Bewick_Wren_0037_185332.jpg,0,2,0,0,/b/bamboo_forest/00002088.jpg
5626,097.Orchard_Oriole/Orchard_Oriole_0077_91651.jpg,0,2,0,0,/b/bamboo_forest/00004585.jpg
10667,182.Yellow_Warbler/Yellow_Warbler_0080_176542.jpg,0,2,0,0,/f/forest/broadleaf/00004571.jpg
10477,178.Swainson_Warbler/Swainson_Warbler_0056_794871.jpg,0,2,0,0,/b/bamboo_forest/00003150.jpg
5293,091.Mockingbird/Mockingbird_0060_79972.jpg,0,2,0,0,/f/forest/broadleaf/00002289.jpg
2204,039.Least_Flycatcher/Least_Flycatcher_0087_30123.jpg,0,2,0,0,/b/bamboo_forest/00003288.jpg
5353,092.Nighthawk/Nighthawk_0047_82820.jpg,0,2,0,0,/b/bamboo_forest/00002922.jpg
442,009.Brewer_Blackbird/Brewer_Blackbird_0041_2653.jpg,0,2,0,0,/f/forest/broadleaf/00001778.jpg
10077,172.Nashville_Warbler/Nashville_Warbler_0127_167494.jpg,0,2,0,0,/f/forest/broadleaf/00000539.jpg
7204,123.Henslow_Sparrow/Henslow_Sparrow_0068_796615.jpg,0,2,0,0,/b/bamboo_forest/00002008.jpg
9854,168.Kentucky_Warbler/Kentucky_Warbler_0048_165360.jpg,0,2,0,0,/f/forest/broadleaf/00004592.jpg
9495,162.Canada_Warbler/Canada_Warbler_0035_162377.jpg,0,2,0,0,/f/forest/broadleaf/00003144.jpg
1046,019.Gray_Catbird/Gray_Catbird_0008_20430.jpg,0,2,0,0,/f/forest/broadleaf/00001704.jpg
4595,079.Belted_Kingfisher/Belted_Kingfisher_0096_70347.jpg,0,2,0,0,/f/forest/broadleaf/00003657.jpg
5273,091.Mockingbird/Mockingbird_0095_81177.jpg,0,2,0,0,/f/forest/broadleaf/00000622.jpg
4479,077.Tropical_Kingbird/Tropical_Kingbird_0084_69312.jpg,0,2,0,0,/f/forest/broadleaf/00000249.jpg
6141,105.Whip_poor_Will/Whip_Poor_Will_0034_796413.jpg,0,2,0,0,/f/forest/broadleaf/00004306.jpg
7010,120.Fox_Sparrow/Fox_Sparrow_0114_114481.jpg,0,2,0,0,/b/bamboo_forest/00003351.jpg
4287,074.Florida_Jay/Florida_Jay_0011_64920.jpg,0,2,0,0,/b/bamboo_forest/00003335.jpg
501,010.Red_winged_Blackbird/Red_Winged_Blackbird_0024_4180.jpg,0,2,0,0,/b/bamboo_forest/00000084.jpg
6788,116.Chipping_Sparrow/Chipping_Sparrow_0026_109010.jpg,0,2,0,0,/f/forest/broadleaf/00001822.jpg
8709,149.Brown_Thrasher/Brown_Thrasher_0046_155154.jpg,0,2,0,0,/b/bamboo_forest/00001142.jpg
2464,043.Yellow_bellied_Flycatcher/Yellow_Bellied_Flycatcher_0060_42595.jpg,0,2,0,0,/b/bamboo_forest/00004923.jpg
10234,174.Palm_Warbler/Palm_Warbler_0047_169354.jpg,0,2,0,0,/b/bamboo_forest/00003922.jpg
8029,137.Cliff_Swallow/Cliff_Swallow_0052_133055.jpg,0,2,0,0,/b/bamboo_forest/00003414.jpg
8086,138.Tree_Swallow/Tree_Swallow_0090_135325.jpg,0,2,0,0,/f/forest/broadleaf/00000136.jpg
5510,095.Baltimore_Oriole/Baltimore_Oriole_0108_87576.jpg,0,2,0,0,/f/forest/broadleaf/00001720.jpg
1616,029.American_Crow/American_Crow_0088_25303.jpg,0,2,0,0,/b/bamboo_forest/00003795.jpg
5391,093.Clark_Nutcracker/Clark_Nutcracker_0102_85089.jpg,0,2,0,0,/f/forest/broadleaf/00003301.jpg
1862,033.Yellow_billed_Cuckoo/Yellow_Billed_Cuckoo_0104_26814.jpg,0,2,0,0,/f/forest/broadleaf/00000340.jpg
10671,182.Yellow_Warbler/Yellow_Warbler_0057_176675.jpg,0,2,0,0,/f/forest/broadleaf/00004265.jpg
1432,026.Bronzed_Cowbird/Bronzed_Cowbird_0062_796238.jpg,0,2,0,0,/b/bamboo_forest/00001846.jpg
709,013.Bobolink/Bobolink_0114_10627.jpg,0,2,0,0,/f/forest/broadleaf/00000255.jpg
2164,038.Great_Crested_Flycatcher/Great_Crested_Flycatcher_0074_29553.jpg,0,2,0,0,/b/bamboo_forest/00003615.jpg
11751,200.Common_Yellowthroat/Common_Yellowthroat_0112_190571.jpg,0,2,0,0,/f/forest/broadleaf/00001000.jpg
6077,104.American_Pipit/American_Pipit_0098_99986.jpg,0,2,0,0,/b/bamboo_forest/00003664.jpg
5331,092.Nighthawk/Nighthawk_0029_83733.jpg,0,2,0,0,/f/forest/broadleaf/00003507.jpg
842,016.Painted_Bunting/Painted_Bunting_0053_16404.jpg,0,2,0,0,/b/bamboo_forest/00001054.jpg
7115,122.Harris_Sparrow/Harris_Sparrow_0083_116588.jpg,0,2,0,0,/f/forest/broadleaf/00003959.jpg
5624,096.Hooded_Oriole/Hooded_Oriole_0084_90607.jpg,0,2,0,0,/b/bamboo_forest/00001991.jpg
604,012.Yellow_headed_Blackbird/Yellow_Headed_Blackbird_0108_7937.jpg,0,2,0,0,/b/bamboo_forest/00003399.jpg
8895,152.Blue_headed_Vireo/Blue_Headed_Vireo_0105_156229.jpg,0,2,0,0,/b/bamboo_forest/00004135.jpg
1793,032.Mangrove_Cuckoo/Mangrove_Cuckoo_0035_794595.jpg,0,2,0,0,/f/forest/broadleaf/00001999.jpg
5797,099.Ovenbird/Ovenbird_0126_92602.jpg,0,2,0,0,/f/forest/broadleaf/00001444.jpg
1553,028.Brown_Creeper/Brown_Creeper_0085_24938.jpg,0,2,0,0,/f/forest/broadleaf/00001650.jpg
11150,190.Red_cockaded_Woodpecker/Red_Cockaded_Woodpecker_0051_182347.jpg,0,2,0,0,/f/forest/broadleaf/00000470.jpg
3911,068.Ruby_throated_Hummingbird/Ruby_Throated_Hummingbird_0090_57411.jpg,0,2,0,0,/f/forest/broadleaf/00003136.jpg
5474,094.White_breasted_Nuthatch/White_Breasted_Nuthatch_0129_86761.jpg,0,2,0,0,/f/forest/broadleaf/00000743.jpg
10221,174.Palm_Warbler/Palm_Warbler_0075_168751.jpg,0,2,0,0,/b/bamboo_forest/00003547.jpg
4739,082.Ringed_Kingfisher/Ringed_Kingfisher_0107_72983.jpg,0,2,0,0,/f/forest/broadleaf/00004945.jpg
5735,098.Scott_Oriole/Scott_Oriole_0010_795852.jpg,0,2,0,0,/f/forest/broadleaf/00002820.jpg
1563,028.Brown_Creeper/Brown_Creeper_0046_24463.jpg,0,2,0,0,/b/bamboo_forest/00002646.jpg
9259,158.Bay_breasted_Warbler/Bay_Breasted_Warbler_0028_797119.jpg,0,2,0,0,/f/forest/broadleaf/00004416.jpg
7165,123.Henslow_Sparrow/Henslow_Sparrow_0022_116835.jpg,0,2,0,0,/f/forest/broadleaf/00004826.jpg
1771,032.Mangrove_Cuckoo/Mangrove_Cuckoo_0040_26378.jpg,0,2,0,0,/b/bamboo_forest/00001706.jpg
3287,057.Rose_breasted_Grosbeak/Rose_Breasted_Grosbeak_0003_39223.jpg,0,2,0,0,/f/forest/broadleaf/00004540.jpg
5615,096.Hooded_Oriole/Hooded_Oriole_0004_91057.jpg,0,2,0,0,/f/forest/broadleaf/00003375.jpg
3156,055.Evening_Grosbeak/Evening_Grosbeak_0078_38051.jpg,0,2,0,0,/b/bamboo_forest/00004803.jpg
4502,078.Gray_Kingbird/Gray_Kingbird_0075_70188.jpg,0,2,0,0,/f/forest/broadleaf/00002347.jpg
10145,173.Orange_crowned_Warbler/Orange_Crowned_Warbler_0040_168029.jpg,0,2,0,0,/b/bamboo_forest/00004306.jpg
858,016.Painted_Bunting/Painted_Bunting_0016_15200.jpg,0,2,0,0,/b/bamboo_forest/00004911.jpg
6528,112.Great_Grey_Shrike/Great_Grey_Shrike_0055_106858.jpg,0,2,0,0,/f/forest/broadleaf/00001604.jpg
2802,049.Boat_tailed_Grackle/Boat_Tailed_Grackle_0049_33422.jpg,0,2,0,0,/b/bamboo_forest/00001466.jpg
11191,191.Red_headed_Woodpecker/Red_Headed_Woodpecker_0024_183297.jpg,0,2,0,0,/b/bamboo_forest/00002531.jpg
7239,124.Le_Conte_Sparrow/Le_Conte_Sparrow_0024_795190.jpg,0,2,0,0,/b/bamboo_forest/00004815.jpg
9147,156.White_eyed_Vireo/White_Eyed_Vireo_0116_159028.jpg,0,2,0,0,/f/forest/broadleaf/00002572.jpg
7553,129.Song_Sparrow/Song_Sparrow_0099_121193.jpg,0,2,0,0,/b/bamboo_forest/00002798.jpg
11712,199.Winter_Wren/Winter_Wren_0093_189686.jpg,0,2,0,0,/f/forest/broadleaf/00002739.jpg
2713,048.European_Goldfinch/European_Goldfinch_0017_794638.jpg,0,2,0,0,/f/forest/broadleaf/00001376.jpg
7317,125.Lincoln_Sparrow/Lincoln_Sparrow_0112_117631.jpg,0,2,0,0,/b/bamboo_forest/00004949.jpg
825,015.Lazuli_Bunting/Lazuli_Bunting_0093_15030.jpg,0,2,0,0,/f/forest/broadleaf/00003276.jpg
6412,110.Geococcyx/Geococcyx_0033_104195.jpg,0,2,0,0,/b/bamboo_forest/00002330.jpg
8859,151.Black_capped_Vireo/Black_Capped_Vireo_0011_797488.jpg,0,2,0,0,/b/bamboo_forest/00001035.jpg
11515,196.House_Wren/House_Wren_0092_187100.jpg,0,2,0,0,/f/forest/broadleaf/00003407.jpg
8028,137.Cliff_Swallow/Cliff_Swallow_0093_133052.jpg,0,2,0,0,/f/forest/broadleaf/00003663.jpg
8760,149.Brown_Thrasher/Brown_Thrasher_0063_155127.jpg,0,2,0,0,/f/forest/broadleaf/00002444.jpg
7942,136.Barn_Swallow/Barn_Swallow_0022_130631.jpg,0,2,0,0,/b/bamboo_forest/00002510.jpg
9654,165.Chestnut_sided_Warbler/Chestnut_Sided_Warbler_0108_164356.jpg,0,2,0,0,/b/bamboo_forest/00001026.jpg
11469,195.Carolina_Wren/Carolina_Wren_0031_186713.jpg,0,2,0,0,/b/bamboo_forest/00004017.jpg
192,004.Groove_billed_Ani/Groove_Billed_Ani_0035_1591.jpg,0,2,0,0,/b/bamboo_forest/00003839.jpg
8168,140.Summer_Tanager/Summer_Tanager_0071_140289.jpg,0,2,0,0,/f/forest/broadleaf/00000723.jpg
8932,152.Blue_headed_Vireo/Blue_Headed_Vireo_0116_156049.jpg,0,2,0,0,/f/forest/broadleaf/00000234.jpg
11713,199.Winter_Wren/Winter_Wren_0071_189689.jpg,0,2,0,0,/b/bamboo_forest/00000569.jpg
6205,107.Common_Raven/Common_Raven_0059_101893.jpg,0,2,0,0,/b/bamboo_forest/00004099.jpg
3295,057.Rose_breasted_Grosbeak/Rose_Breasted_Grosbeak_0016_39265.jpg,0,2,0,0,/f/forest/broadleaf/00001214.jpg
2195,039.Least_Flycatcher/Least_Flycatcher_0023_30352.jpg,0,2,0,0,/f/forest/broadleaf/00001863.jpg
9246,158.Bay_breasted_Warbler/Bay_Breasted_Warbler_0019_159871.jpg,0,2,0,0,/b/bamboo_forest/00003228.jpg
4827,083.White_breasted_Kingfisher/White_Breasted_Kingfisher_0017_73355.jpg,0,2,0,0,/b/bamboo_forest/00002012.jpg
6733,116.Chipping_Sparrow/Chipping_Sparrow_0089_107535.jpg,0,2,0,0,/f/forest/broadleaf/00000996.jpg
4063,070.Green_Violetear/Green_Violetear_0072_60858.jpg,0,2,0,0,/f/forest/broadleaf/00004934.jpg
7017,120.Fox_Sparrow/Fox_Sparrow_0111_114527.jpg,0,2,0,0,/b/bamboo_forest/00002824.jpg
9088,155.Warbling_Vireo/Warbling_Vireo_0006_158467.jpg,0,2,0,0,/b/bamboo_forest/00004673.jpg
1664,030.Fish_Crow/Fish_Crow_0013_25939.jpg,0,2,0,0,/f/forest/broadleaf/00003014.jpg
3116,054.Blue_Grosbeak/Blue_Grosbeak_0097_37067.jpg,0,2,0,0,/f/forest/broadleaf/00004632.jpg
585,011.Rusty_Blackbird/Rusty_Blackbird_0092_2727.jpg,0,2,0,0,/f/forest/broadleaf/00001131.jpg
9282,158.Bay_breasted_Warbler/Bay_Breasted_Warbler_0042_797160.jpg,0,2,0,0,/b/bamboo_forest/00002506.jpg
11370,194.Cactus_Wren/Cactus_Wren_0040_185859.jpg,0,2,0,0,/b/bamboo_forest/00000198.jpg
9390,160.Black_throated_Blue_Warbler/Black_Throated_Blue_Warbler_0076_161162.jpg,0,2,0,0,/f/forest/broadleaf/00004426.jpg
4397,076.Dark_eyed_Junco/Dark_Eyed_Junco_0031_66785.jpg,0,2,0,0,/f/forest/broadleaf/00004496.jpg
2104,037.Acadian_Flycatcher/Acadian_Flycatcher_0005_29157.jpg,0,2,0,0,/b/bamboo_forest/00003164.jpg
8879,152.Blue_headed_Vireo/Blue_Headed_Vireo_0022_156184.jpg,0,2,0,0,/f/forest/broadleaf/00004208.jpg
10374,177.Prothonotary_Warbler/Prothonotary_Warbler_0117_174622.jpg,0,2,0,0,/b/bamboo_forest/00003908.jpg
8898,152.Blue_headed_Vireo/Blue_Headed_Vireo_0002_156241.jpg,0,2,0,0,/f/forest/broadleaf/00004921.jpg
6087,104.American_Pipit/American_Pipit_0121_100040.jpg,0,2,0,0,/f/forest/broadleaf/00003535.jpg
5423,093.Clark_Nutcracker/Clark_Nutcracker_0142_85322.jpg,0,2,0,0,/f/forest/broadleaf/00003826.jpg
11482,195.Carolina_Wren/Carolina_Wren_0083_186324.jpg,0,2,0,0,/f/forest/broadleaf/00004744.jpg
10568,180.Wilson_Warbler/Wilson_Warbler_0131_175268.jpg,0,2,0,0,/b/bamboo_forest/00000122.jpg
4560,079.Belted_Kingfisher/Belted_Kingfisher_0094_70698.jpg,0,2,0,0,/f/forest/broadleaf/00004493.jpg
958,018.Spotted_Catbird/Spotted_Catbird_0033_796805.jpg,0,2,0,0,/f/forest/broadleaf/00004359.jpg
721,014.Indigo_Bunting/Indigo_Bunting_0014_14167.jpg,0,2,0,0,/f/forest/broadleaf/00000845.jpg
4038,070.Green_Violetear/Green_Violetear_0024_795705.jpg,0,2,0,0,/f/forest/broadleaf/00003779.jpg
10096,172.Nashville_Warbler/Nashville_Warbler_0018_167191.jpg,0,2,0,0,/f/forest/broadleaf/00000091.jpg
3992,069.Rufous_Hummingbird/Rufous_Hummingbird_0036_59562.jpg,0,2,0,0,/b/bamboo_forest/00003910.jpg
10737,183.Northern_Waterthrush/Northern_Waterthrush_0075_176978.jpg,0,2,0,0,/f/forest/broadleaf/00000405.jpg
11771,200.Common_Yellowthroat/Common_Yellowthroat_0021_190655.jpg,0,2,0,0,/f/forest/broadleaf/00002571.jpg
6769,116.Chipping_Sparrow/Chipping_Sparrow_0074_108401.jpg,0,2,0,0,/b/bamboo_forest/00000884.jpg
10883,185.Bohemian_Waxwing/Bohemian_Waxwing_0038_796632.jpg,0,2,0,0,/b/bamboo_forest/00003332.jpg
10635,181.Worm_eating_Warbler/Worm_Eating_Warbler_0019_795554.jpg,0,2,0,0,/b/bamboo_forest/00000992.jpg
2709,047.American_Goldfinch/American_Goldfinch_0105_32238.jpg,0,2,0,0,/b/bamboo_forest/00003952.jpg
4917,085.Horned_Lark/Horned_Lark_0126_74354.jpg,0,2,0,0,/f/forest/broadleaf/00003950.jpg
687,013.Bobolink/Bobolink_0110_9496.jpg,0,2,0,0,/f/forest/broadleaf/00001046.jpg
885,016.Painted_Bunting/Painted_Bunting_0078_16565.jpg,0,2,0,0,/f/forest/broadleaf/00003906.jpg
1559,028.Brown_Creeper/Brown_Creeper_0001_24449.jpg,0,2,0,0,/f/forest/broadleaf/00004907.jpg
4496,078.Gray_Kingbird/Gray_Kingbird_0056_70156.jpg,0,2,0,0,/f/forest/broadleaf/00004378.jpg
6932,119.Field_Sparrow/Field_Sparrow_0129_113748.jpg,0,2,0,0,/f/forest/broadleaf/00004791.jpg
2412,043.Yellow_bellied_Flycatcher/Yellow_Bellied_Flycatcher_0050_42598.jpg,0,2,0,0,/f/forest/broadleaf/00003306.jpg
2400,042.Vermilion_Flycatcher/Vermilion_Flycatcher_0031_42201.jpg,0,2,0,0,/b/bamboo_forest/00004364.jpg
7330,126.Nelson_Sharp_tailed_Sparrow/Nelson_Sharp_Tailed_Sparrow_0044_796932.jpg,0,2,0,0,/f/forest/broadleaf/00001676.jpg
949,017.Cardinal/Cardinal_0082_17875.jpg,0,2,0,0,/b/bamboo_forest/00000430.jpg
10862,185.Bohemian_Waxwing/Bohemian_Waxwing_0101_796653.jpg,0,2,0,0,/b/bamboo_forest/00000257.jpg
3259,057.Rose_breasted_Grosbeak/Rose_Breasted_Grosbeak_0059_39045.jpg,0,2,0,0,/b/bamboo_forest/00000630.jpg
11052,188.Pileated_Woodpecker/Pileated_Woodpecker_0118_180138.jpg,0,2,0,0,/f/forest/broadleaf/00003223.jpg
6076,104.American_Pipit/American_Pipit_0046_100240.jpg,0,2,0,0,/b/bamboo_forest/00002122.jpg
9349,159.Black_and_white_Warbler/Black_And_White_Warbler_0109_160245.jpg,0,2,0,0,/b/bamboo_forest/00002988.jpg
9649,164.Cerulean_Warbler/Cerulean_Warbler_0082_797180.jpg,0,2,0,0,/f/forest/broadleaf/00004784.jpg
11661,198.Rock_Wren/Rock_Wren_0040_189159.jpg,0,2,0,0,/b/bamboo_forest/00001755.jpg
11704,199.Winter_Wren/Winter_Wren_0097_190139.jpg,0,2,0,0,/f/forest/broadleaf/00002827.jpg
7975,136.Barn_Swallow/Barn_Swallow_0029_132832.jpg,0,2,0,0,/b/bamboo_forest/00002868.jpg
3882,067.Anna_Hummingbird/Anna_Hummingbird_0117_55785.jpg,0,2,0,0,/f/forest/broadleaf/00003976.jpg
10131,173.Orange_crowned_Warbler/Orange_Crowned_Warbler_0064_166929.jpg,0,2,0,0,/f/forest/broadleaf/00003451.jpg
9820,167.Hooded_Warbler/Hooded_Warbler_0036_164779.jpg,0,2,0,0,/f/forest/broadleaf/00004290.jpg
1807,032.Mangrove_Cuckoo/Mangrove_Cuckoo_0008_26357.jpg,0,2,0,0,/b/bamboo_forest/00004783.jpg
8130,139.Scarlet_Tanager/Scarlet_Tanager_0021_138199.jpg,0,2,0,0,/b/bamboo_forest/00000624.jpg
3138,055.Evening_Grosbeak/Evening_Grosbeak_0114_37416.jpg,0,2,0,0,/f/forest/broadleaf/00003559.jpg
9025,154.Red_eyed_Vireo/Red_Eyed_Vireo_0016_156971.jpg,0,2,0,0,/f/forest/broadleaf/00003720.jpg
8072,138.Tree_Swallow/Tree_Swallow_0016_135549.jpg,0,2,0,0,/b/bamboo_forest/00000701.jpg
11570,197.Marsh_Wren/Marsh_Wren_0102_188654.jpg,0,2,0,0,/b/bamboo_forest/00001564.jpg
1102,020.Yellow_breasted_Chat/Yellow_Breasted_Chat_0034_21955.jpg,0,2,0,0,/b/bamboo_forest/00001072.jpg
11583,197.Marsh_Wren/Marsh_Wren_0134_188213.jpg,0,2,0,0,/b/bamboo_forest/00001224.jpg
462,009.Brewer_Blackbird/Brewer_Blackbird_0010_2269.jpg,0,2,0,0,/b/bamboo_forest/00000906.jpg
4829,083.White_breasted_Kingfisher/White_Breasted_Kingfisher_0063_73365.jpg,0,2,0,0,/f/forest/broadleaf/00004204.jpg
1805,032.Mangrove_Cuckoo/Mangrove_Cuckoo_0007_794610.jpg,0,2,0,0,/b/bamboo_forest/00003276.jpg
1061,020.Yellow_breasted_Chat/Yellow_Breasted_Chat_0010_21777.jpg,0,2,0,0,/f/forest/broadleaf/00002881.jpg
2382,042.Vermilion_Flycatcher/Vermilion_Flycatcher_0049_42380.jpg,0,2,0,0,/f/forest/broadleaf/00001077.jpg
9426,161.Blue_winged_Warbler/Blue_Winged_Warbler_0049_161856.jpg,0,2,0,0,/f/forest/broadleaf/00002504.jpg
7775,133.White_throated_Sparrow/White_Throated_Sparrow_0105_128814.jpg,0,2,0,0,/f/forest/broadleaf/00003405.jpg
9007,154.Red_eyed_Vireo/Red_Eyed_Vireo_0123_156780.jpg,0,2,0,0,/b/bamboo_forest/00004435.jpg
1866,033.Yellow_billed_Cuckoo/Yellow_Billed_Cuckoo_0006_26578.jpg,0,2,0,0,/f/forest/broadleaf/00004827.jpg
1996,036.Northern_Flicker/Northern_Flicker_0093_28700.jpg,0,2,0,0,/f/forest/broadleaf/00002440.jpg
6459,111.Loggerhead_Shrike/Loggerhead_Shrike_0125_105594.jpg,0,2,0,0,/b/bamboo_forest/00001677.jpg
9323,159.Black_and_white_Warbler/Black_And_White_Warbler_0047_160547.jpg,0,2,0,0,/b/bamboo_forest/00003212.jpg
7987,137.Cliff_Swallow/Cliff_Swallow_0084_133974.jpg,0,2,0,0,/f/forest/broadleaf/00001219.jpg
5760,099.Ovenbird/Ovenbird_0026_92850.jpg,0,2,0,0,/b/bamboo_forest/00000944.jpg
4295,074.Florida_Jay/Florida_Jay_0078_64692.jpg,0,2,0,0,/f/forest/broadleaf/00002523.jpg
11225,191.Red_headed_Woodpecker/Red_Headed_Woodpecker_0039_183446.jpg,0,2,0,0,/b/bamboo_forest/00000234.jpg
7772,133.White_throated_Sparrow/White_Throated_Sparrow_0063_128803.jpg,0,2,0,0,/f/forest/broadleaf/00004040.jpg
9541,163.Cape_May_Warbler/Cape_May_Warbler_0033_162657.jpg,0,2,0,0,/b/bamboo_forest/00001971.jpg
2818,049.Boat_tailed_Grackle/Boat_Tailed_Grackle_0035_33750.jpg,0,2,0,0,/f/forest/broadleaf/00001594.jpg
546,011.Rusty_Blackbird/Rusty_Blackbird_0055_6923.jpg,0,2,0,0,/b/bamboo_forest/00001129.jpg
3856,067.Anna_Hummingbird/Anna_Hummingbird_0101_56459.jpg,0,2,0,0,/b/bamboo_forest/00001460.jpg
847,016.Painted_Bunting/Painted_Bunting_0040_16691.jpg,0,2,0,0,/f/forest/broadleaf/00002585.jpg
919,017.Cardinal/Cardinal_0033_19215.jpg,0,2,0,0,/b/bamboo_forest/00002623.jpg
7783,133.White_throated_Sparrow/White_Throated_Sparrow_0026_128843.jpg,0,2,0,0,/f/forest/broadleaf/00003789.jpg
618,012.Yellow_headed_Blackbird/Yellow_Headed_Blackbird_0088_8257.jpg,0,2,0,0,/b/bamboo_forest/00001703.jpg
11128,189.Red_bellied_Woodpecker/Red_Bellied_Woodpecker_0007_182242.jpg,0,2,0,0,/f/forest/broadleaf/00003264.jpg
5532,095.Baltimore_Oriole/Baltimore_Oriole_0054_89825.jpg,0,2,0,0,/b/bamboo_forest/00001257.jpg
9320,159.Black_and_white_Warbler/Black_And_White_Warbler_0114_160537.jpg,0,2,0,0,/f/forest/broadleaf/00003339.jpg
10454,178.Swainson_Warbler/Swainson_Warbler_0033_794856.jpg,0,2,0,0,/b/bamboo_forest/00001629.jpg
7112,122.Harris_Sparrow/Harris_Sparrow_0060_116576.jpg,0,2,0,0,/b/bamboo_forest/00000386.jpg
3169,055.Evening_Grosbeak/Evening_Grosbeak_0038_37228.jpg,0,2,0,0,/f/forest/broadleaf/00000135.jpg
2101,037.Acadian_Flycatcher/Acadian_Flycatcher_0038_795616.jpg,0,2,0,0,/f/forest/broadleaf/00004902.jpg
10720,182.Yellow_Warbler/Yellow_Warbler_0058_176891.jpg,0,2,0,0,/f/forest/broadleaf/00000558.jpg
10608,181.Worm_eating_Warbler/Worm_Eating_Warbler_0066_92460.jpg,0,2,0,0,/b/bamboo_forest/00003840.jpg
6057,104.American_Pipit/American_Pipit_0123_99929.jpg,0,2,0,0,/f/forest/broadleaf/00000799.jpg
11566,197.Marsh_Wren/Marsh_Wren_0076_188108.jpg,0,2,0,0,/b/bamboo_forest/00000210.jpg
9108,155.Warbling_Vireo/Warbling_Vireo_0068_158684.jpg,0,2,0,0,/f/forest/broadleaf/00003447.jpg
10744,183.Northern_Waterthrush/Northern_Waterthrush_0096_177007.jpg,0,2,0,0,/f/forest/broadleaf/00000542.jpg
6002,103.Sayornis/Sayornis_0037_98949.jpg,0,2,0,0,/f/forest/broadleaf/00000395.jpg
1575,028.Brown_Creeper/Brown_Creeper_0006_25034.jpg,0,2,0,0,/b/bamboo_forest/00004339.jpg
1865,033.Yellow_billed_Cuckoo/Yellow_Billed_Cuckoo_0024_26832.jpg,0,2,0,0,/f/forest/broadleaf/00003113.jpg
9455,161.Blue_winged_Warbler/Blue_Winged_Warbler_0004_162005.jpg,0,2,0,0,/f/forest/broadleaf/00003468.jpg
1956,035.Purple_Finch/Purple_Finch_0117_27427.jpg,0,2,0,0,/b/bamboo_forest/00000577.jpg
996,018.Spotted_Catbird/Spotted_Catbird_0021_796798.jpg,0,2,0,0,/b/bamboo_forest/00001062.jpg
3226,056.Pine_Grosbeak/Pine_Grosbeak_0055_38730.jpg,0,2,0,0,/f/forest/broadleaf/00003019.jpg
7511,129.Song_Sparrow/Song_Sparrow_0067_122424.jpg,0,2,0,0,/f/forest/broadleaf/00003181.jpg
2360,042.Vermilion_Flycatcher/Vermilion_Flycatcher_0030_42523.jpg,0,2,0,0,/f/forest/broadleaf/00001904.jpg
7404,127.Savannah_Sparrow/Savannah_Sparrow_0015_118910.jpg,0,2,0,0,/f/forest/broadleaf/00004508.jpg
2357,042.Vermilion_Flycatcher/Vermilion_Flycatcher_0059_42261.jpg,0,2,0,0,/b/bamboo_forest/00002320.jpg
9717,166.Golden_winged_Warbler/Golden_Winged_Warbler_0077_164432.jpg,0,2,0,0,/f/forest/broadleaf/00003661.jpg
6569,113.Baird_Sparrow/Baird_Sparrow_0012_794552.jpg,0,2,0,0,/f/forest/broadleaf/00003406.jpg
11331,193.Bewick_Wren/Bewick_Wren_0085_185474.jpg,0,2,0,0,/b/bamboo_forest/00000197.jpg
4605,079.Belted_Kingfisher/Belted_Kingfisher_0112_70634.jpg,0,2,0,0,/f/forest/broadleaf/00003885.jpg
2049,036.Northern_Flicker/Northern_Flicker_0127_28411.jpg,0,2,0,0,/b/bamboo_forest/00001410.jpg
3968,069.Rufous_Hummingbird/Rufous_Hummingbird_0125_58932.jpg,0,2,0,0,/b/bamboo_forest/00003268.jpg
1969,035.Purple_Finch/Purple_Finch_0065_27473.jpg,0,2,0,0,/f/forest/broadleaf/00004993.jpg
6501,111.Loggerhead_Shrike/Loggerhead_Shrike_0030_104930.jpg,0,2,0,0,/f/forest/broadleaf/00000892.jpg
9687,165.Chestnut_sided_Warbler/Chestnut_Sided_Warbler_0061_163978.jpg,0,2,0,0,/b/bamboo_forest/00004996.jpg
4312,074.Florida_Jay/Florida_Jay_0058_64997.jpg,0,2,0,0,/f/forest/broadleaf/00004684.jpg
4721,081.Pied_Kingfisher/Pied_Kingfisher_0013_72114.jpg,0,2,0,0,/f/forest/broadleaf/00003413.jpg
4668,080.Green_Kingfisher/Green_Kingfisher_0039_71037.jpg,0,2,0,0,/f/forest/broadleaf/00004436.jpg
9534,163.Cape_May_Warbler/Cape_May_Warbler_0093_163089.jpg,0,2,0,0,/b/bamboo_forest/00002899.jpg
1891,034.Gray_crowned_Rosy_Finch/Gray_Crowned_Rosy_Finch_0048_27236.jpg,0,2,0,0,/b/bamboo_forest/00003558.jpg
11520,196.House_Wren/House_Wren_0034_187120.jpg,0,2,0,0,/b/bamboo_forest/00004964.jpg
11531,196.House_Wren/House_Wren_0043_187224.jpg,0,2,0,0,/b/bamboo_forest/00002099.jpg
9471,162.Canada_Warbler/Canada_Warbler_0094_26880.jpg,0,2,0,0,/f/forest/broadleaf/00004712.jpg
6978,120.Fox_Sparrow/Fox_Sparrow_0020_114744.jpg,0,2,0,0,/f/forest/broadleaf/00001926.jpg
2091,037.Acadian_Flycatcher/Acadian_Flycatcher_0072_795603.jpg,0,2,0,0,/f/forest/broadleaf/00002421.jpg
1666,030.Fish_Crow/Fish_Crow_0072_25945.jpg,0,2,0,0,/f/forest/broadleaf/00001644.jpg
643,012.Yellow_headed_Blackbird/Yellow_Headed_Blackbird_0013_8362.jpg,0,2,0,0,/f/forest/broadleaf/00000335.jpg
4073,070.Green_Violetear/Green_Violetear_0106_795643.jpg,0,2,0,0,/b/bamboo_forest/00001911.jpg
10786,184.Louisiana_Waterthrush/Louisiana_Waterthrush_0059_177449.jpg,0,2,0,0,/f/forest/broadleaf/00001394.jpg
1804,032.Mangrove_Cuckoo/Mangrove_Cuckoo_0026_794609.jpg,0,2,0,0,/b/bamboo_forest/00004525.jpg
8739,149.Brown_Thrasher/Brown_Thrasher_0130_155350.jpg,0,2,0,0,/b/bamboo_forest/00002649.jpg
5551,095.Baltimore_Oriole/Baltimore_Oriole_0109_87398.jpg,0,2,0,0,/f/forest/broadleaf/00003718.jpg
7009,120.Fox_Sparrow/Fox_Sparrow_0018_114468.jpg,0,2,0,0,/b/bamboo_forest/00003739.jpg
6400,110.Geococcyx/Geococcyx_0056_104142.jpg,0,2,0,0,/b/bamboo_forest/00003974.jpg
10780,183.Northern_Waterthrush/Northern_Waterthrush_0087_177148.jpg,0,2,0,0,/f/forest/broadleaf/00002888.jpg
808,015.Lazuli_Bunting/Lazuli_Bunting_0032_14778.jpg,0,2,0,0,/b/bamboo_forest/00004064.jpg
2466,043.Yellow_bellied_Flycatcher/Yellow_Bellied_Flycatcher_0039_795471.jpg,0,2,0,0,/b/bamboo_forest/00003701.jpg
9798,167.Hooded_Warbler/Hooded_Warbler_0048_164622.jpg,0,2,0,0,/f/forest/broadleaf/00001056.jpg
7478,128.Seaside_Sparrow/Seaside_Sparrow_0063_120707.jpg,0,2,0,0,/b/bamboo_forest/00003540.jpg
7054,121.Grasshopper_Sparrow/Grasshopper_Sparrow_0116_116066.jpg,0,2,0,0,/b/bamboo_forest/00002289.jpg
582,011.Rusty_Blackbird/Rusty_Blackbird_0105_6937.jpg,0,2,0,0,/b/bamboo_forest/00003002.jpg
6645,114.Black_throated_Sparrow/Black_Throated_Sparrow_0040_107172.jpg,0,2,0,0,/b/bamboo_forest/00001927.jpg
2315,041.Scissor_tailed_Flycatcher/Scissor_Tailed_Flycatcher_0031_41836.jpg,0,2,0,0,/b/bamboo_forest/00002179.jpg
8802,150.Sage_Thrasher/Sage_Thrasher_0064_155531.jpg,0,2,0,0,/b/bamboo_forest/00002024.jpg
11032,188.Pileated_Woodpecker/Pileated_Woodpecker_0067_179979.jpg,0,2,0,0,/f/forest/broadleaf/00003844.jpg
10130,173.Orange_crowned_Warbler/Orange_Crowned_Warbler_0065_167952.jpg,0,2,0,0,/b/bamboo_forest/00000109.jpg
7901,135.Bank_Swallow/Bank_Swallow_0012_129518.jpg,0,2,0,0,/b/bamboo_forest/00000335.jpg
10385,177.Prothonotary_Warbler/Prothonotary_Warbler_0127_174149.jpg,0,2,0,0,/b/bamboo_forest/00004032.jpg
10730,183.Northern_Waterthrush/Northern_Waterthrush_0041_177199.jpg,0,2,0,0,/b/bamboo_forest/00004209.jpg
6578,113.Baird_Sparrow/Baird_Sparrow_0037_794562.jpg,0,2,0,0,/f/forest/broadleaf/00001758.jpg
10876,185.Bohemian_Waxwing/Bohemian_Waxwing_0026_177845.jpg,0,2,0,0,/b/bamboo_forest/00001799.jpg
2348,041.Scissor_tailed_Flycatcher/Scissor_Tailed_Flycatcher_0012_41853.jpg,0,2,0,0,/f/forest/broadleaf/00001296.jpg
1819,033.Yellow_billed_Cuckoo/Yellow_Billed_Cuckoo_0117_26651.jpg,0,2,0,0,/b/bamboo_forest/00002334.jpg
10401,177.Prothonotary_Warbler/Prothonotary_Warbler_0019_173838.jpg,0,2,0,0,/b/bamboo_forest/00000300.jpg
2790,049.Boat_tailed_Grackle/Boat_Tailed_Grackle_0009_33373.jpg,0,2,0,0,/f/forest/broadleaf/00003804.jpg
2336,041.Scissor_tailed_Flycatcher/Scissor_Tailed_Flycatcher_0122_41679.jpg,0,2,0,0,/b/bamboo_forest/00001192.jpg
4711,081.Pied_Kingfisher/Pied_Kingfisher_0021_72498.jpg,0,2,0,0,/f/forest/broadleaf/00003408.jpg
5525,095.Baltimore_Oriole/Baltimore_Oriole_0087_89726.jpg,0,2,0,0,/f/forest/broadleaf/00002085.jpg
3292,057.Rose_breasted_Grosbeak/Rose_Breasted_Grosbeak_0069_39254.jpg,0,2,0,0,/f/forest/broadleaf/00000649.jpg
1902,034.Gray_crowned_Rosy_Finch/Gray_Crowned_Rosy_Finch_0040_26985.jpg,0,2,0,0,/f/forest/broadleaf/00000123.jpg
10059,171.Myrtle_Warbler/Myrtle_Warbler_0030_166732.jpg,0,2,0,0,/f/forest/broadleaf/00004722.jpg
8743,149.Brown_Thrasher/Brown_Thrasher_0073_155376.jpg,0,2,0,0,/f/forest/broadleaf/00003849.jpg
8897,152.Blue_headed_Vireo/Blue_Headed_Vireo_0032_156239.jpg,0,2,0,0,/b/bamboo_forest/00003850.jpg
11786,200.Common_Yellowthroat/Common_Yellowthroat_0008_190703.jpg,0,2,0,0,/f/forest/broadleaf/00001547.jpg
9932,169.Magnolia_Warbler/Magnolia_Warbler_0020_166211.jpg,0,2,0,0,/f/forest/broadleaf/00001224.jpg
4451,077.Tropical_Kingbird/Tropical_Kingbird_0045_69605.jpg,0,2,0,0,/f/forest/broadleaf/00002396.jpg
9588,163.Cape_May_Warbler/Cape_May_Warbler_0044_163055.jpg,0,2,0,0,/b/bamboo_forest/00001422.jpg
9250,158.Bay_breasted_Warbler/Bay_Breasted_Warbler_0018_159897.jpg,0,2,0,0,/b/bamboo_forest/00002098.jpg
7033,121.Grasshopper_Sparrow/Grasshopper_Sparrow_0009_115984.jpg,0,2,0,0,/f/forest/broadleaf/00001331.jpg
7548,129.Song_Sparrow/Song_Sparrow_0038_121666.jpg,0,2,0,0,/f/forest/broadleaf/00002595.jpg
10415,177.Prothonotary_Warbler/Prothonotary_Warbler_0059_173434.jpg,0,2,0,0,/f/forest/broadleaf/00001098.jpg
6843,117.Clay_colored_Sparrow/Clay_Colored_Sparrow_0022_110518.jpg,0,2,0,0,/b/bamboo_forest/00002250.jpg
6928,119.Field_Sparrow/Field_Sparrow_0035_113479.jpg,0,2,0,0,/f/forest/broadleaf/00004246.jpg
11587,197.Marsh_Wren/Marsh_Wren_0051_188260.jpg,0,2,0,0,/f/forest/broadleaf/00000663.jpg
1095,020.Yellow_breasted_Chat/Yellow_Breasted_Chat_0041_21683.jpg,0,2,0,0,/b/bamboo_forest/00004094.jpg
6839,117.Clay_colored_Sparrow/Clay_Colored_Sparrow_0009_797256.jpg,0,2,0,0,/b/bamboo_forest/00004551.jpg
4064,070.Green_Violetear/Green_Violetear_0110_60866.jpg,0,2,0,0,/b/bamboo_forest/00004140.jpg
10770,183.Northern_Waterthrush/Northern_Waterthrush_0062_177364.jpg,0,2,0,0,/f/forest/broadleaf/00001841.jpg
1665,030.Fish_Crow/Fish_Crow_0065_25942.jpg,0,2,0,0,/f/forest/broadleaf/00003004.jpg
2792,049.Boat_tailed_Grackle/Boat_Tailed_Grackle_0054_33633.jpg,0,2,0,0,/f/forest/broadleaf/00001405.jpg
2004,036.Northern_Flicker/Northern_Flicker_0006_28290.jpg,0,2,0,0,/f/forest/broadleaf/00000366.jpg
11381,194.Cactus_Wren/Cactus_Wren_0096_185898.jpg,0,2,0,0,/b/bamboo_forest/00002454.jpg
3201,056.Pine_Grosbeak/Pine_Grosbeak_0096_38441.jpg,0,2,0,0,/f/forest/broadleaf/00001174.jpg
4215,073.Blue_Jay/Blue_Jay_0055_61507.jpg,0,2,0,0,/b/bamboo_forest/00002277.jpg
9321,159.Black_and_white_Warbler/Black_And_White_Warbler_0073_160539.jpg,0,2,0,0,/b/bamboo_forest/00002425.jpg
646,012.Yellow_headed_Blackbird/Yellow_Headed_Blackbird_0098_8367.jpg,0,2,0,0,/b/bamboo_forest/00000502.jpg
9771,167.Hooded_Warbler/Hooded_Warbler_0106_164869.jpg,0,2,0,0,/f/forest/broadleaf/00003983.jpg
5665,097.Orchard_Oriole/Orchard_Oriole_0060_91536.jpg,0,2,0,0,/f/forest/broadleaf/00000700.jpg
11727,199.Winter_Wren/Winter_Wren_0047_190390.jpg,0,2,0,0,/b/bamboo_forest/00002555.jpg
4763,082.Ringed_Kingfisher/Ringed_Kingfisher_0040_72852.jpg,0,2,0,0,/b/bamboo_forest/00001008.jpg
7924,135.Bank_Swallow/Bank_Swallow_0019_129788.jpg,0,2,0,0,/b/bamboo_forest/00000368.jpg
11161,190.Red_cockaded_Woodpecker/Red_Cockaded_Woodpecker_0024_794708.jpg,0,2,0,0,/f/forest/broadleaf/00002336.jpg
5991,103.Sayornis/Sayornis_0061_98375.jpg,0,2,0,0,/f/forest/broadleaf/00004024.jpg
10110,172.Nashville_Warbler/Nashville_Warbler_0037_167280.jpg,0,2,0,0,/f/forest/broadleaf/00003709.jpg
8659,148.Green_tailed_Towhee/Green_Tailed_Towhee_0004_154951.jpg,0,2,0,0,/b/bamboo_forest/00004393.jpg
1646,030.Fish_Crow/Fish_Crow_0067_26124.jpg,0,2,0,0,/f/forest/broadleaf/00000603.jpg
2189,039.Least_Flycatcher/Least_Flycatcher_0085_30318.jpg,0,2,0,0,/f/forest/broadleaf/00001125.jpg
11711,199.Winter_Wren/Winter_Wren_0048_189683.jpg,0,2,0,0,/b/bamboo_forest/00002906.jpg
11700,199.Winter_Wren/Winter_Wren_0111_189596.jpg,0,2,0,0,/f/forest/broadleaf/00003839.jpg
1942,035.Purple_Finch/Purple_Finch_0030_27255.jpg,0,2,0,0,/b/bamboo_forest/00002787.jpg
223,004.Groove_billed_Ani/Groove_Billed_Ani_0005_1750.jpg,0,2,0,0,/f/forest/broadleaf/00004249.jpg
602,011.Rusty_Blackbird/Rusty_Blackbird_0013_6902.jpg,0,2,0,0,/f/forest/broadleaf/00004510.jpg
10396,177.Prothonotary_Warbler/Prothonotary_Warbler_0057_173865.jpg,0,2,0,0,/f/forest/broadleaf/00000930.jpg
1443,026.Bronzed_Cowbird/Bronzed_Cowbird_0024_24167.jpg,0,2,0,0,/f/forest/broadleaf/00004979.jpg
1894,034.Gray_crowned_Rosy_Finch/Gray_Crowned_Rosy_Finch_0007_797278.jpg,0,2,0,0,/f/forest/broadleaf/00004337.jpg
1737,031.Black_billed_Cuckoo/Black_Billed_Cuckoo_0008_795305.jpg,0,2,0,0,/f/forest/broadleaf/00004221.jpg
4630,080.Green_Kingfisher/Green_Kingfisher_0028_70981.jpg,0,2,0,0,/b/bamboo_forest/00004432.jpg
4597,079.Belted_Kingfisher/Belted_Kingfisher_0028_70358.jpg,0,2,0,0,/b/bamboo_forest/00004430.jpg
11402,194.Cactus_Wren/Cactus_Wren_0124_185501.jpg,0,2,0,0,/f/forest/broadleaf/00003138.jpg
8225,140.Summer_Tanager/Summer_Tanager_0093_139517.jpg,0,2,0,0,/f/forest/broadleaf/00003037.jpg
5633,097.Orchard_Oriole/Orchard_Oriole_0114_91412.jpg,0,2,0,0,/f/forest/broadleaf/00001116.jpg
9919,169.Magnolia_Warbler/Magnolia_Warbler_0103_165647.jpg,0,2,0,0,/b/bamboo_forest/00001012.jpg
656,012.Yellow_headed_Blackbird/Yellow_Headed_Blackbird_0047_7929.jpg,0,2,0,0,/f/forest/broadleaf/00004231.jpg
494,010.Red_winged_Blackbird/Red_Winged_Blackbird_0042_3635.jpg,0,2,0,0,/b/bamboo_forest/00003621.jpg
11352,193.Bewick_Wren/Bewick_Wren_0005_184699.jpg,0,2,0,0,/b/bamboo_forest/00003806.jpg
9669,165.Chestnut_sided_Warbler/Chestnut_Sided_Warbler_0090_163629.jpg,0,2,0,0,/f/forest/broadleaf/00001613.jpg
7369,126.Nelson_Sharp_tailed_Sparrow/Nelson_Sharp_Tailed_Sparrow_0047_117991.jpg,0,2,0,0,/f/forest/broadleaf/00001660.jpg
6304,108.White_necked_Raven/White_Necked_Raven_0056_797373.jpg,0,2,0,0,/f/forest/broadleaf/00001825.jpg
4470,077.Tropical_Kingbird/Tropical_Kingbird_0034_69242.jpg,0,2,0,0,/b/bamboo_forest/00004249.jpg
8071,138.Tree_Swallow/Tree_Swallow_0066_135788.jpg,0,2,0,0,/b/bamboo_forest/00002727.jpg
608,012.Yellow_headed_Blackbird/Yellow_Headed_Blackbird_0015_8207.jpg,0,2,0,0,/b/bamboo_forest/00001135.jpg
1712,031.Black_billed_Cuckoo/Black_Billed_Cuckoo_0045_26194.jpg,0,2,0,0,/f/forest/broadleaf/00002380.jpg
10596,180.Wilson_Warbler/Wilson_Warbler_0099_175559.jpg,0,2,0,0,/f/forest/broadleaf/00002213.jpg
6643,114.Black_throated_Sparrow/Black_Throated_Sparrow_0005_107150.jpg,0,2,0,0,/b/bamboo_forest/00004755.jpg
10655,181.Worm_eating_Warbler/Worm_Eating_Warbler_0076_176086.jpg,0,2,0,0,/f/forest/broadleaf/00000104.jpg
1030,019.Gray_Catbird/Gray_Catbird_0092_20735.jpg,0,2,0,0,/b/bamboo_forest/00000409.jpg
6637,114.Black_throated_Sparrow/Black_Throated_Sparrow_0074_107113.jpg,0,2,0,0,/b/bamboo_forest/00000281.jpg
7032,121.Grasshopper_Sparrow/Grasshopper_Sparrow_0117_115983.jpg,0,2,0,0,/b/bamboo_forest/00001874.jpg
560,011.Rusty_Blackbird/Rusty_Blackbird_0075_6717.jpg,0,2,0,0,/b/bamboo_forest/00001547.jpg
3298,057.Rose_breasted_Grosbeak/Rose_Breasted_Grosbeak_0060_39279.jpg,0,2,0,0,/b/bamboo_forest/00003642.jpg
7355,126.Nelson_Sharp_tailed_Sparrow/Nelson_Sharp_Tailed_Sparrow_0024_118010.jpg,0,2,0,0,/f/forest/broadleaf/00000609.jpg
10392,177.Prothonotary_Warbler/Prothonotary_Warbler_0106_174221.jpg,0,2,0,0,/f/forest/broadleaf/00001558.jpg
9756,166.Golden_winged_Warbler/Golden_Winged_Warbler_0031_794840.jpg,0,2,0,0,/b/bamboo_forest/00002406.jpg
11110,189.Red_bellied_Woodpecker/Red_Bellied_Woodpecker_0089_181907.jpg,0,2,0,0,/b/bamboo_forest/00000359.jpg
10317,176.Prairie_Warbler/Prairie_Warbler_0096_172577.jpg,0,2,0,0,/f/forest/broadleaf/00000348.jpg
9778,167.Hooded_Warbler/Hooded_Warbler_0017_164911.jpg,0,2,0,0,/f/forest/broadleaf/00003852.jpg
10201,174.Palm_Warbler/Palm_Warbler_0106_169571.jpg,0,2,0,0,/b/bamboo_forest/00004377.jpg
5751,099.Ovenbird/Ovenbird_0093_92705.jpg,0,2,0,0,/f/forest/broadleaf/00002723.jpg
483,009.Brewer_Blackbird/Brewer_Blackbird_0004_2345.jpg,0,2,0,0,/f/forest/broadleaf/00004479.jpg
11404,194.Cactus_Wren/Cactus_Wren_0046_186017.jpg,0,2,0,0,/b/bamboo_forest/00002495.jpg
10825,184.Louisiana_Waterthrush/Louisiana_Waterthrush_0033_795281.jpg,0,2,0,0,/b/bamboo_forest/00002895.jpg
7255,124.Le_Conte_Sparrow/Le_Conte_Sparrow_0046_795227.jpg,0,2,0,0,/b/bamboo_forest/00003498.jpg
10447,178.Swainson_Warbler/Swainson_Warbler_0035_174741.jpg,0,2,0,0,/b/bamboo_forest/00004602.jpg
11117,189.Red_bellied_Woodpecker/Red_Bellied_Woodpecker_0023_181958.jpg,0,2,0,0,/b/bamboo_forest/00001210.jpg
11571,197.Marsh_Wren/Marsh_Wren_0050_188657.jpg,0,2,0,0,/b/bamboo_forest/00001967.jpg
10569,180.Wilson_Warbler/Wilson_Warbler_0056_175269.jpg,0,2,0,0,/f/forest/broadleaf/00003887.jpg
6323,109.American_Redstart/American_Redstart_0094_103425.jpg,0,2,0,0,/b/bamboo_forest/00003354.jpg
7173,123.Henslow_Sparrow/Henslow_Sparrow_0055_796557.jpg,0,2,0,0,/b/bamboo_forest/00002636.jpg
1050,019.Gray_Catbird/Gray_Catbird_0044_20955.jpg,0,2,0,0,/f/forest/broadleaf/00003674.jpg
9303,159.Black_and_white_Warbler/Black_And_White_Warbler_0118_160363.jpg,0,2,0,0,/f/forest/broadleaf/00004569.jpg
6953,119.Field_Sparrow/Field_Sparrow_0123_113847.jpg,0,2,0,0,/f/forest/broadleaf/00001612.jpg
7383,126.Nelson_Sharp_tailed_Sparrow/Nelson_Sharp_Tailed_Sparrow_0029_796923.jpg,0,2,0,0,/b/bamboo_forest/00003569.jpg
1580,028.Brown_Creeper/Brown_Creeper_0102_25000.jpg,0,2,0,0,/f/forest/broadleaf/00002035.jpg
10399,177.Prothonotary_Warbler/Prothonotary_Warbler_0047_174340.jpg,0,2,0,0,/b/bamboo_forest/00000295.jpg
9301,159.Black_and_white_Warbler/Black_And_White_Warbler_0070_160354.jpg,0,2,0,0,/b/bamboo_forest/00004219.jpg
10525,179.Tennessee_Warbler/Tennessee_Warbler_0042_175092.jpg,0,2,0,0,/b/bamboo_forest/00002471.jpg
9316,159.Black_and_white_Warbler/Black_And_White_Warbler_0125_160482.jpg,0,2,0,0,/b/bamboo_forest/00001203.jpg
779,014.Indigo_Bunting/Indigo_Bunting_0074_12829.jpg,0,2,0,0,/f/forest/broadleaf/00001196.jpg
5412,093.Clark_Nutcracker/Clark_Nutcracker_0047_85630.jpg,0,2,0,0,/f/forest/broadleaf/00002105.jpg
2805,049.Boat_tailed_Grackle/Boat_Tailed_Grackle_0019_33687.jpg,0,2,0,0,/f/forest/broadleaf/00000671.jpg
10532,179.Tennessee_Warbler/Tennessee_Warbler_0098_174800.jpg,0,2,0,0,/b/bamboo_forest/00001836.jpg
7266,124.Le_Conte_Sparrow/Le_Conte_Sparrow_0011_117038.jpg,0,2,0,0,/b/bamboo_forest/00001493.jpg
1906,034.Gray_crowned_Rosy_Finch/Gray_Crowned_Rosy_Finch_0079_797294.jpg,0,2,0,0,/b/bamboo_forest/00000869.jpg
8013,137.Cliff_Swallow/Cliff_Swallow_0006_133489.jpg,0,2,0,0,/f/forest/broadleaf/00000526.jpg
4403,076.Dark_eyed_Junco/Dark_Eyed_Junco_0093_67335.jpg,0,2,0,0,/f/forest/broadleaf/00003785.jpg
3253,057.Rose_breasted_Grosbeak/Rose_Breasted_Grosbeak_0101_39495.jpg,0,2,0,0,/b/bamboo_forest/00002260.jpg
8827,151.Black_capped_Vireo/Black_Capped_Vireo_0048_797449.jpg,0,2,0,0,/f/forest/broadleaf/00000974.jpg
9500,162.Canada_Warbler/Canada_Warbler_0015_162388.jpg,0,2,0,0,/b/bamboo_forest/00000336.jpg
7631,131.Vesper_Sparrow/Vesper_Sparrow_0043_125703.jpg,0,2,0,0,/b/bamboo_forest/00000592.jpg
492,010.Red_winged_Blackbird/Red_Winged_Blackbird_0058_4141.jpg,0,2,0,0,/b/bamboo_forest/00000907.jpg
10501,179.Tennessee_Warbler/Tennessee_Warbler_0009_174937.jpg,0,2,0,0,/b/bamboo_forest/00002057.jpg
1634,029.American_Crow/American_Crow_0001_25053.jpg,0,2,0,0,/f/forest/broadleaf/00000231.jpg
9103,155.Warbling_Vireo/Warbling_Vireo_0127_158601.jpg,0,2,0,0,/b/bamboo_forest/00001519.jpg
5369,092.Nighthawk/Nighthawk_0048_83648.jpg,0,2,0,0,/b/bamboo_forest/00003060.jpg
4650,080.Green_Kingfisher/Green_Kingfisher_0045_71064.jpg,0,2,0,0,/b/bamboo_forest/00004586.jpg
10112,172.Nashville_Warbler/Nashville_Warbler_0124_167285.jpg,0,2,0,0,/f/forest/broadleaf/00002121.jpg
2250,040.Olive_sided_Flycatcher/Olive_Sided_Flycatcher_0072_796877.jpg,0,2,0,0,/b/bamboo_forest/00003623.jpg
4832,083.White_breasted_Kingfisher/White_Breasted_Kingfisher_0089_73371.jpg,0,2,0,0,/b/bamboo_forest/00003329.jpg
10320,176.Prairie_Warbler/Prairie_Warbler_0091_172597.jpg,0,2,0,0,/b/bamboo_forest/00004526.jpg
10504,179.Tennessee_Warbler/Tennessee_Warbler_0085_156530.jpg,0,2,0,0,/f/forest/broadleaf/00002796.jpg
5580,096.Hooded_Oriole/Hooded_Oriole_0072_90298.jpg,0,2,0,0,/f/forest/broadleaf/00001049.jpg
9766,166.Golden_winged_Warbler/Golden_Winged_Warbler_0050_164589.jpg,0,2,0,0,/f/forest/broadleaf/00003873.jpg
3071,054.Blue_Grosbeak/Blue_Grosbeak_0061_36633.jpg,0,2,0,0,/f/forest/broadleaf/00002051.jpg
1550,028.Brown_Creeper/Brown_Creeper_0029_24912.jpg,0,2,0,0,/f/forest/broadleaf/00000684.jpg
3127,054.Blue_Grosbeak/Blue_Grosbeak_0057_37116.jpg,0,2,0,0,/f/forest/broadleaf/00001356.jpg
9697,165.Chestnut_sided_Warbler/Chestnut_Sided_Warbler_0086_164024.jpg,0,2,0,0,/b/bamboo_forest/00003833.jpg
8981,153.Philadelphia_Vireo/Philadelphia_Vireo_0005_156599.jpg,0,2,0,0,/f/forest/broadleaf/00002625.jpg
6679,115.Brewer_Sparrow/Brewer_Sparrow_0007_796700.jpg,0,2,0,0,/b/bamboo_forest/00003605.jpg
4336,075.Green_Jay/Green_Jay_0077_65736.jpg,0,2,0,0,/b/bamboo_forest/00002461.jpg
1964,035.Purple_Finch/Purple_Finch_0020_27961.jpg,0,2,0,0,/f/forest/broadleaf/00000517.jpg
9440,161.Blue_winged_Warbler/Blue_Winged_Warbler_0078_161889.jpg,0,2,0,0,/b/bamboo_forest/00000876.jpg
9537,163.Cape_May_Warbler/Cape_May_Warbler_0115_163121.jpg,0,2,1,1,/l/lake/natural/00001702.jpg
9785,167.Hooded_Warbler/Hooded_Warbler_0128_164620.jpg,0,2,1,1,/o/ocean/00000346.jpg
3072,054.Blue_Grosbeak/Blue_Grosbeak_0078_36655.jpg,0,2,1,1,/o/ocean/00004247.jpg
10450,178.Swainson_Warbler/Swainson_Warbler_0009_174746.jpg,0,2,1,1,/l/lake/natural/00002128.jpg
6867,118.House_Sparrow/House_Sparrow_0094_112773.jpg,0,2,1,1,/l/lake/natural/00000204.jpg
5539,095.Baltimore_Oriole/Baltimore_Oriole_0114_89873.jpg,0,2,1,1,/l/lake/natural/00003103.jpg
10058,171.Myrtle_Warbler/Myrtle_Warbler_0005_166853.jpg,0,2,1,1,/l/lake/natural/00000714.jpg
10219,174.Palm_Warbler/Palm_Warbler_0081_169256.jpg,0,2,1,1,/l/lake/natural/00003097.jpg
9692,165.Chestnut_sided_Warbler/Chestnut_Sided_Warbler_0008_164001.jpg,0,2,1,1,/l/lake/natural/00004272.jpg
6954,119.Field_Sparrow/Field_Sparrow_0051_114107.jpg,0,2,1,1,/o/ocean/00004796.jpg
5613,096.Hooded_Oriole/Hooded_Oriole_0014_90594.jpg,0,2,1,1,/l/lake/natural/00000794.jpg
10752,183.Northern_Waterthrush/Northern_Waterthrush_0057_177291.jpg,0,2,1,1,/l/lake/natural/00004309.jpg
9755,166.Golden_winged_Warbler/Golden_Winged_Warbler_0037_794839.jpg,0,2,1,1,/o/ocean/00001616.jpg
7310,125.Lincoln_Sparrow/Lincoln_Sparrow_0089_117527.jpg,0,2,1,1,/o/ocean/00000913.jpg
7354,126.Nelson_Sharp_tailed_Sparrow/Nelson_Sharp_Tailed_Sparrow_0009_796940.jpg,0,2,1,1,/o/ocean/00004640.jpg
8690,148.Green_tailed_Towhee/Green_Tailed_Towhee_0003_797414.jpg,0,2,1,1,/o/ocean/00004565.jpg
753,014.Indigo_Bunting/Indigo_Bunting_0060_14495.jpg,0,2,1,1,/l/lake/natural/00002541.jpg
9921,169.Magnolia_Warbler/Magnolia_Warbler_0066_166184.jpg,0,2,1,1,/o/ocean/00000781.jpg
10751,183.Northern_Waterthrush/Northern_Waterthrush_0027_177286.jpg,0,2,1,1,/o/ocean/00000737.jpg
11650,198.Rock_Wren/Rock_Wren_0071_189213.jpg,0,2,1,1,/l/lake/natural/00004673.jpg
9188,157.Yellow_throated_Vireo/Yellow_Throated_Vireo_0007_794972.jpg,0,2,1,1,/l/lake/natural/00000294.jpg
10389,177.Prothonotary_Warbler/Prothonotary_Warbler_0071_173690.jpg,0,2,1,1,/o/ocean/00002443.jpg
7037,121.Grasshopper_Sparrow/Grasshopper_Sparrow_0109_115750.jpg,0,2,1,1,/o/ocean/00004587.jpg
6583,113.Baird_Sparrow/Baird_Sparrow_0019_794567.jpg,0,2,1,1,/o/ocean/00002031.jpg
1661,030.Fish_Crow/Fish_Crow_0040_25158.jpg,0,2,1,1,/l/lake/natural/00002458.jpg
6322,108.White_necked_Raven/White_Necked_Raven_0005_102653.jpg,0,2,1,1,/l/lake/natural/00001355.jpg
2784,049.Boat_tailed_Grackle/Boat_Tailed_Grackle_0083_33590.jpg,0,2,1,1,/o/ocean/00002101.jpg
4598,079.Belted_Kingfisher/Belted_Kingfisher_0093_70360.jpg,0,2,1,1,/l/lake/natural/00004239.jpg
2010,036.Northern_Flicker/Northern_Flicker_0068_28330.jpg,0,2,1,1,/o/ocean/00001406.jpg
9619,164.Cerulean_Warbler/Cerulean_Warbler_0054_797235.jpg,0,2,1,1,/o/ocean/00003844.jpg
8826,151.Black_capped_Vireo/Black_Capped_Vireo_0034_797448.jpg,0,2,1,1,/o/ocean/00001650.jpg
9908,169.Magnolia_Warbler/Magnolia_Warbler_0072_165534.jpg,0,2,1,1,/l/lake/natural/00000188.jpg
11457,195.Carolina_Wren/Carolina_Wren_0073_186587.jpg,0,2,1,1,/o/ocean/00001957.jpg
6206,107.Common_Raven/Common_Raven_0070_101896.jpg,0,2,1,1,/l/lake/natural/00002511.jpg
7064,121.Grasshopper_Sparrow/Grasshopper_Sparrow_0021_116107.jpg,0,2,1,1,/o/ocean/00003944.jpg
10768,183.Northern_Waterthrush/Northern_Waterthrush_0063_177346.jpg,0,2,1,1,/o/ocean/00000510.jpg
7580,130.Tree_Sparrow/Tree_Sparrow_0011_122964.jpg,0,2,1,1,/o/ocean/00000562.jpg
10274,175.Pine_Warbler/Pine_Warbler_0104_171668.jpg,0,2,1,1,/l/lake/natural/00002019.jpg
7356,126.Nelson_Sharp_tailed_Sparrow/Nelson_Sharp_Tailed_Sparrow_0008_796944.jpg,0,2,1,1,/o/ocean/00000724.jpg
6745,116.Chipping_Sparrow/Chipping_Sparrow_0061_109113.jpg,0,2,1,1,/l/lake/natural/00003987.jpg
759,014.Indigo_Bunting/Indigo_Bunting_0054_12213.jpg,0,2,1,1,/l/lake/natural/00004503.jpg
4486,077.Tropical_Kingbird/Tropical_Kingbird_0088_69856.jpg,0,2,1,1,/l/lake/natural/00002005.jpg
7012,120.Fox_Sparrow/Fox_Sparrow_0083_114496.jpg,0,2,1,1,/o/ocean/00004022.jpg
4722,081.Pied_Kingfisher/Pied_Kingfisher_0118_72115.jpg,0,2,1,1,/l/lake/natural/00003412.jpg
10807,184.Louisiana_Waterthrush/Louisiana_Waterthrush_0079_795252.jpg,0,2,1,1,/o/ocean/00000774.jpg
5321,091.Mockingbird/Mockingbird_0051_79599.jpg,0,2,1,1,/l/lake/natural/00003641.jpg
6692,115.Brewer_Sparrow/Brewer_Sparrow_0010_796716.jpg,0,2,1,1,/o/ocean/00002861.jpg
5521,095.Baltimore_Oriole/Baltimore_Oriole_0083_89712.jpg,0,2,1,1,/o/ocean/00004061.jpg
9085,155.Warbling_Vireo/Warbling_Vireo_0088_158452.jpg,0,2,1,1,/l/lake/natural/00003910.jpg
11257,192.Downy_Woodpecker/Downy_Woodpecker_0059_184396.jpg,0,2,1,1,/l/lake/natural/00001081.jpg
8079,138.Tree_Swallow/Tree_Swallow_0020_136587.jpg,0,2,1,1,/o/ocean/00003318.jpg
2418,043.Yellow_bellied_Flycatcher/Yellow_Bellied_Flycatcher_0012_795469.jpg,0,2,1,1,/l/lake/natural/00001235.jpg
6517,112.Great_Grey_Shrike/Great_Grey_Shrike_0027_797009.jpg,0,2,1,1,/o/ocean/00000906.jpg
6521,112.Great_Grey_Shrike/Great_Grey_Shrike_0075_797022.jpg,0,2,1,1,/l/lake/natural/00003698.jpg
2109,037.Acadian_Flycatcher/Acadian_Flycatcher_0073_795628.jpg,0,2,1,1,/o/ocean/00001261.jpg
11644,198.Rock_Wren/Rock_Wren_0050_189207.jpg,0,2,1,1,/o/ocean/00001040.jpg
11168,190.Red_cockaded_Woodpecker/Red_Cockaded_Woodpecker_0014_794718.jpg,0,2,1,1,/o/ocean/00001023.jpg
665,013.Bobolink/Bobolink_0039_9779.jpg,0,2,1,1,/l/lake/natural/00002666.jpg
1944,035.Purple_Finch/Purple_Finch_0119_27260.jpg,0,2,1,1,/o/ocean/00002983.jpg
6227,107.Common_Raven/Common_Raven_0092_102550.jpg,0,2,1,1,/o/ocean/00004467.jpg
4446,077.Tropical_Kingbird/Tropical_Kingbird_0002_69595.jpg,0,2,1,1,/l/lake/natural/00002277.jpg
10875,185.Bohemian_Waxwing/Bohemian_Waxwing_0121_796658.jpg,0,2,1,1,/o/ocean/00003294.jpg
4641,080.Green_Kingfisher/Green_Kingfisher_0013_71293.jpg,0,2,1,1,/l/lake/natural/00004811.jpg
3846,067.Anna_Hummingbird/Anna_Hummingbird_0055_56396.jpg,0,2,1,1,/o/ocean/00001379.jpg
9079,155.Warbling_Vireo/Warbling_Vireo_0091_158419.jpg,0,2,1,1,/l/lake/natural/00000109.jpg
9917,169.Magnolia_Warbler/Magnolia_Warbler_0046_166150.jpg,0,2,1,1,/l/lake/natural/00003489.jpg
3150,055.Evening_Grosbeak/Evening_Grosbeak_0053_38005.jpg,0,2,1,1,/l/lake/natural/00000278.jpg
978,018.Spotted_Catbird/Spotted_Catbird_0046_19399.jpg,0,2,1,1,/o/ocean/00001495.jpg
5266,091.Mockingbird/Mockingbird_0030_79876.jpg,0,2,1,1,/l/lake/natural/00003823.jpg
2268,040.Olive_sided_Flycatcher/Olive_Sided_Flycatcher_0050_796878.jpg,0,2,1,1,/o/ocean/00001707.jpg
6329,109.American_Redstart/American_Redstart_0082_102973.jpg,0,2,1,1,/o/ocean/00003962.jpg
4633,080.Green_Kingfisher/Green_Kingfisher_0057_71096.jpg,0,2,1,1,/o/ocean/00000308.jpg
2670,047.American_Goldfinch/American_Goldfinch_0082_31890.jpg,0,2,1,1,/o/ocean/00003742.jpg
9600,164.Cerulean_Warbler/Cerulean_Warbler_0004_797199.jpg,0,2,1,1,/o/ocean/00004345.jpg
7796,133.White_throated_Sparrow/White_Throated_Sparrow_0004_128944.jpg,0,2,1,1,/l/lake/natural/00001011.jpg
7408,127.Savannah_Sparrow/Savannah_Sparrow_0139_119444.jpg,0,2,1,1,/o/ocean/00003541.jpg
2341,041.Scissor_tailed_Flycatcher/Scissor_Tailed_Flycatcher_0058_41948.jpg,0,2,1,1,/o/ocean/00000206.jpg
1577,028.Brown_Creeper/Brown_Creeper_0073_24546.jpg,0,2,1,1,/o/ocean/00002369.jpg
4911,085.Horned_Lark/Horned_Lark_0110_73826.jpg,0,2,1,1,/l/lake/natural/00004304.jpg
9604,164.Cerulean_Warbler/Cerulean_Warbler_0043_797203.jpg,0,2,1,1,/o/ocean/00001810.jpg
4618,080.Green_Kingfisher/Green_Kingfisher_0060_66074.jpg,0,2,1,1,/l/lake/natural/00000142.jpg
8033,137.Cliff_Swallow/Cliff_Swallow_0033_133836.jpg,0,2,1,1,/l/lake/natural/00000155.jpg
4754,082.Ringed_Kingfisher/Ringed_Kingfisher_0025_72795.jpg,0,2,1,1,/l/lake/natural/00003473.jpg
3100,054.Blue_Grosbeak/Blue_Grosbeak_0085_36990.jpg,0,2,1,1,/o/ocean/00000892.jpg
7479,128.Seaside_Sparrow/Seaside_Sparrow_0056_120710.jpg,0,2,1,1,/l/lake/natural/00004800.jpg
8036,137.Cliff_Swallow/Cliff_Swallow_0063_133852.jpg,0,2,1,1,/l/lake/natural/00000713.jpg
2037,036.Northern_Flicker/Northern_Flicker_0090_28491.jpg,0,2,1,1,/o/ocean/00004851.jpg
632,012.Yellow_headed_Blackbird/Yellow_Headed_Blackbird_0042_8574.jpg,0,2,1,1,/l/lake/natural/00001009.jpg
11388,194.Cactus_Wren/Cactus_Wren_0116_185927.jpg,0,2,1,1,/o/ocean/00002187.jpg
1940,035.Purple_Finch/Purple_Finch_0031_28175.jpg,0,2,1,1,/l/lake/natural/00002338.jpg
11312,193.Bewick_Wren/Bewick_Wren_0139_184839.jpg,0,2,1,1,/l/lake/natural/00004352.jpg
1479,027.Shiny_Cowbird/Shiny_Cowbird_0012_24249.jpg,0,2,1,1,/o/ocean/00001594.jpg
2803,049.Boat_tailed_Grackle/Boat_Tailed_Grackle_0065_33423.jpg,0,2,1,1,/l/lake/natural/00000726.jpg
3282,057.Rose_breasted_Grosbeak/Rose_Breasted_Grosbeak_0128_39204.jpg,0,2,1,1,/l/lake/natural/00001238.jpg
7233,124.Le_Conte_Sparrow/Le_Conte_Sparrow_0097_795183.jpg,0,2,1,1,/l/lake/natural/00000644.jpg
3986,069.Rufous_Hummingbird/Rufous_Hummingbird_0017_59520.jpg,0,2,1,1,/o/ocean/00000496.jpg
9904,169.Magnolia_Warbler/Magnolia_Warbler_0067_165484.jpg,0,2,1,1,/o/ocean/00000453.jpg
9053,155.Warbling_Vireo/Warbling_Vireo_0009_158721.jpg,0,2,1,1,/o/ocean/00004555.jpg
7347,126.Nelson_Sharp_tailed_Sparrow/Nelson_Sharp_Tailed_Sparrow_0053_118069.jpg,0,2,1,1,/o/ocean/00000505.jpg
5491,094.White_breasted_Nuthatch/White_Breasted_Nuthatch_0120_85890.jpg,0,2,1,1,/l/lake/natural/00000977.jpg
1090,020.Yellow_breasted_Chat/Yellow_Breasted_Chat_0023_21664.jpg,0,2,1,1,/l/lake/natural/00002562.jpg
9981,170.Mourning_Warbler/Mourning_Warbler_0048_166596.jpg,0,2,1,1,/o/ocean/00001890.jpg
8080,138.Tree_Swallow/Tree_Swallow_0035_136589.jpg,0,2,1,1,/l/lake/natural/00004314.jpg
10649,181.Worm_eating_Warbler/Worm_Eating_Warbler_0027_176062.jpg,0,2,1,1,/l/lake/natural/00001329.jpg
1216,022.Chuck_will_Widow/Chuck_Will_Widow_0028_796988.jpg,0,2,1,1,/o/ocean/00002586.jpg
6268,108.White_necked_Raven/White_Necked_Raven_0034_102598.jpg,0,2,1,1,/l/lake/natural/00002074.jpg
7092,122.Harris_Sparrow/Harris_Sparrow_0087_116490.jpg,0,2,1,1,/o/ocean/00002703.jpg
7985,136.Barn_Swallow/Barn_Swallow_0074_132094.jpg,0,2,1,1,/l/lake/natural/00001866.jpg
765,014.Indigo_Bunting/Indigo_Bunting_0010_13000.jpg,0,2,1,1,/o/ocean/00004450.jpg
7281,125.Lincoln_Sparrow/Lincoln_Sparrow_0033_117303.jpg,0,2,1,1,/o/ocean/00002822.jpg
1999,036.Northern_Flicker/Northern_Flicker_0034_28740.jpg,0,2,1,1,/o/ocean/00000417.jpg
10719,182.Yellow_Warbler/Yellow_Warbler_0017_176888.jpg,0,2,1,1,/l/lake/natural/00004841.jpg
1561,028.Brown_Creeper/Brown_Creeper_0056_24452.jpg,0,2,1,1,/o/ocean/00002815.jpg
4925,085.Horned_Lark/Horned_Lark_0026_74910.jpg,0,2,1,1,/o/ocean/00000451.jpg
11064,188.Pileated_Woodpecker/Pileated_Woodpecker_0114_180455.jpg,0,2,1,1,/o/ocean/00002503.jpg
7130,122.Harris_Sparrow/Harris_Sparrow_0033_116380.jpg,0,2,1,1,/o/ocean/00001197.jpg
10297,175.Pine_Warbler/Pine_Warbler_0075_171933.jpg,0,2,1,1,/l/lake/natural/00000137.jpg
10597,180.Wilson_Warbler/Wilson_Warbler_0002_175571.jpg,0,2,1,1,/l/lake/natural/00000072.jpg
11764,200.Common_Yellowthroat/Common_Yellowthroat_0027_190869.jpg,0,2,1,1,/o/ocean/00004084.jpg
9052,154.Red_eyed_Vireo/Red_Eyed_Vireo_0126_157179.jpg,0,2,1,1,/o/ocean/00000485.jpg
10947,186.Cedar_Waxwing/Cedar_Waxwing_0075_179114.jpg,0,2,1,1,/l/lake/natural/00000074.jpg
7335,126.Nelson_Sharp_tailed_Sparrow/Nelson_Sharp_Tailed_Sparrow_0027_118028.jpg,0,2,1,1,/l/lake/natural/00003682.jpg
7400,127.Savannah_Sparrow/Savannah_Sparrow_0115_118882.jpg,0,2,1,1,/o/ocean/00003414.jpg
9448,161.Blue_winged_Warbler/Blue_Winged_Warbler_0061_161984.jpg,0,2,1,1,/o/ocean/00004801.jpg
9343,159.Black_and_white_Warbler/Black_And_White_Warbler_0034_160695.jpg,0,2,1,1,/o/ocean/00003727.jpg
9368,160.Black_throated_Blue_Warbler/Black_Throated_Blue_Warbler_0099_161524.jpg,0,2,1,1,/o/ocean/00004418.jpg
7583,130.Tree_Sparrow/Tree_Sparrow_0042_124512.jpg,0,2,1,1,/o/ocean/00000452.jpg
4366,075.Green_Jay/Green_Jay_0132_65886.jpg,0,2,1,1,/o/ocean/00002781.jpg
7087,121.Grasshopper_Sparrow/Grasshopper_Sparrow_0101_116094.jpg,0,2,1,1,/o/ocean/00004424.jpg
6960,119.Field_Sparrow/Field_Sparrow_0038_113356.jpg,0,2,1,1,/o/ocean/00001849.jpg
6469,111.Loggerhead_Shrike/Loggerhead_Shrike_0106_105437.jpg,0,2,1,1,/l/lake/natural/00003024.jpg
976,018.Spotted_Catbird/Spotted_Catbird_0002_796827.jpg,0,2,1,1,/l/lake/natural/00004421.jpg
9637,164.Cerulean_Warbler/Cerulean_Warbler_0055_163524.jpg,0,2,1,1,/l/lake/natural/00003995.jpg
4318,075.Green_Jay/Green_Jay_0064_65552.jpg,0,2,1,1,/o/ocean/00001279.jpg
10722,183.Northern_Waterthrush/Northern_Waterthrush_0077_177152.jpg,0,2,1,1,/o/ocean/00004180.jpg
2212,039.Least_Flycatcher/Least_Flycatcher_0058_30143.jpg,0,2,1,1,/o/ocean/00002333.jpg
1655,030.Fish_Crow/Fish_Crow_0031_25909.jpg,0,2,1,1,/o/ocean/00000021.jpg
675,013.Bobolink/Bobolink_0097_10861.jpg,0,2,1,1,/l/lake/natural/00001613.jpg
7769,133.White_throated_Sparrow/White_Throated_Sparrow_0072_129203.jpg,0,2,1,1,/l/lake/natural/00001623.jpg
7454,128.Seaside_Sparrow/Seaside_Sparrow_0043_796510.jpg,0,2,1,1,/l/lake/natural/00004518.jpg
7865,134.Cape_Glossy_Starling/Cape_Glossy_Starling_0015_129266.jpg,0,2,1,1,/o/ocean/00002975.jpg
9229,157.Yellow_throated_Vireo/Yellow_Throated_Vireo_0071_159707.jpg,0,2,1,1,/o/ocean/00000420.jpg
11285,192.Downy_Woodpecker/Downy_Woodpecker_0036_184048.jpg,0,2,1,1,/l/lake/natural/00003787.jpg
4684,081.Pied_Kingfisher/Pied_Kingfisher_0054_72296.jpg,0,2,1,1,/o/ocean/00003231.jpg
2399,042.Vermilion_Flycatcher/Vermilion_Flycatcher_0028_42197.jpg,0,2,1,1,/l/lake/natural/00004506.jpg
11662,198.Rock_Wren/Rock_Wren_0104_189161.jpg,0,2,1,1,/o/ocean/00003372.jpg
869,016.Painted_Bunting/Painted_Bunting_0019_15231.jpg,0,2,1,1,/l/lake/natural/00001790.jpg
186,004.Groove_billed_Ani/Groove_Billed_Ani_0017_1561.jpg,0,2,1,1,/o/ocean/00002523.jpg
1473,027.Shiny_Cowbird/Shiny_Cowbird_0029_24372.jpg,0,2,1,1,/o/ocean/00003354.jpg
1180,022.Chuck_will_Widow/Chuck_Will_Widow_0021_796952.jpg,0,2,1,1,/o/ocean/00002194.jpg
11699,199.Winter_Wren/Winter_Wren_0090_190104.jpg,0,2,1,1,/o/ocean/00004983.jpg
10489,179.Tennessee_Warbler/Tennessee_Warbler_0039_174883.jpg,0,2,1,1,/o/ocean/00001678.jpg
5520,095.Baltimore_Oriole/Baltimore_Oriole_0076_89705.jpg,0,2,1,1,/l/lake/natural/00002078.jpg
6107,105.Whip_poor_Will/Whip_Poor_Will_0041_796428.jpg,0,2,1,1,/l/lake/natural/00003697.jpg
9535,163.Cape_May_Warbler/Cape_May_Warbler_0096_163093.jpg,0,2,1,1,/l/lake/natural/00000449.jpg
8081,138.Tree_Swallow/Tree_Swallow_0113_136849.jpg,0,2,1,1,/o/ocean/00003258.jpg
2411,043.Yellow_bellied_Flycatcher/Yellow_Bellied_Flycatcher_0013_42769.jpg,0,2,1,1,/o/ocean/00000252.jpg
8999,154.Red_eyed_Vireo/Red_Eyed_Vireo_0004_157224.jpg,0,2,1,1,/l/lake/natural/00004923.jpg
4787,082.Ringed_Kingfisher/Ringed_Kingfisher_0089_72947.jpg,0,2,1,1,/o/ocean/00000287.jpg
7904,135.Bank_Swallow/Bank_Swallow_0046_129742.jpg,0,2,1,1,/o/ocean/00002490.jpg
2804,049.Boat_tailed_Grackle/Boat_Tailed_Grackle_0069_33685.jpg,0,2,1,1,/o/ocean/00003575.jpg
9790,167.Hooded_Warbler/Hooded_Warbler_0133_165016.jpg,0,2,1,1,/o/ocean/00003861.jpg
4825,083.White_breasted_Kingfisher/White_Breasted_Kingfisher_0045_73600.jpg,0,2,1,1,/l/lake/natural/00003196.jpg
11361,193.Bewick_Wren/Bewick_Wren_0127_184756.jpg,0,2,1,1,/l/lake/natural/00004933.jpg
9985,170.Mourning_Warbler/Mourning_Warbler_0025_166608.jpg,0,2,1,1,/l/lake/natural/00003384.jpg
10384,177.Prothonotary_Warbler/Prothonotary_Warbler_0022_174138.jpg,0,2,1,1,/o/ocean/00001220.jpg
4261,074.Florida_Jay/Florida_Jay_0004_65042.jpg,0,2,1,1,/o/ocean/00002110.jpg
6707,115.Brewer_Sparrow/Brewer_Sparrow_0018_107437.jpg,0,2,1,1,/o/ocean/00002368.jpg
9267,158.Bay_breasted_Warbler/Bay_Breasted_Warbler_0068_797133.jpg,0,2,1,1,/o/ocean/00004366.jpg
9813,167.Hooded_Warbler/Hooded_Warbler_0033_165213.jpg,0,2,1,1,/l/lake/natural/00003812.jpg
2655,047.American_Goldfinch/American_Goldfinch_0084_32295.jpg,0,2,1,1,/l/lake/natural/00000307.jpg
6385,110.Geococcyx/Geococcyx_0040_104507.jpg,0,2,1,1,/l/lake/natural/00000960.jpg
1594,029.American_Crow/American_Crow_0027_25146.jpg,0,2,1,1,/l/lake/natural/00003638.jpg
1490,027.Shiny_Cowbird/Shiny_Cowbird_0018_796830.jpg,0,2,1,1,/o/ocean/00004615.jpg
6550,112.Great_Grey_Shrike/Great_Grey_Shrike_0012_106661.jpg,0,2,1,1,/o/ocean/00004493.jpg
4353,075.Green_Jay/Green_Jay_0030_65824.jpg,0,2,1,1,/l/lake/natural/00000872.jpg
8850,151.Black_capped_Vireo/Black_Capped_Vireo_0036_797475.jpg,0,2,1,1,/l/lake/natural/00003078.jpg
4004,069.Rufous_Hummingbird/Rufous_Hummingbird_0119_59681.jpg,0,2,1,1,/l/lake/natural/00003308.jpg
11467,195.Carolina_Wren/Carolina_Wren_0021_186683.jpg,0,2,1,1,/o/ocean/00001958.jpg
697,013.Bobolink/Bobolink_0049_9540.jpg,0,2,1,1,/l/lake/natural/00004638.jpg
4602,079.Belted_Kingfisher/Belted_Kingfisher_0006_70625.jpg,0,2,1,1,/o/ocean/00001569.jpg
11227,191.Red_headed_Woodpecker/Red_Headed_Woodpecker_0018_183455.jpg,0,2,1,1,/o/ocean/00003327.jpg
2363,042.Vermilion_Flycatcher/Vermilion_Flycatcher_0035_42282.jpg,0,2,1,1,/l/lake/natural/00003392.jpg
5464,094.White_breasted_Nuthatch/White_Breasted_Nuthatch_0020_86143.jpg,0,2,1,1,/l/lake/natural/00000028.jpg
5434,093.Clark_Nutcracker/Clark_Nutcracker_0078_85416.jpg,0,2,1,1,/l/lake/natural/00002842.jpg
9064,155.Warbling_Vireo/Warbling_Vireo_0018_158304.jpg,0,2,1,1,/o/ocean/00001128.jpg
8118,139.Scarlet_Tanager/Scarlet_Tanager_0099_137783.jpg,0,2,1,1,/o/ocean/00004181.jpg
11597,197.Marsh_Wren/Marsh_Wren_0080_188812.jpg,0,2,1,1,/o/ocean/00002311.jpg
8691,148.Green_tailed_Towhee/Green_Tailed_Towhee_0014_797415.jpg,0,2,1,1,/l/lake/natural/00003769.jpg
7386,126.Nelson_Sharp_tailed_Sparrow/Nelson_Sharp_Tailed_Sparrow_0041_796926.jpg,0,2,1,1,/o/ocean/00003456.jpg
9110,155.Warbling_Vireo/Warbling_Vireo_0126_158696.jpg,0,2,1,1,/o/ocean/00002728.jpg
11526,196.House_Wren/House_Wren_0137_187273.jpg,0,2,1,1,/l/lake/natural/00003286.jpg
7246,124.Le_Conte_Sparrow/Le_Conte_Sparrow_0066_795206.jpg,0,2,1,1,/l/lake/natural/00003458.jpg
9054,155.Warbling_Vireo/Warbling_Vireo_0105_158727.jpg,0,2,1,1,/o/ocean/00002064.jpg
2249,040.Olive_sided_Flycatcher/Olive_Sided_Flycatcher_0069_30544.jpg,0,2,1,1,/o/ocean/00004343.jpg
4670,080.Green_Kingfisher/Green_Kingfisher_0036_71156.jpg,0,2,1,1,/l/lake/natural/00000552.jpg
8811,150.Sage_Thrasher/Sage_Thrasher_0016_155566.jpg,0,2,1,1,/o/ocean/00001164.jpg
6785,116.Chipping_Sparrow/Chipping_Sparrow_0111_108515.jpg,0,2,1,1,/o/ocean/00003654.jpg
10242,174.Palm_Warbler/Palm_Warbler_0108_169426.jpg,0,2,1,1,/o/ocean/00003662.jpg
2362,042.Vermilion_Flycatcher/Vermilion_Flycatcher_0068_42535.jpg,0,2,1,1,/l/lake/natural/00004002.jpg
8189,140.Summer_Tanager/Summer_Tanager_0062_140633.jpg,0,2,1,1,/o/ocean/00000803.jpg
1784,032.Mangrove_Cuckoo/Mangrove_Cuckoo_0002_26410.jpg,0,2,1,1,/l/lake/natural/00000205.jpg
6530,112.Great_Grey_Shrike/Great_Grey_Shrike_0085_797037.jpg,0,2,1,1,/l/lake/natural/00004297.jpg
9586,163.Cape_May_Warbler/Cape_May_Warbler_0124_163037.jpg,0,2,1,1,/l/lake/natural/00004210.jpg
750,014.Indigo_Bunting/Indigo_Bunting_0013_12949.jpg,0,2,1,1,/l/lake/natural/00001243.jpg
7926,136.Barn_Swallow/Barn_Swallow_0038_132780.jpg,0,2,1,1,/l/lake/natural/00004798.jpg
7815,134.Cape_Glossy_Starling/Cape_Glossy_Starling_0002_129310.jpg,0,2,1,1,/l/lake/natural/00001461.jpg
7085,121.Grasshopper_Sparrow/Grasshopper_Sparrow_0011_115937.jpg,0,2,1,1,/l/lake/natural/00003621.jpg
905,017.Cardinal/Cardinal_0006_17684.jpg,0,2,1,1,/l/lake/natural/00004406.jpg
9593,164.Cerulean_Warbler/Cerulean_Warbler_0022_797189.jpg,0,2,1,1,/l/lake/natural/00000976.jpg
4367,075.Green_Jay/Green_Jay_0074_65889.jpg,0,2,1,1,/o/ocean/00003912.jpg
5610,096.Hooded_Oriole/Hooded_Oriole_0107_89985.jpg,0,2,1,1,/l/lake/natural/00004192.jpg
2260,040.Olive_sided_Flycatcher/Olive_Sided_Flycatcher_0043_30632.jpg,0,2,1,1,/o/ocean/00002115.jpg
6783,116.Chipping_Sparrow/Chipping_Sparrow_0103_109529.jpg,0,2,1,1,/o/ocean/00002561.jpg
1861,033.Yellow_billed_Cuckoo/Yellow_Billed_Cuckoo_0088_26812.jpg,0,2,1,1,/l/lake/natural/00001356.jpg
6050,104.American_Pipit/American_Pipit_0017_99902.jpg,0,2,1,1,/l/lake/natural/00003043.jpg
7148,122.Harris_Sparrow/Harris_Sparrow_0067_116707.jpg,0,2,1,1,/o/ocean/00000356.jpg
7998,137.Cliff_Swallow/Cliff_Swallow_0036_133168.jpg,0,2,1,1,/l/lake/natural/00002115.jpg
4065,070.Green_Violetear/Green_Violetear_0059_60873.jpg,0,2,1,1,/o/ocean/00001192.jpg
10052,171.Myrtle_Warbler/Myrtle_Warbler_0014_166831.jpg,0,2,1,1,/o/ocean/00000948.jpg
11258,192.Downy_Woodpecker/Downy_Woodpecker_0072_184401.jpg,0,2,1,1,/o/ocean/00004749.jpg
6342,109.American_Redstart/American_Redstart_0120_103089.jpg,0,2,1,1,/l/lake/natural/00000781.jpg
4274,074.Florida_Jay/Florida_Jay_0083_64599.jpg,0,2,1,1,/l/lake/natural/00001233.jpg
4464,077.Tropical_Kingbird/Tropical_Kingbird_0027_69735.jpg,0,2,1,1,/l/lake/natural/00004138.jpg
2020,036.Northern_Flicker/Northern_Flicker_0100_28898.jpg,0,2,1,1,/l/lake/natural/00003724.jpg
8762,149.Brown_Thrasher/Brown_Thrasher_0120_155133.jpg,0,2,1,1,/l/lake/natural/00000806.jpg
1531,028.Brown_Creeper/Brown_Creeper_0079_24647.jpg,0,2,1,1,/l/lake/natural/00004190.jpg
3171,055.Evening_Grosbeak/Evening_Grosbeak_0015_37238.jpg,0,2,1,1,/l/lake/natural/00002311.jpg
8817,150.Sage_Thrasher/Sage_Thrasher_0044_155610.jpg,0,2,1,1,/o/ocean/00000390.jpg
4600,079.Belted_Kingfisher/Belted_Kingfisher_0077_70620.jpg,0,2,1,1,/o/ocean/00004922.jpg
5487,094.White_breasted_Nuthatch/White_Breasted_Nuthatch_0090_86856.jpg,0,2,1,1,/l/lake/natural/00000540.jpg
10906,186.Cedar_Waxwing/Cedar_Waxwing_0030_178202.jpg,0,2,1,1,/o/ocean/00003599.jpg
11343,193.Bewick_Wren/Bewick_Wren_0113_185113.jpg,0,2,1,1,/o/ocean/00001860.jpg
11735,200.Common_Yellowthroat/Common_Yellowthroat_0039_190513.jpg,0,2,1,1,/l/lake/natural/00000289.jpg
886,016.Painted_Bunting/Painted_Bunting_0013_15294.jpg,0,2,1,1,/l/lake/natural/00003465.jpg
4939,085.Horned_Lark/Horned_Lark_0014_74963.jpg,0,2,1,1,/l/lake/natural/00004597.jpg
7908,135.Bank_Swallow/Bank_Swallow_0034_129496.jpg,0,2,1,1,/o/ocean/00001350.jpg
1873,033.Yellow_billed_Cuckoo/Yellow_Billed_Cuckoo_0067_26878.jpg,0,2,1,1,/l/lake/natural/00000249.jpg
7762,133.White_throated_Sparrow/White_Throated_Sparrow_0014_129148.jpg,0,2,1,1,/o/ocean/00000869.jpg
4258,074.Florida_Jay/Florida_Jay_0105_64522.jpg,0,2,1,1,/o/ocean/00001225.jpg
4666,080.Green_Kingfisher/Green_Kingfisher_0035_71133.jpg,0,2,1,1,/l/lake/natural/00000548.jpg
7849,134.Cape_Glossy_Starling/Cape_Glossy_Starling_0068_129446.jpg,0,2,1,1,/o/ocean/00000571.jpg
7756,133.White_throated_Sparrow/White_Throated_Sparrow_0076_129088.jpg,0,2,1,1,/o/ocean/00002229.jpg
10847,185.Bohemian_Waxwing/Bohemian_Waxwing_0104_177676.jpg,0,2,1,1,/l/lake/natural/00001996.jpg
10600,180.Wilson_Warbler/Wilson_Warbler_0109_175578.jpg,0,2,1,1,/l/lake/natural/00001339.jpg
9470,161.Blue_winged_Warbler/Blue_Winged_Warbler_0094_161790.jpg,0,2,1,1,/l/lake/natural/00000861.jpg
5306,091.Mockingbird/Mockingbird_0022_80552.jpg,0,2,1,1,/o/ocean/00004034.jpg
3075,054.Blue_Grosbeak/Blue_Grosbeak_0042_36742.jpg,0,2,1,1,/l/lake/natural/00000771.jpg
821,015.Lazuli_Bunting/Lazuli_Bunting_0059_14749.jpg,0,2,1,1,/o/ocean/00000714.jpg
7953,136.Barn_Swallow/Barn_Swallow_0044_132542.jpg,0,2,1,1,/o/ocean/00002495.jpg
11453,195.Carolina_Wren/Carolina_Wren_0032_186566.jpg,0,2,1,1,/l/lake/natural/00004110.jpg
1566,028.Brown_Creeper/Brown_Creeper_0051_24468.jpg,0,2,1,1,/o/ocean/00004186.jpg
8003,137.Cliff_Swallow/Cliff_Swallow_0038_133701.jpg,0,2,1,1,/l/lake/natural/00001902.jpg
2031,036.Northern_Flicker/Northern_Flicker_0131_28962.jpg,0,2,1,1,/o/ocean/00003352.jpg
4673,081.Pied_Kingfisher/Pied_Kingfisher_0132_72706.jpg,0,2,1,1,/o/ocean/00000467.jpg
1729,031.Black_billed_Cuckoo/Black_Billed_Cuckoo_0091_26246.jpg,0,2,1,1,/l/lake/natural/00003524.jpg
11310,193.Bewick_Wren/Bewick_Wren_0056_184834.jpg,0,2,1,1,/o/ocean/00001218.jpg
7753,133.White_throated_Sparrow/White_Throated_Sparrow_0109_129066.jpg,0,2,1,1,/o/ocean/00002055.jpg
11695,199.Winter_Wren/Winter_Wren_0127_190091.jpg,0,2,1,1,/o/ocean/00002769.jpg
10707,182.Yellow_Warbler/Yellow_Warbler_0029_176855.jpg,0,2,1,1,/l/lake/natural/00004858.jpg
5571,096.Hooded_Oriole/Hooded_Oriole_0006_90685.jpg,0,2,1,1,/o/ocean/00003393.jpg
9136,156.White_eyed_Vireo/White_Eyed_Vireo_0099_158933.jpg,0,2,1,1,/o/ocean/00000516.jpg
6911,119.Field_Sparrow/Field_Sparrow_0063_113667.jpg,0,2,1,1,/o/ocean/00004525.jpg
10824,184.Louisiana_Waterthrush/Louisiana_Waterthrush_0055_795280.jpg,0,2,1,1,/l/lake/natural/00003571.jpg
1648,030.Fish_Crow/Fish_Crow_0018_25879.jpg,0,2,1,1,/l/lake/natural/00003217.jpg
1497,027.Shiny_Cowbird/Shiny_Cowbird_0004_796841.jpg,0,2,1,1,/o/ocean/00001910.jpg
4262,074.Florida_Jay/Florida_Jay_0086_65025.jpg,0,2,1,1,/l/lake/natural/00004452.jpg
10290,175.Pine_Warbler/Pine_Warbler_0008_171330.jpg,0,2,1,1,/o/ocean/00003969.jpg
11420,194.Cactus_Wren/Cactus_Wren_0079_185560.jpg,0,2,1,1,/l/lake/natural/00003860.jpg
10828,184.Louisiana_Waterthrush/Louisiana_Waterthrush_0002_795285.jpg,0,2,1,1,/l/lake/natural/00003237.jpg
909,017.Cardinal/Cardinal_0041_17189.jpg,0,2,1,1,/o/ocean/00004680.jpg
472,009.Brewer_Blackbird/Brewer_Blackbird_0038_2294.jpg,0,2,1,1,/l/lake/natural/00004033.jpg
11133,190.Red_cockaded_Woodpecker/Red_Cockaded_Woodpecker_0008_794753.jpg,0,2,1,1,/o/ocean/00004611.jpg
5509,095.Baltimore_Oriole/Baltimore_Oriole_0060_89616.jpg,0,2,1,1,/l/lake/natural/00004887.jpg
649,012.Yellow_headed_Blackbird/Yellow_Headed_Blackbird_0059_8079.jpg,0,2,1,1,/o/ocean/00001176.jpg
4758,082.Ringed_Kingfisher/Ringed_Kingfisher_0078_72826.jpg,0,2,1,1,/o/ocean/00002868.jpg
9131,156.White_eyed_Vireo/White_Eyed_Vireo_0078_159382.jpg,0,2,1,1,/o/ocean/00003404.jpg
6801,117.Clay_colored_Sparrow/Clay_Colored_Sparrow_0042_797243.jpg,0,2,1,1,/o/ocean/00001228.jpg
10762,183.Northern_Waterthrush/Northern_Waterthrush_0110_177074.jpg,0,2,1,1,/l/lake/natural/00004999.jpg
752,014.Indigo_Bunting/Indigo_Bunting_0021_13979.jpg,0,2,1,1,/l/lake/natural/00004082.jpg
9580,163.Cape_May_Warbler/Cape_May_Warbler_0092_163057.jpg,0,2,1,1,/l/lake/natural/00001983.jpg
5337,092.Nighthawk/Nighthawk_0024_83519.jpg,0,2,1,1,/o/ocean/00002107.jpg
4751,082.Ringed_Kingfisher/Ringed_Kingfisher_0009_72786.jpg,0,2,1,1,/o/ocean/00002012.jpg
11374,194.Cactus_Wren/Cactus_Wren_0101_185627.jpg,0,2,1,1,/o/ocean/00002571.jpg
9768,166.Golden_winged_Warbler/Golden_Winged_Warbler_0040_164605.jpg,0,2,1,1,/l/lake/natural/00002053.jpg
10672,182.Yellow_Warbler/Yellow_Warbler_0011_176676.jpg,0,2,1,1,/o/ocean/00002675.jpg
6812,117.Clay_colored_Sparrow/Clay_Colored_Sparrow_0085_797260.jpg,0,2,1,1,/l/lake/natural/00003597.jpg
1995,036.Northern_Flicker/Northern_Flicker_0041_28697.jpg,0,2,1,1,/l/lake/natural/00003919.jpg
9615,164.Cerulean_Warbler/Cerulean_Warbler_0042_797223.jpg,0,2,1,1,/o/ocean/00002993.jpg
7174,123.Henslow_Sparrow/Henslow_Sparrow_0040_116882.jpg,0,2,1,1,/o/ocean/00000632.jpg
2293,041.Scissor_tailed_Flycatcher/Scissor_Tailed_Flycatcher_0042_41990.jpg,0,2,1,1,/l/lake/natural/00002331.jpg
9989,170.Mourning_Warbler/Mourning_Warbler_0067_795353.jpg,0,2,1,1,/l/lake/natural/00001838.jpg
11539,196.House_Wren/House_Wren_0086_187815.jpg,0,2,1,1,/o/ocean/00001097.jpg
1070,020.Yellow_breasted_Chat/Yellow_Breasted_Chat_0072_21830.jpg,0,2,1,1,/l/lake/natural/00000929.jpg
8224,140.Summer_Tanager/Summer_Tanager_0115_139253.jpg,0,2,1,1,/o/ocean/00000700.jpg
7311,125.Lincoln_Sparrow/Lincoln_Sparrow_0061_117529.jpg,0,2,1,1,/l/lake/natural/00003862.jpg
7175,123.Henslow_Sparrow/Henslow_Sparrow_0100_796565.jpg,0,2,1,1,/l/lake/natural/00001141.jpg
10062,171.Myrtle_Warbler/Myrtle_Warbler_0078_166875.jpg,0,2,1,1,/l/lake/natural/00002431.jpg
9479,162.Canada_Warbler/Canada_Warbler_0006_103959.jpg,0,2,1,1,/l/lake/natural/00003281.jpg
3131,055.Evening_Grosbeak/Evening_Grosbeak_0017_37379.jpg,0,2,1,1,/l/lake/natural/00004053.jpg
9109,155.Warbling_Vireo/Warbling_Vireo_0092_158688.jpg,0,2,1,1,/o/ocean/00004375.jpg
9215,157.Yellow_throated_Vireo/Yellow_Throated_Vireo_0002_159625.jpg,0,2,1,1,/l/lake/natural/00001508.jpg
11459,195.Carolina_Wren/Carolina_Wren_0005_186109.jpg,0,2,1,1,/l/lake/natural/00003552.jpg
7582,130.Tree_Sparrow/Tree_Sparrow_0072_123991.jpg,0,2,1,1,/l/lake/natural/00001084.jpg
3081,054.Blue_Grosbeak/Blue_Grosbeak_0049_37180.jpg,0,2,1,1,/o/ocean/00001880.jpg
10021,171.Myrtle_Warbler/Myrtle_Warbler_0039_166709.jpg,0,2,1,1,/o/ocean/00004912.jpg
3875,067.Anna_Hummingbird/Anna_Hummingbird_0053_56112.jpg,0,2,1,1,/l/lake/natural/00003645.jpg
4054,070.Green_Violetear/Green_Violetear_0034_60792.jpg,0,2,1,1,/l/lake/natural/00002882.jpg
7606,130.Tree_Sparrow/Tree_Sparrow_0088_125305.jpg,0,2,1,1,/o/ocean/00002291.jpg
7502,128.Seaside_Sparrow/Seaside_Sparrow_0038_120819.jpg,0,2,1,1,/o/ocean/00002140.jpg
198,004.Groove_billed_Ani/Groove_Billed_Ani_0075_1617.jpg,0,2,1,1,/l/lake/natural/00002088.jpg
10257,175.Pine_Warbler/Pine_Warbler_0076_172104.jpg,0,2,1,1,/l/lake/natural/00003560.jpg
11449,195.Carolina_Wren/Carolina_Wren_0028_186526.jpg,0,2,1,1,/o/ocean/00001998.jpg
517,010.Red_winged_Blackbird/Red_Winged_Blackbird_0027_4123.jpg,0,2,1,1,/l/lake/natural/00004187.jpg
10816,184.Louisiana_Waterthrush/Louisiana_Waterthrush_0094_795264.jpg,0,2,1,1,/l/lake/natural/00004438.jpg
7915,135.Bank_Swallow/Bank_Swallow_0033_129509.jpg,0,2,1,1,/o/ocean/00004809.jpg
9013,154.Red_eyed_Vireo/Red_Eyed_Vireo_0020_156875.jpg,0,2,1,1,/o/ocean/00001584.jpg
8960,153.Philadelphia_Vireo/Philadelphia_Vireo_0037_794770.jpg,0,2,1,1,/o/ocean/00003853.jpg
11253,192.Downy_Woodpecker/Downy_Woodpecker_0124_184364.jpg,0,2,1,1,/l/lake/natural/00001535.jpg
4503,078.Gray_Kingbird/Gray_Kingbird_0077_70191.jpg,0,2,1,1,/o/ocean/00004836.jpg
6760,116.Chipping_Sparrow/Chipping_Sparrow_0090_14718.jpg,0,2,1,1,/l/lake/natural/00003525.jpg
9716,166.Golden_winged_Warbler/Golden_Winged_Warbler_0075_794848.jpg,0,2,1,1,/l/lake/natural/00003700.jpg
6098,105.Whip_poor_Will/Whip_Poor_Will_0042_796419.jpg,0,2,1,1,/l/lake/natural/00001938.jpg
10161,173.Orange_crowned_Warbler/Orange_Crowned_Warbler_0048_167610.jpg,0,2,1,1,/o/ocean/00001302.jpg
3987,069.Rufous_Hummingbird/Rufous_Hummingbird_0065_58497.jpg,0,2,1,1,/o/ocean/00004254.jpg
8822,150.Sage_Thrasher/Sage_Thrasher_0026_155646.jpg,0,2,1,1,/o/ocean/00001324.jpg
9505,162.Canada_Warbler/Canada_Warbler_0114_162396.jpg,0,2,1,1,/l/lake/natural/00000742.jpg
10041,171.Myrtle_Warbler/Myrtle_Warbler_0001_166770.jpg,0,2,1,1,/o/ocean/00002587.jpg
8684,148.Green_tailed_Towhee/Green_Tailed_Towhee_0104_797403.jpg,0,2,1,1,/l/lake/natural/00002827.jpg
1782,032.Mangrove_Cuckoo/Mangrove_Cuckoo_0011_26406.jpg,0,2,1,1,/o/ocean/00004511.jpg
5984,103.Sayornis/Sayornis_0105_98853.jpg,0,2,1,1,/l/lake/natural/00004396.jpg
5538,095.Baltimore_Oriole/Baltimore_Oriole_0065_87303.jpg,0,2,1,1,/l/lake/natural/00000551.jpg
7249,124.Le_Conte_Sparrow/Le_Conte_Sparrow_0035_795214.jpg,0,2,1,1,/o/ocean/00002447.jpg
11245,191.Red_headed_Woodpecker/Red_Headed_Woodpecker_0099_183524.jpg,0,2,1,1,/o/ocean/00000461.jpg
10570,180.Wilson_Warbler/Wilson_Warbler_0024_175278.jpg,0,2,1,1,/l/lake/natural/00004790.jpg
11349,193.Bewick_Wren/Bewick_Wren_0109_185170.jpg,0,2,1,1,/o/ocean/00000922.jpg
5446,094.White_breasted_Nuthatch/White_Breasted_Nuthatch_0092_86016.jpg,0,2,1,1,/l/lake/natural/00002782.jpg
1521,027.Shiny_Cowbird/Shiny_Cowbird_0032_24284.jpg,0,2,1,1,/l/lake/natural/00004181.jpg
1190,022.Chuck_will_Widow/Chuck_Will_Widow_0015_796962.jpg,0,2,1,1,/l/lake/natural/00001366.jpg
5455,094.White_breasted_Nuthatch/White_Breasted_Nuthatch_0018_85937.jpg,0,2,1,1,/l/lake/natural/00003087.jpg
1909,034.Gray_crowned_Rosy_Finch/Gray_Crowned_Rosy_Finch_0031_797299.jpg,0,2,1,1,/o/ocean/00000395.jpg
7025,120.Fox_Sparrow/Fox_Sparrow_0081_115630.jpg,0,2,1,1,/l/lake/natural/00001955.jpg
10910,186.Cedar_Waxwing/Cedar_Waxwing_0033_178737.jpg,0,2,1,1,/l/lake/natural/00001897.jpg
6693,115.Brewer_Sparrow/Brewer_Sparrow_0070_796717.jpg,0,2,1,1,/l/lake/natural/00000790.jpg
6252,107.Common_Raven/Common_Raven_0033_101759.jpg,0,2,1,1,/l/lake/natural/00000672.jpg
1217,022.Chuck_will_Widow/Chuck_Will_Widow_0038_796989.jpg,0,2,1,1,/o/ocean/00002814.jpg
10945,186.Cedar_Waxwing/Cedar_Waxwing_0107_179098.jpg,0,2,1,1,/l/lake/natural/00002896.jpg
6917,119.Field_Sparrow/Field_Sparrow_0131_113582.jpg,0,2,1,1,/l/lake/natural/00001457.jpg
2807,049.Boat_tailed_Grackle/Boat_Tailed_Grackle_0099_33455.jpg,0,2,1,1,/l/lake/natural/00002210.jpg
7889,135.Bank_Swallow/Bank_Swallow_0059_129896.jpg,0,2,1,1,/o/ocean/00000833.jpg
9219,157.Yellow_throated_Vireo/Yellow_Throated_Vireo_0020_159634.jpg,0,2,1,1,/o/ocean/00004439.jpg
610,012.Yellow_headed_Blackbird/Yellow_Headed_Blackbird_0065_8481.jpg,0,2,1,1,/l/lake/natural/00004552.jpg
8931,152.Blue_headed_Vireo/Blue_Headed_Vireo_0103_156382.jpg,0,2,1,1,/o/ocean/00002164.jpg
9384,160.Black_throated_Blue_Warbler/Black_Throated_Blue_Warbler_0064_161656.jpg,0,2,1,1,/l/lake/natural/00003358.jpg
3136,055.Evening_Grosbeak/Evening_Grosbeak_0063_37409.jpg,0,2,1,1,/l/lake/natural/00004965.jpg
2014,036.Northern_Flicker/Northern_Flicker_0055_28344.jpg,0,2,1,1,/o/ocean/00001720.jpg
10453,178.Swainson_Warbler/Swainson_Warbler_0005_794888.jpg,0,2,1,1,/l/lake/natural/00003983.jpg
10289,175.Pine_Warbler/Pine_Warbler_0120_172340.jpg,0,2,1,1,/l/lake/natural/00000146.jpg
8140,139.Scarlet_Tanager/Scarlet_Tanager_0073_138108.jpg,0,2,1,1,/l/lake/natural/00000429.jpg
1525,028.Brown_Creeper/Brown_Creeper_0123_24589.jpg,0,2,1,1,/o/ocean/00003851.jpg
10217,174.Palm_Warbler/Palm_Warbler_0082_168709.jpg,0,2,1,1,/l/lake/natural/00003748.jpg
2450,043.Yellow_bellied_Flycatcher/Yellow_Bellied_Flycatcher_0066_795514.jpg,0,2,1,1,/l/lake/natural/00000417.jpg
10231,174.Palm_Warbler/Palm_Warbler_0034_170352.jpg,0,2,1,1,/o/ocean/00004799.jpg
9435,161.Blue_winged_Warbler/Blue_Winged_Warbler_0066_162062.jpg,0,2,1,1,/o/ocean/00001052.jpg
8040,137.Cliff_Swallow/Cliff_Swallow_0035_133097.jpg,0,2,1,1,/o/ocean/00003194.jpg
5682,097.Orchard_Oriole/Orchard_Oriole_0070_91383.jpg,0,2,1,1,/l/lake/natural/00004814.jpg
1651,030.Fish_Crow/Fish_Crow_0034_25891.jpg,0,2,1,1,/l/lake/natural/00001546.jpg
7498,128.Seaside_Sparrow/Seaside_Sparrow_0026_120798.jpg,0,2,1,1,/o/ocean/00000298.jpg
9643,164.Cerulean_Warbler/Cerulean_Warbler_0028_163302.jpg,0,2,1,1,/l/lake/natural/00002205.jpg
11266,192.Downy_Woodpecker/Downy_Woodpecker_0082_183922.jpg,0,2,1,1,/l/lake/natural/00003782.jpg
9900,169.Magnolia_Warbler/Magnolia_Warbler_0120_165462.jpg,0,2,1,1,/l/lake/natural/00000911.jpg
7026,120.Fox_Sparrow/Fox_Sparrow_0094_114634.jpg,0,2,1,1,/o/ocean/00004873.jpg
9868,168.Kentucky_Warbler/Kentucky_Warbler_0082_795869.jpg,0,2,1,1,/l/lake/natural/00003481.jpg
11197,191.Red_headed_Woodpecker/Red_Headed_Woodpecker_0034_182806.jpg,0,2,1,1,/l/lake/natural/00001348.jpg
945,017.Cardinal/Cardinal_0010_18894.jpg,0,2,1,1,/l/lake/natural/00002483.jpg
5349,092.Nighthawk/Nighthawk_0025_82808.jpg,0,2,1,1,/l/lake/natural/00001310.jpg
6313,108.White_necked_Raven/White_Necked_Raven_0016_797385.jpg,0,2,1,1,/o/ocean/00002526.jpg
3124,054.Blue_Grosbeak/Blue_Grosbeak_0002_36648.jpg,0,2,1,1,/o/ocean/00001133.jpg
6616,114.Black_throated_Sparrow/Black_Throated_Sparrow_0021_107021.jpg,0,2,1,1,/o/ocean/00003044.jpg
9137,156.White_eyed_Vireo/White_Eyed_Vireo_0018_159450.jpg,0,2,1,1,/l/lake/natural/00004013.jpg
4487,077.Tropical_Kingbird/Tropical_Kingbird_0051_69609.jpg,0,2,1,1,/l/lake/natural/00004065.jpg
724,014.Indigo_Bunting/Indigo_Bunting_0040_11805.jpg,0,2,1,1,/o/ocean/00004687.jpg
11588,197.Marsh_Wren/Marsh_Wren_0069_188776.jpg,0,2,1,1,/l/lake/natural/00004514.jpg
3291,057.Rose_breasted_Grosbeak/Rose_Breasted_Grosbeak_0025_39252.jpg,0,2,1,1,/o/ocean/00002477.jpg
8967,153.Philadelphia_Vireo/Philadelphia_Vireo_0063_794781.jpg,0,2,1,1,/l/lake/natural/00003841.jpg
11430,195.Carolina_Wren/Carolina_Wren_0130_186369.jpg,0,2,1,1,/o/ocean/00003363.jpg
10438,178.Swainson_Warbler/Swainson_Warbler_0015_794891.jpg,0,2,1,1,/o/ocean/00000387.jpg
10930,186.Cedar_Waxwing/Cedar_Waxwing_0051_178385.jpg,0,2,1,1,/o/ocean/00002230.jpg
9787,167.Hooded_Warbler/Hooded_Warbler_0072_22097.jpg,0,2,1,1,/l/lake/natural/00001385.jpg
9298,159.Black_and_white_Warbler/Black_And_White_Warbler_0111_160342.jpg,0,2,1,1,/l/lake/natural/00003226.jpg
11707,199.Winter_Wren/Winter_Wren_0141_190152.jpg,0,2,1,1,/l/lake/natural/00003431.jpg
6355,109.American_Redstart/American_Redstart_0002_103723.jpg,0,2,1,1,/l/lake/natural/00004840.jpg
786,015.Lazuli_Bunting/Lazuli_Bunting_0052_14618.jpg,0,2,1,1,/o/ocean/00004220.jpg
11504,196.House_Wren/House_Wren_0057_187157.jpg,0,2,1,1,/o/ocean/00004137.jpg
10745,183.Northern_Waterthrush/Northern_Waterthrush_0079_177008.jpg,0,2,1,1,/o/ocean/00004025.jpg
4847,083.White_breasted_Kingfisher/White_Breasted_Kingfisher_0015_73192.jpg,0,2,1,1,/o/ocean/00003846.jpg
11336,193.Bewick_Wren/Bewick_Wren_0082_185021.jpg,0,2,1,1,/o/ocean/00000019.jpg
1036,019.Gray_Catbird/Gray_Catbird_0139_21281.jpg,0,2,1,1,/o/ocean/00004667.jpg
5759,099.Ovenbird/Ovenbird_0044_92828.jpg,0,2,1,1,/l/lake/natural/00004250.jpg
5445,093.Clark_Nutcracker/Clark_Nutcracker_0113_85587.jpg,0,2,1,1,/l/lake/natural/00003137.jpg
2717,048.European_Goldfinch/European_Goldfinch_0020_794644.jpg,0,2,1,1,/o/ocean/00004149.jpg
6260,107.Common_Raven/Common_Raven_0077_101349.jpg,0,2,1,1,/l/lake/natural/00000178.jpg
7577,130.Tree_Sparrow/Tree_Sparrow_0005_122949.jpg,0,2,1,1,/l/lake/natural/00004964.jpg
1814,032.Mangrove_Cuckoo/Mangrove_Cuckoo_0017_794623.jpg,0,2,1,1,/o/ocean/00004325.jpg
8888,152.Blue_headed_Vireo/Blue_Headed_Vireo_0008_155950.jpg,0,2,1,1,/o/ocean/00003218.jpg
11646,198.Rock_Wren/Rock_Wren_0023_189075.jpg,0,2,1,1,/l/lake/natural/00000890.jpg
5585,096.Hooded_Oriole/Hooded_Oriole_0095_90337.jpg,0,2,1,1,/o/ocean/00002310.jpg
9194,157.Yellow_throated_Vireo/Yellow_Throated_Vireo_0050_794979.jpg,0,2,1,1,/o/ocean/00000762.jpg
1551,028.Brown_Creeper/Brown_Creeper_0065_24464.jpg,0,2,1,1,/l/lake/natural/00003457.jpg
11301,192.Downy_Woodpecker/Downy_Woodpecker_0048_184164.jpg,0,2,1,1,/o/ocean/00000801.jpg
9132,156.White_eyed_Vireo/White_Eyed_Vireo_0095_158886.jpg,0,2,1,1,/l/lake/natural/00001632.jpg
9069,155.Warbling_Vireo/Warbling_Vireo_0054_158321.jpg,0,2,1,1,/l/lake/natural/00001467.jpg
7573,130.Tree_Sparrow/Tree_Sparrow_0066_123569.jpg,0,2,1,1,/o/ocean/00003072.jpg
7224,124.Le_Conte_Sparrow/Le_Conte_Sparrow_0085_795167.jpg,0,2,1,1,/l/lake/natural/00003510.jpg
5660,097.Orchard_Oriole/Orchard_Oriole_0108_91530.jpg,0,2,1,1,/o/ocean/00000302.jpg
650,012.Yellow_headed_Blackbird/Yellow_Headed_Blackbird_0100_8407.jpg,0,2,1,1,/l/lake/natural/00003434.jpg
2318,041.Scissor_tailed_Flycatcher/Scissor_Tailed_Flycatcher_0082_41852.jpg,0,2,1,1,/o/ocean/00000476.jpg
5497,094.White_breasted_Nuthatch/White_Breasted_Nuthatch_0082_86435.jpg,0,2,1,1,/l/lake/natural/00000509.jpg
8157,139.Scarlet_Tanager/Scarlet_Tanager_0076_137702.jpg,0,2,1,1,/o/ocean/00002180.jpg
940,017.Cardinal/Cardinal_0095_18108.jpg,0,2,1,1,/o/ocean/00004048.jpg
2153,038.Great_Crested_Flycatcher/Great_Crested_Flycatcher_0013_29496.jpg,0,2,1,1,/l/lake/natural/00004665.jpg
10127,172.Nashville_Warbler/Nashville_Warbler_0075_167419.jpg,0,2,1,1,/o/ocean/00003790.jpg
9998,170.Mourning_Warbler/Mourning_Warbler_0047_795373.jpg,0,2,1,1,/o/ocean/00000380.jpg
5307,091.Mockingbird/Mockingbird_0064_81068.jpg,0,2,1,1,/o/ocean/00001345.jpg
4499,078.Gray_Kingbird/Gray_Kingbird_0053_70166.jpg,0,2,1,1,/l/lake/natural/00000697.jpg
1513,027.Shiny_Cowbird/Shiny_Cowbird_0080_796875.jpg,0,2,1,1,/l/lake/natural/00000215.jpg
4285,074.Florida_Jay/Florida_Jay_0097_64906.jpg,0,2,1,1,/l/lake/natural/00000041.jpg
4512,078.Gray_Kingbird/Gray_Kingbird_0054_70264.jpg,0,2,1,1,/l/lake/natural/00002955.jpg
11639,198.Rock_Wren/Rock_Wren_0036_189245.jpg,0,2,1,1,/o/ocean/00001834.jpg
10308,176.Prairie_Warbler/Prairie_Warbler_0113_172544.jpg,0,2,1,1,/l/lake/natural/00002580.jpg
7931,136.Barn_Swallow/Barn_Swallow_0003_130086.jpg,0,2,1,1,/l/lake/natural/00004080.jpg
1044,019.Gray_Catbird/Gray_Catbird_0057_20979.jpg,0,2,1,1,/o/ocean/00001352.jpg
1104,020.Yellow_breasted_Chat/Yellow_Breasted_Chat_0030_21964.jpg,0,2,1,1,/l/lake/natural/00003007.jpg
899,017.Cardinal/Cardinal_0047_17673.jpg,0,2,1,1,/l/lake/natural/00003553.jpg
7273,125.Lincoln_Sparrow/Lincoln_Sparrow_0049_117265.jpg,0,2,1,1,/l/lake/natural/00000447.jpg
11298,192.Downy_Woodpecker/Downy_Woodpecker_0004_184648.jpg,0,2,1,1,/l/lake/natural/00000869.jpg
6270,108.White_necked_Raven/White_Necked_Raven_0012_102700.jpg,0,2,1,1,/o/ocean/00003275.jpg
1659,030.Fish_Crow/Fish_Crow_0085_25919.jpg,0,2,1,1,/o/ocean/00000177.jpg
4314,074.Florida_Jay/Florida_Jay_0073_64896.jpg,0,2,1,1,/o/ocean/00000332.jpg
11595,197.Marsh_Wren/Marsh_Wren_0028_188797.jpg,0,2,1,1,/l/lake/natural/00000832.jpg
4728,081.Pied_Kingfisher/Pied_Kingfisher_0067_71641.jpg,0,2,1,1,/o/ocean/00004759.jpg
4622,080.Green_Kingfisher/Green_Kingfisher_0043_71212.jpg,0,2,1,1,/l/lake/natural/00003277.jpg
2207,039.Least_Flycatcher/Least_Flycatcher_0062_30131.jpg,0,2,1,1,/l/lake/natural/00002688.jpg
3857,067.Anna_Hummingbird/Anna_Hummingbird_0066_56486.jpg,0,2,1,1,/o/ocean/00004498.jpg
2234,040.Olive_sided_Flycatcher/Olive_Sided_Flycatcher_0025_30486.jpg,0,2,1,1,/o/ocean/00003232.jpg
2310,041.Scissor_tailed_Flycatcher/Scissor_Tailed_Flycatcher_0118_42067.jpg,0,2,1,1,/o/ocean/00004894.jpg
7338,126.Nelson_Sharp_tailed_Sparrow/Nelson_Sharp_Tailed_Sparrow_0046_118032.jpg,0,2,1,1,/l/lake/natural/00004400.jpg
10811,184.Louisiana_Waterthrush/Louisiana_Waterthrush_0007_795258.jpg,0,2,1,1,/o/ocean/00002104.jpg
9238,158.Bay_breasted_Warbler/Bay_Breasted_Warbler_0013_159787.jpg,0,2,1,1,/l/lake/natural/00000445.jpg
6747,116.Chipping_Sparrow/Chipping_Sparrow_0075_108348.jpg,0,2,1,1,/l/lake/natural/00003436.jpg
3233,056.Pine_Grosbeak/Pine_Grosbeak_0091_38811.jpg,0,2,1,1,/o/ocean/00000539.jpg
5336,092.Nighthawk/Nighthawk_0066_82238.jpg,0,2,1,1,/l/lake/natural/00004603.jpg
2436,043.Yellow_bellied_Flycatcher/Yellow_Bellied_Flycatcher_0017_795490.jpg,0,2,1,1,/l/lake/natural/00002268.jpg
10621,181.Worm_eating_Warbler/Worm_Eating_Warbler_0090_795523.jpg,0,2,1,1,/l/lake/natural/00004402.jpg
7095,122.Harris_Sparrow/Harris_Sparrow_0042_116499.jpg,0,2,1,1,/o/ocean/00004309.jpg
7963,136.Barn_Swallow/Barn_Swallow_0072_130474.jpg,0,2,1,1,/o/ocean/00001438.jpg
2077,037.Acadian_Flycatcher/Acadian_Flycatcher_0064_795584.jpg,0,2,1,1,/l/lake/natural/00001364.jpg
2452,043.Yellow_bellied_Flycatcher/Yellow_Bellied_Flycatcher_0005_42627.jpg,0,2,1,1,/o/ocean/00002643.jpg
10917,186.Cedar_Waxwing/Cedar_Waxwing_0015_178818.jpg,0,2,1,1,/l/lake/natural/00003320.jpg
11046,188.Pileated_Woodpecker/Pileated_Woodpecker_0009_180460.jpg,0,2,1,1,/o/ocean/00004613.jpg
11678,199.Winter_Wren/Winter_Wren_0038_189510.jpg,0,2,1,1,/l/lake/natural/00003599.jpg
11138,190.Red_cockaded_Woodpecker/Red_Cockaded_Woodpecker_0001_182541.jpg,0,2,1,1,/l/lake/natural/00001770.jpg
7923,135.Bank_Swallow/Bank_Swallow_0035_129528.jpg,0,2,1,1,/l/lake/natural/00000277.jpg
5387,093.Clark_Nutcracker/Clark_Nutcracker_0089_85004.jpg,0,2,1,1,/o/ocean/00002801.jpg
11608,197.Marsh_Wren/Marsh_Wren_0119_188404.jpg,0,2,1,1,/l/lake/natural/00001562.jpg
7389,127.Savannah_Sparrow/Savannah_Sparrow_0059_119810.jpg,0,2,1,1,/l/lake/natural/00003124.jpg
8873,151.Black_capped_Vireo/Black_Capped_Vireo_0019_797479.jpg,0,2,1,1,/o/ocean/00004598.jpg
9213,157.Yellow_throated_Vireo/Yellow_Throated_Vireo_0068_159620.jpg,0,2,1,1,/l/lake/natural/00000206.jpg
11325,193.Bewick_Wren/Bewick_Wren_0051_185425.jpg,0,2,1,1,/o/ocean/00001076.jpg
9847,168.Kentucky_Warbler/Kentucky_Warbler_0021_165230.jpg,0,2,1,1,/l/lake/natural/00003054.jpg
6300,108.White_necked_Raven/White_Necked_Raven_0011_797367.jpg,0,2,1,1,/l/lake/natural/00000560.jpg
10984,187.American_Three_toed_Woodpecker/American_Three_Toed_Woodpecker_0003_179891.jpg,0,2,1,1,/o/ocean/00000881.jpg
1223,022.Chuck_will_Widow/Chuck_Will_Widow_0041_796997.jpg,0,2,1,1,/l/lake/natural/00001091.jpg
6499,111.Loggerhead_Shrike/Loggerhead_Shrike_0110_105947.jpg,0,2,1,1,/l/lake/natural/00004860.jpg
4533,078.Gray_Kingbird/Gray_Kingbird_0031_70308.jpg,0,2,1,1,/o/ocean/00000751.jpg
191,004.Groove_billed_Ani/Groove_Billed_Ani_0107_1590.jpg,0,2,1,1,/o/ocean/00002389.jpg
10359,176.Prairie_Warbler/Prairie_Warbler_0126_172931.jpg,0,2,1,1,/o/ocean/00002066.jpg
4593,079.Belted_Kingfisher/Belted_Kingfisher_0058_70848.jpg,0,2,1,1,/l/lake/natural/00004715.jpg
7593,130.Tree_Sparrow/Tree_Sparrow_0058_123591.jpg,0,2,1,1,/o/ocean/00003981.jpg
6921,119.Field_Sparrow/Field_Sparrow_0067_113448.jpg,0,2,1,1,/o/ocean/00004792.jpg
9494,162.Canada_Warbler/Canada_Warbler_0013_162375.jpg,0,2,1,1,/o/ocean/00003490.jpg
7907,135.Bank_Swallow/Bank_Swallow_0029_129751.jpg,0,2,1,1,/l/lake/natural/00004319.jpg
6454,111.Loggerhead_Shrike/Loggerhead_Shrike_0115_105575.jpg,0,2,1,1,/l/lake/natural/00000410.jpg
4304,074.Florida_Jay/Florida_Jay_0009_64723.jpg,0,2,1,1,/l/lake/natural/00003105.jpg
6939,119.Field_Sparrow/Field_Sparrow_0047_113801.jpg,0,2,1,1,/l/lake/natural/00000344.jpg
7637,131.Vesper_Sparrow/Vesper_Sparrow_0083_125718.jpg,0,2,1,1,/o/ocean/00004695.jpg
7291,125.Lincoln_Sparrow/Lincoln_Sparrow_0116_117372.jpg,0,2,1,1,/o/ocean/00003858.jpg
11010,187.American_Three_toed_Woodpecker/American_Three_Toed_Woodpecker_0026_796157.jpg,0,2,1,1,/l/lake/natural/00001876.jpg
7189,123.Henslow_Sparrow/Henslow_Sparrow_0084_796587.jpg,0,2,1,1,/o/ocean/00001929.jpg
3976,069.Rufous_Hummingbird/Rufous_Hummingbird_0014_59476.jpg,0,2,1,1,/o/ocean/00003357.jpg
10480,178.Swainson_Warbler/Swainson_Warbler_0052_794875.jpg,0,2,1,1,/o/ocean/00003076.jpg
9410,160.Black_throated_Blue_Warbler/Black_Throated_Blue_Warbler_0107_161214.jpg,0,2,1,1,/l/lake/natural/00004904.jpg
5426,093.Clark_Nutcracker/Clark_Nutcracker_0033_85358.jpg,0,2,1,1,/l/lake/natural/00002197.jpg
3130,055.Evening_Grosbeak/Evening_Grosbeak_0120_37378.jpg,0,2,1,1,/o/ocean/00003002.jpg
10746,183.Northern_Waterthrush/Northern_Waterthrush_0042_177272.jpg,0,2,1,1,/l/lake/natural/00001296.jpg
4225,073.Blue_Jay/Blue_Jay_0020_63604.jpg,0,2,1,1,/o/ocean/00002494.jpg
8215,140.Summer_Tanager/Summer_Tanager_0124_139963.jpg,0,2,1,1,/l/lake/natural/00003162.jpg
7422,127.Savannah_Sparrow/Savannah_Sparrow_0035_120099.jpg,0,2,1,1,/l/lake/natural/00004471.jpg
9959,170.Mourning_Warbler/Mourning_Warbler_0066_166491.jpg,0,2,1,1,/o/ocean/00004817.jpg
2128,038.Great_Crested_Flycatcher/Great_Crested_Flycatcher_0132_29300.jpg,0,2,1,1,/o/ocean/00000620.jpg
10133,173.Orange_crowned_Warbler/Orange_Crowned_Warbler_0078_167964.jpg,0,2,1,1,/l/lake/natural/00002343.jpg
7642,131.Vesper_Sparrow/Vesper_Sparrow_0089_125705.jpg,0,2,1,1,/l/lake/natural/00002794.jpg
2131,038.Great_Crested_Flycatcher/Great_Crested_Flycatcher_0031_29825.jpg,0,2,1,1,/l/lake/natural/00004465.jpg
8777,150.Sage_Thrasher/Sage_Thrasher_0062_796462.jpg,0,2,1,1,/o/ocean/00002564.jpg
1546,028.Brown_Creeper/Brown_Creeper_0004_24851.jpg,0,2,1,1,/l/lake/natural/00002223.jpg
10137,173.Orange_crowned_Warbler/Orange_Crowned_Warbler_0117_167987.jpg,0,2,1,1,/l/lake/natural/00001919.jpg
1900,034.Gray_crowned_Rosy_Finch/Gray_Crowned_Rosy_Finch_0036_797287.jpg,0,2,1,1,/o/ocean/00003360.jpg
10094,172.Nashville_Warbler/Nashville_Warbler_0107_167186.jpg,0,2,1,1,/l/lake/natural/00004241.jpg
7709,132.White_crowned_Sparrow/White_Crowned_Sparrow_0019_127652.jpg,0,2,1,1,/l/lake/natural/00002055.jpg
1424,026.Bronzed_Cowbird/Bronzed_Cowbird_0013_24131.jpg,0,2,1,1,/l/lake/natural/00000845.jpg
9662,165.Chestnut_sided_Warbler/Chestnut_Sided_Warbler_0127_163860.jpg,0,2,1,1,/o/ocean/00000012.jpg
6511,112.Great_Grey_Shrike/Great_Grey_Shrike_0086_106533.jpg,0,2,1,1,/l/lake/natural/00001472.jpg
7852,134.Cape_Glossy_Starling/Cape_Glossy_Starling_0016_129464.jpg,0,2,1,1,/o/ocean/00002662.jpg
707,013.Bobolink/Bobolink_0021_10623.jpg,0,2,1,1,/o/ocean/00000988.jpg
7539,129.Song_Sparrow/Song_Sparrow_0037_121078.jpg,0,2,1,1,/o/ocean/00000408.jpg
10714,182.Yellow_Warbler/Yellow_Warbler_0035_176360.jpg,0,2,1,1,/l/lake/natural/00000952.jpg
8216,140.Summer_Tanager/Summer_Tanager_0044_140611.jpg,0,2,1,1,/l/lake/natural/00000335.jpg
212,004.Groove_billed_Ani/Groove_Billed_Ani_0010_1704.jpg,0,2,1,1,/l/lake/natural/00002843.jpg
7213,124.Le_Conte_Sparrow/Le_Conte_Sparrow_0006_795146.jpg,0,2,1,1,/l/lake/natural/00003796.jpg
1478,027.Shiny_Cowbird/Shiny_Cowbird_0079_24399.jpg,0,2,1,1,/l/lake/natural/00000795.jpg
508,010.Red_winged_Blackbird/Red_Winged_Blackbird_0053_4072.jpg,0,2,1,1,/o/ocean/00000874.jpg
10024,171.Myrtle_Warbler/Myrtle_Warbler_0034_166720.jpg,0,2,1,1,/o/ocean/00003927.jpg
5483,094.White_breasted_Nuthatch/White_Breasted_Nuthatch_0050_85815.jpg,0,2,1,1,/l/lake/natural/00004666.jpg
11780,200.Common_Yellowthroat/Common_Yellowthroat_0040_190427.jpg,0,2,1,1,/o/ocean/00002089.jpg
6975,120.Fox_Sparrow/Fox_Sparrow_0022_115248.jpg,0,2,1,1,/l/lake/natural/00001168.jpg
6406,110.Geococcyx/Geococcyx_0045_104166.jpg,0,2,1,1,/o/ocean/00004489.jpg
2415,043.Yellow_bellied_Flycatcher/Yellow_Bellied_Flycatcher_0040_795465.jpg,0,2,1,1,/l/lake/natural/00002894.jpg
10205,174.Palm_Warbler/Palm_Warbler_0107_170620.jpg,0,2,1,1,/o/ocean/00002773.jpg
11142,190.Red_cockaded_Woodpecker/Red_Cockaded_Woodpecker_0048_182599.jpg,0,2,1,1,/o/ocean/00003528.jpg
10689,182.Yellow_Warbler/Yellow_Warbler_0040_176954.jpg,0,2,1,1,/o/ocean/00004101.jpg
2108,037.Acadian_Flycatcher/Acadian_Flycatcher_0071_795627.jpg,0,2,1,1,/o/ocean/00000357.jpg
540,010.Red_winged_Blackbird/Red_Winged_Blackbird_0072_4338.jpg,0,2,1,1,/l/lake/natural/00001213.jpg
5272,091.Mockingbird/Mockingbird_0006_79819.jpg,0,2,1,1,/l/lake/natural/00000617.jpg
8204,140.Summer_Tanager/Summer_Tanager_0017_140173.jpg,0,2,1,1,/l/lake/natural/00000499.jpg
6498,111.Loggerhead_Shrike/Loggerhead_Shrike_0026_104898.jpg,0,2,1,1,/o/ocean/00003236.jpg
5644,097.Orchard_Oriole/Orchard_Oriole_0045_91205.jpg,0,2,1,1,/l/lake/natural/00000642.jpg
1457,026.Bronzed_Cowbird/Bronzed_Cowbird_0037_24032.jpg,0,2,1,1,/o/ocean/00000519.jpg
9245,158.Bay_breasted_Warbler/Bay_Breasted_Warbler_0065_159722.jpg,0,2,1,1,/l/lake/natural/00003543.jpg
10229,174.Palm_Warbler/Palm_Warbler_0044_169319.jpg,0,2,1,1,/l/lake/natural/00002554.jpg
4413,076.Dark_eyed_Junco/Dark_Eyed_Junco_0024_68961.jpg,0,2,1,1,/o/ocean/00004715.jpg
2005,036.Northern_Flicker/Northern_Flicker_0135_28291.jpg,0,2,1,1,/o/ocean/00001098.jpg
2678,047.American_Goldfinch/American_Goldfinch_0034_32371.jpg,0,2,1,1,/o/ocean/00001895.jpg
10534,179.Tennessee_Warbler/Tennessee_Warbler_0027_174805.jpg,0,2,1,1,/l/lake/natural/00000753.jpg
6519,112.Great_Grey_Shrike/Great_Grey_Shrike_0039_797015.jpg,0,2,1,1,/l/lake/natural/00002521.jpg
7768,133.White_throated_Sparrow/White_Throated_Sparrow_0121_129201.jpg,0,2,1,1,/l/lake/natural/00002400.jpg
876,016.Painted_Bunting/Painted_Bunting_0029_16530.jpg,0,2,1,1,/l/lake/natural/00002590.jpg
10998,187.American_Three_toed_Woodpecker/American_Three_Toed_Woodpecker_0022_179933.jpg,0,2,1,1,/l/lake/natural/00002103.jpg
2696,047.American_Goldfinch/American_Goldfinch_0064_32142.jpg,0,2,1,1,/l/lake/natural/00003884.jpg
9243,158.Bay_breasted_Warbler/Bay_Breasted_Warbler_0034_159861.jpg,0,2,1,1,/l/lake/natural/00003851.jpg
10147,173.Orange_crowned_Warbler/Orange_Crowned_Warbler_0088_168052.jpg,0,2,1,1,/o/ocean/00001029.jpg
2306,041.Scissor_tailed_Flycatcher/Scissor_Tailed_Flycatcher_0033_41782.jpg,0,2,1,1,/l/lake/natural/00003886.jpg
11249,191.Red_headed_Woodpecker/Red_Headed_Woodpecker_0107_183290.jpg,0,2,1,1,/l/lake/natural/00001280.jpg
6297,108.White_necked_Raven/White_Necked_Raven_0043_797363.jpg,0,2,1,1,/l/lake/natural/00002442.jpg
5605,096.Hooded_Oriole/Hooded_Oriole_0063_90976.jpg,0,2,1,1,/o/ocean/00001916.jpg
6551,112.Great_Grey_Shrike/Great_Grey_Shrike_0044_106851.jpg,0,2,1,1,/l/lake/natural/00000269.jpg
193,004.Groove_billed_Ani/Groove_Billed_Ani_0109_1592.jpg,0,2,1,1,/o/ocean/00001600.jpg
9773,167.Hooded_Warbler/Hooded_Warbler_0028_164883.jpg,0,2,1,1,/l/lake/natural/00002638.jpg
550,011.Rusty_Blackbird/Rusty_Blackbird_0104_6685.jpg,0,2,1,1,/l/lake/natural/00000070.jpg
4056,070.Green_Violetear/Green_Violetear_0022_60799.jpg,0,2,1,1,/l/lake/natural/00003981.jpg
3896,067.Anna_Hummingbird/Anna_Hummingbird_0119_56309.jpg,0,2,1,1,/l/lake/natural/00002869.jpg
4735,082.Ringed_Kingfisher/Ringed_Kingfisher_0012_72974.jpg,0,2,1,1,/o/ocean/00001401.jpg
1644,030.Fish_Crow/Fish_Crow_0059_25864.jpg,0,2,1,1,/l/lake/natural/00004031.jpg
6577,113.Baird_Sparrow/Baird_Sparrow_0042_794560.jpg,0,2,1,1,/o/ocean/00004636.jpg
2321,041.Scissor_tailed_Flycatcher/Scissor_Tailed_Flycatcher_0006_41601.jpg,0,2,1,1,/o/ocean/00000841.jpg
6468,111.Loggerhead_Shrike/Loggerhead_Shrike_0118_105157.jpg,0,2,1,1,/l/lake/natural/00002639.jpg
7705,132.White_crowned_Sparrow/White_Crowned_Sparrow_0043_127096.jpg,0,2,1,1,/l/lake/natural/00002893.jpg
7492,128.Seaside_Sparrow/Seaside_Sparrow_0032_120767.jpg,0,2,1,1,/o/ocean/00002062.jpg
9918,169.Magnolia_Warbler/Magnolia_Warbler_0051_165646.jpg,0,2,1,1,/o/ocean/00001751.jpg
4800,083.White_breasted_Kingfisher/White_Breasted_Kingfisher_0071_73236.jpg,0,2,1,1,/o/ocean/00001442.jpg
5741,098.Scott_Oriole/Scott_Oriole_0036_795850.jpg,0,2,1,1,/o/ocean/00002209.jpg
896,017.Cardinal/Cardinal_0038_19203.jpg,0,2,1,1,/l/lake/natural/00000376.jpg
10251,175.Pine_Warbler/Pine_Warbler_0005_171548.jpg,0,2,1,1,/l/lake/natural/00002247.jpg
5795,099.Ovenbird/Ovenbird_0101_93104.jpg,0,2,1,1,/l/lake/natural/00002264.jpg
11620,198.Rock_Wren/Rock_Wren_0078_188960.jpg,0,2,1,1,/o/ocean/00000071.jpg
4566,079.Belted_Kingfisher/Belted_Kingfisher_0019_70744.jpg,0,2,1,1,/o/ocean/00002721.jpg
3154,055.Evening_Grosbeak/Evening_Grosbeak_0098_37532.jpg,0,2,1,1,/o/ocean/00001237.jpg
6056,104.American_Pipit/American_Pipit_0059_99628.jpg,0,2,1,1,/l/lake/natural/00003248.jpg
5791,099.Ovenbird/Ovenbird_0094_92577.jpg,0,2,1,1,/l/lake/natural/00001640.jpg
11779,200.Common_Yellowthroat/Common_Yellowthroat_0070_190678.jpg,0,2,1,1,/l/lake/natural/00004345.jpg
731,014.Indigo_Bunting/Indigo_Bunting_0027_11579.jpg,0,2,1,1,/l/lake/natural/00003206.jpg
4377,076.Dark_eyed_Junco/Dark_Eyed_Junco_0106_68139.jpg,0,2,1,1,/l/lake/natural/00003960.jpg
6870,118.House_Sparrow/House_Sparrow_0084_111300.jpg,0,2,1,1,/l/lake/natural/00004575.jpg
1077,020.Yellow_breasted_Chat/Yellow_Breasted_Chat_0002_21819.jpg,0,2,1,1,/l/lake/natural/00001218.jpg
6793,117.Clay_colored_Sparrow/Clay_Colored_Sparrow_0072_110851.jpg,0,2,1,1,/o/ocean/00002800.jpg
6112,105.Whip_poor_Will/Whip_Poor_Will_0019_796433.jpg,0,2,1,1,/l/lake/natural/00002631.jpg
10239,174.Palm_Warbler/Palm_Warbler_0005_169918.jpg,0,2,1,1,/l/lake/natural/00004718.jpg
1871,033.Yellow_billed_Cuckoo/Yellow_Billed_Cuckoo_0029_26865.jpg,0,2,1,1,/o/ocean/00001484.jpg
7785,133.White_throated_Sparrow/White_Throated_Sparrow_0038_128853.jpg,0,2,1,1,/o/ocean/00000503.jpg
1011,019.Gray_Catbird/Gray_Catbird_0028_20598.jpg,0,2,1,1,/l/lake/natural/00004472.jpg
739,014.Indigo_Bunting/Indigo_Bunting_0016_13661.jpg,0,2,1,1,/l/lake/natural/00002460.jpg
2789,049.Boat_tailed_Grackle/Boat_Tailed_Grackle_0087_33369.jpg,0,2,1,1,/l/lake/natural/00002539.jpg
8210,140.Summer_Tanager/Summer_Tanager_0069_139941.jpg,0,2,1,1,/o/ocean/00000517.jpg
10937,186.Cedar_Waxwing/Cedar_Waxwing_0070_179007.jpg,0,2,1,1,/o/ocean/00000973.jpg
1910,034.Gray_crowned_Rosy_Finch/Gray_Crowned_Rosy_Finch_0029_797300.jpg,0,2,1,1,/l/lake/natural/00001625.jpg
1612,029.American_Crow/American_Crow_0050_25255.jpg,0,2,1,1,/l/lake/natural/00004687.jpg
2394,042.Vermilion_Flycatcher/Vermilion_Flycatcher_0043_42182.jpg,0,2,1,1,/o/ocean/00001555.jpg
4488,077.Tropical_Kingbird/Tropical_Kingbird_0043_69613.jpg,0,2,1,1,/o/ocean/00003520.jpg
11284,192.Downy_Woodpecker/Downy_Woodpecker_0029_184046.jpg,0,2,1,1,/l/lake/natural/00003964.jpg
7083,121.Grasshopper_Sparrow/Grasshopper_Sparrow_0051_115923.jpg,0,2,1,1,/o/ocean/00002432.jpg
1593,029.American_Crow/American_Crow_0021_25137.jpg,0,2,1,1,/o/ocean/00004179.jpg
5453,094.White_breasted_Nuthatch/White_Breasted_Nuthatch_0086_86553.jpg,0,2,1,1,/o/ocean/00003696.jpg
7727,132.White_crowned_Sparrow/White_Crowned_Sparrow_0040_127313.jpg,0,2,1,1,/l/lake/natural/00001896.jpg
9732,166.Golden_winged_Warbler/Golden_Winged_Warbler_0034_794800.jpg,0,2,1,1,/l/lake/natural/00003920.jpg
5602,096.Hooded_Oriole/Hooded_Oriole_0129_90441.jpg,0,2,1,1,/l/lake/natural/00000650.jpg
6359,109.American_Redstart/American_Redstart_0097_103238.jpg,0,2,1,1,/o/ocean/00003011.jpg
2092,037.Acadian_Flycatcher/Acadian_Flycatcher_0060_795604.jpg,0,2,1,1,/l/lake/natural/00003968.jpg
892,016.Painted_Bunting/Painted_Bunting_0032_16605.jpg,0,2,1,1,/l/lake/natural/00001808.jpg
9976,170.Mourning_Warbler/Mourning_Warbler_0077_166567.jpg,0,2,1,1,/o/ocean/00004849.jpg
6072,104.American_Pipit/American_Pipit_0001_100225.jpg,0,2,1,1,/o/ocean/00001411.jpg
9258,158.Bay_breasted_Warbler/Bay_Breasted_Warbler_0007_797118.jpg,0,2,1,1,/l/lake/natural/00002288.jpg
4231,073.Blue_Jay/Blue_Jay_0031_62913.jpg,0,2,1,1,/l/lake/natural/00003090.jpg
8862,151.Black_capped_Vireo/Black_Capped_Vireo_0017_797492.jpg,0,2,1,1,/l/lake/natural/00001789.jpg
4247,073.Blue_Jay/Blue_Jay_0076_61817.jpg,0,2,1,1,/l/lake/natural/00004431.jpg
1845,033.Yellow_billed_Cuckoo/Yellow_Billed_Cuckoo_0077_26431.jpg,0,2,1,1,/o/ocean/00001542.jpg
11631,198.Rock_Wren/Rock_Wren_0037_189256.jpg,0,2,1,1,/l/lake/natural/00003805.jpg
6576,113.Baird_Sparrow/Baird_Sparrow_0023_794559.jpg,0,2,1,1,/o/ocean/00002887.jpg
8926,152.Blue_headed_Vireo/Blue_Headed_Vireo_0115_156099.jpg,0,2,1,1,/o/ocean/00001764.jpg
4909,085.Horned_Lark/Horned_Lark_0065_74279.jpg,0,2,1,1,/l/lake/natural/00002077.jpg
5529,095.Baltimore_Oriole/Baltimore_Oriole_0074_87214.jpg,0,2,1,1,/l/lake/natural/00001605.jpg
6232,107.Common_Raven/Common_Raven_0093_102058.jpg,0,2,1,1,/o/ocean/00000524.jpg
11693,199.Winter_Wren/Winter_Wren_0110_189569.jpg,0,2,1,1,/l/lake/natural/00003835.jpg
10646,181.Worm_eating_Warbler/Worm_Eating_Warbler_0042_795571.jpg,0,2,1,1,/l/lake/natural/00004432.jpg
7692,132.White_crowned_Sparrow/White_Crowned_Sparrow_0116_127512.jpg,0,2,1,1,/l/lake/natural/00000370.jpg
6013,103.Sayornis/Sayornis_0125_98528.jpg,0,2,1,1,/l/lake/natural/00003294.jpg
9473,162.Canada_Warbler/Canada_Warbler_0115_162309.jpg,0,2,1,1,/l/lake/natural/00000090.jpg
10779,183.Northern_Waterthrush/Northern_Waterthrush_0058_177143.jpg,0,2,1,1,/l/lake/natural/00001237.jpg
6851,118.House_Sparrow/House_Sparrow_0134_112644.jpg,0,2,1,1,/l/lake/natural/00003956.jpg
1492,027.Shiny_Cowbird/Shiny_Cowbird_0081_796833.jpg,0,2,1,1,/o/ocean/00004132.jpg
9472,162.Canada_Warbler/Canada_Warbler_0119_162307.jpg,0,2,1,1,/o/ocean/00002913.jpg
644,012.Yellow_headed_Blackbird/Yellow_Headed_Blackbird_0085_8363.jpg,0,2,1,1,/o/ocean/00002590.jpg
831,015.Lazuli_Bunting/Lazuli_Bunting_0042_14820.jpg,0,2,1,1,/l/lake/natural/00000118.jpg
10367,176.Prairie_Warbler/Prairie_Warbler_0014_172542.jpg,0,2,1,1,/l/lake/natural/00003302.jpg
6609,113.Baird_Sparrow/Baird_Sparrow_0050_787316.jpg,0,2,1,1,/o/ocean/00004538.jpg
7292,125.Lincoln_Sparrow/Lincoln_Sparrow_0035_117383.jpg,0,2,1,1,/o/ocean/00003796.jpg
7681,131.Vesper_Sparrow/Vesper_Sparrow_0030_125663.jpg,0,2,1,1,/o/ocean/00001208.jpg
4492,077.Tropical_Kingbird/Tropical_Kingbird_0079_69371.jpg,0,2,1,1,/o/ocean/00003105.jpg
190,004.Groove_billed_Ani/Groove_Billed_Ani_0031_1588.jpg,0,2,1,1,/l/lake/natural/00001839.jpg
5692,098.Scott_Oriole/Scott_Oriole_0079_92248.jpg,0,2,1,1,/o/ocean/00003065.jpg
1715,031.Black_billed_Cuckoo/Black_Billed_Cuckoo_0015_26208.jpg,0,2,1,1,/o/ocean/00000427.jpg
9623,164.Cerulean_Warbler/Cerulean_Warbler_0024_163406.jpg,0,2,1,1,/o/ocean/00000768.jpg
615,012.Yellow_headed_Blackbird/Yellow_Headed_Blackbird_0009_8248.jpg,0,2,1,1,/o/ocean/00004740.jpg
9520,162.Canada_Warbler/Canada_Warbler_0090_162432.jpg,0,2,1,1,/o/ocean/00000703.jpg
2474,044.Frigatebird/Frigatebird_0074_43035.jpg,1,2,0,2,/b/bamboo_forest/00002765.jpg
8412,144.Common_Tern/Common_Tern_0075_148528.jpg,1,2,0,2,/b/bamboo_forest/00004149.jpg
6195,106.Horned_Puffin/Horned_Puffin_0045_100803.jpg,1,2,0,2,/b/bamboo_forest/00000303.jpg
2873,050.Eared_Grebe/Eared_Grebe_0054_34289.jpg,1,2,0,2,/f/forest/broadleaf/00003920.jpg
3668,064.Ring_billed_Gull/Ring_Billed_Gull_0079_51206.jpg,1,2,0,2,/f/forest/broadleaf/00000985.jpg
2898,051.Horned_Grebe/Horned_Grebe_0057_34590.jpg,1,2,0,2,/b/bamboo_forest/00002488.jpg
2640,046.Gadwall/Gadwall_0025_30933.jpg,1,2,0,2,/b/bamboo_forest/00004597.jpg
5203,089.Hooded_Merganser/Hooded_Merganser_0063_79064.jpg,1,2,0,2,/b/bamboo_forest/00000115.jpg
5259,090.Red_breasted_Merganser/Red_Breasted_Merganser_0009_79576.jpg,1,2,0,2,/b/bamboo_forest/00001933.jpg
5808,100.Brown_Pelican/Brown_Pelican_0115_93731.jpg,1,2,0,2,/b/bamboo_forest/00004678.jpg
240,005.Crested_Auklet/Crested_Auklet_0042_794902.jpg,1,2,0,2,/b/bamboo_forest/00003661.jpg
1372,025.Pelagic_Cormorant/Pelagic_Cormorant_0003_23695.jpg,1,2,0,2,/b/bamboo_forest/00002912.jpg
2901,051.Horned_Grebe/Horned_Grebe_0106_35112.jpg,1,2,0,2,/b/bamboo_forest/00000651.jpg
2556,045.Northern_Fulmar/Northern_Fulmar_0008_43647.jpg,1,2,0,2,/b/bamboo_forest/00002724.jpg
2974,052.Pied_billed_Grebe/Pied_Billed_Grebe_0053_35262.jpg,1,2,0,2,/b/bamboo_forest/00002969.jpg
3814,066.Western_Gull/Western_Gull_0066_54105.jpg,1,2,0,2,/f/forest/broadleaf/00004884.jpg
3376,059.California_Gull/California_Gull_0039_41034.jpg,1,2,0,2,/f/forest/broadleaf/00003292.jpg
3356,058.Pigeon_Guillemot/Pigeon_Guillemot_0029_39889.jpg,1,2,0,2,/f/forest/broadleaf/00004542.jpg
5078,087.Mallard/Mallard_0046_76165.jpg,1,2,0,2,/f/forest/broadleaf/00004328.jpg
3619,063.Ivory_Gull/Ivory_Gull_0085_49456.jpg,1,2,0,2,/f/forest/broadleaf/00000832.jpg
4120,071.Long_tailed_Jaeger/Long_Tailed_Jaeger_0016_797084.jpg,1,2,0,2,/f/forest/broadleaf/00003039.jpg
6164,106.Horned_Puffin/Horned_Puffin_0059_100925.jpg,1,2,0,2,/f/forest/broadleaf/00003389.jpg
2908,051.Horned_Grebe/Horned_Grebe_0067_34654.jpg,1,2,0,2,/b/bamboo_forest/00000913.jpg
3622,063.Ivory_Gull/Ivory_Gull_0118_49191.jpg,1,2,0,2,/b/bamboo_forest/00002754.jpg
5818,100.Brown_Pelican/Brown_Pelican_0075_95357.jpg,1,2,0,2,/b/bamboo_forest/00002747.jpg
3406,059.California_Gull/California_Gull_0001_40786.jpg,1,2,0,2,/f/forest/broadleaf/00001053.jpg
4874,084.Red_legged_Kittiwake/Red_Legged_Kittiwake_0014_795432.jpg,1,2,0,2,/b/bamboo_forest/00003159.jpg
5927,102.Western_Wood_Pewee/Western_Wood_Pewee_0037_98127.jpg,1,2,0,2,/f/forest/broadleaf/00002082.jpg
5100,088.Western_Meadowlark/Western_Meadowlark_0019_77876.jpg,1,2,0,2,/f/forest/broadleaf/00004926.jpg
2569,045.Northern_Fulmar/Northern_Fulmar_0016_43958.jpg,1,2,0,2,/f/forest/broadleaf/00002948.jpg
2918,051.Horned_Grebe/Horned_Grebe_0063_34966.jpg,1,2,0,2,/f/forest/broadleaf/00000498.jpg
8308,142.Black_Tern/Black_Tern_0023_143985.jpg,1,2,0,2,/f/forest/broadleaf/00004594.jpg
1281,023.Brandt_Cormorant/Brandt_Cormorant_0088_22948.jpg,1,2,0,2,/b/bamboo_forest/00002123.jpg
3448,060.Glaucous_winged_Gull/Glaucous_Winged_Gull_0094_44696.jpg,1,2,0,2,/b/bamboo_forest/00000379.jpg
5817,100.Brown_Pelican/Brown_Pelican_0066_94840.jpg,1,2,0,2,/b/bamboo_forest/00001464.jpg
3623,063.Ivory_Gull/Ivory_Gull_0024_49195.jpg,1,2,0,2,/f/forest/broadleaf/00000486.jpg
6199,106.Horned_Puffin/Horned_Puffin_0073_100830.jpg,1,2,0,2,/b/bamboo_forest/00000903.jpg
3037,053.Western_Grebe/Western_Grebe_0044_36188.jpg,1,2,0,2,/f/forest/broadleaf/00003592.jpg
8346,143.Caspian_Tern/Caspian_Tern_0097_145923.jpg,1,2,0,2,/f/forest/broadleaf/00000238.jpg
5813,100.Brown_Pelican/Brown_Pelican_0110_93622.jpg,1,2,0,2,/b/bamboo_forest/00002864.jpg
1159,021.Eastern_Towhee/Eastern_Towhee_0022_22279.jpg,1,2,0,2,/f/forest/broadleaf/00001064.jpg
4169,072.Pomarine_Jaeger/Pomarine_Jaeger_0011_795777.jpg,1,2,0,2,/f/forest/broadleaf/00002417.jpg
259,005.Crested_Auklet/Crested_Auklet_0074_794949.jpg,1,2,0,2,/b/bamboo_forest/00004813.jpg
3433,060.Glaucous_winged_Gull/Glaucous_Winged_Gull_0035_44576.jpg,1,2,0,2,/b/bamboo_forest/00001962.jpg
1116,021.Eastern_Towhee/Eastern_Towhee_0122_22538.jpg,1,2,0,2,/b/bamboo_forest/00003688.jpg
2866,050.Eared_Grebe/Eared_Grebe_0048_34175.jpg,1,2,0,2,/b/bamboo_forest/00002985.jpg
8424,144.Common_Tern/Common_Tern_0027_150113.jpg,1,2,0,2,/f/forest/broadleaf/00004390.jpg
1356,025.Pelagic_Cormorant/Pelagic_Cormorant_0071_23964.jpg,1,2,0,2,/f/forest/broadleaf/00002411.jpg
8386,143.Caspian_Tern/Caspian_Tern_0106_147645.jpg,1,2,0,2,/b/bamboo_forest/00003202.jpg
1394,025.Pelagic_Cormorant/Pelagic_Cormorant_0098_23783.jpg,1,2,0,2,/b/bamboo_forest/00002136.jpg
3057,053.Western_Grebe/Western_Grebe_0103_36515.jpg,1,2,0,2,/f/forest/broadleaf/00000966.jpg
1397,025.Pelagic_Cormorant/Pelagic_Cormorant_0033_23530.jpg,1,2,0,2,/b/bamboo_forest/00004421.jpg
8360,143.Caspian_Tern/Caspian_Tern_0041_144964.jpg,1,2,0,2,/f/forest/broadleaf/00000158.jpg
8420,144.Common_Tern/Common_Tern_0037_148048.jpg,1,2,0,2,/f/forest/broadleaf/00000798.jpg
3358,058.Pigeon_Guillemot/Pigeon_Guillemot_0007_40313.jpg,1,2,0,2,/f/forest/broadleaf/00002818.jpg
3577,062.Herring_Gull/Herring_Gull_0098_46971.jpg,1,2,0,2,/f/forest/broadleaf/00004364.jpg
3494,061.Heermann_Gull/Heermann_Gull_0059_45642.jpg,1,2,0,2,/b/bamboo_forest/00003266.jpg
8365,143.Caspian_Tern/Caspian_Tern_0060_146007.jpg,1,2,0,2,/f/forest/broadleaf/00004274.jpg
8334,142.Black_Tern/Black_Tern_0012_144091.jpg,1,2,0,2,/f/forest/broadleaf/00003684.jpg
8538,146.Forsters_Tern/Forsters_Tern_0049_151631.jpg,1,2,0,2,/b/bamboo_forest/00003062.jpg
5848,100.Brown_Pelican/Brown_Pelican_0051_94578.jpg,1,2,0,2,/b/bamboo_forest/00000498.jpg
2975,052.Pied_billed_Grebe/Pied_Billed_Grebe_0020_35958.jpg,1,2,0,2,/f/forest/broadleaf/00004136.jpg
5049,087.Mallard/Mallard_0048_76995.jpg,1,2,0,2,/b/bamboo_forest/00000666.jpg
4870,084.Red_legged_Kittiwake/Red_Legged_Kittiwake_0059_795424.jpg,1,2,0,2,/b/bamboo_forest/00001837.jpg
8404,144.Common_Tern/Common_Tern_0040_147973.jpg,1,2,0,2,/f/forest/broadleaf/00002524.jpg
2869,050.Eared_Grebe/Eared_Grebe_0047_34204.jpg,1,2,0,2,/f/forest/broadleaf/00002460.jpg
5169,089.Hooded_Merganser/Hooded_Merganser_0046_796764.jpg,1,2,0,2,/b/bamboo_forest/00001409.jpg
5055,087.Mallard/Mallard_0028_76010.jpg,1,2,0,2,/f/forest/broadleaf/00003441.jpg
5012,086.Pacific_Loon/Pacific_Loon_0069_75446.jpg,1,2,0,2,/b/bamboo_forest/00003168.jpg
3698,064.Ring_billed_Gull/Ring_Billed_Gull_0128_51403.jpg,1,2,0,2,/b/bamboo_forest/00004796.jpg
2904,051.Horned_Grebe/Horned_Grebe_0061_34613.jpg,1,2,0,2,/b/bamboo_forest/00000756.jpg
5031,087.Mallard/Mallard_0115_76840.jpg,1,2,0,2,/f/forest/broadleaf/00002577.jpg
5119,088.Western_Meadowlark/Western_Meadowlark_0083_78197.jpg,1,2,0,2,/b/bamboo_forest/00002775.jpg
365,007.Parakeet_Auklet/Parakeet_Auklet_0075_795981.jpg,1,2,0,2,/f/forest/broadleaf/00004472.jpg
2548,045.Northern_Fulmar/Northern_Fulmar_0097_43865.jpg,1,2,0,2,/b/bamboo_forest/00004896.jpg
2609,046.Gadwall/Gadwall_0014_31570.jpg,1,2,0,2,/b/bamboo_forest/00002832.jpg
4995,086.Pacific_Loon/Pacific_Loon_0053_77673.jpg,1,2,0,2,/f/forest/broadleaf/00002012.jpg
3735,065.Slaty_backed_Gull/Slaty_Backed_Gull_0015_796004.jpg,1,2,0,2,/b/bamboo_forest/00003088.jpg
2858,050.Eared_Grebe/Eared_Grebe_0081_34153.jpg,1,2,0,2,/f/forest/broadleaf/00004810.jpg
8590,147.Least_Tern/Least_Tern_0007_153661.jpg,1,2,0,2,/b/bamboo_forest/00003984.jpg
175,003.Sooty_Albatross/Sooty_Albatross_0002_796395.jpg,1,2,0,2,/b/bamboo_forest/00000629.jpg
5885,101.White_Pelican/White_Pelican_0083_95840.jpg,1,2,0,2,/f/forest/broadleaf/00002969.jpg
3554,062.Herring_Gull/Herring_Gull_0012_46654.jpg,1,2,0,2,/b/bamboo_forest/00004552.jpg
8254,141.Artic_Tern/Artic_Tern_0117_143394.jpg,1,2,0,2,/b/bamboo_forest/00001169.jpg
271,005.Crested_Auklet/Crested_Auklet_0068_785253.jpg,1,2,0,2,/b/bamboo_forest/00000659.jpg
1317,024.Red_faced_Cormorant/Red_Faced_Cormorant_0039_796308.jpg,1,2,0,2,/b/bamboo_forest/00003393.jpg
4856,084.Red_legged_Kittiwake/Red_Legged_Kittiwake_0050_795397.jpg,1,2,0,2,/f/forest/broadleaf/00001443.jpg
5002,086.Pacific_Loon/Pacific_Loon_0040_75414.jpg,1,2,0,2,/f/forest/broadleaf/00000619.jpg
2852,050.Eared_Grebe/Eared_Grebe_0060_34133.jpg,1,2,0,2,/b/bamboo_forest/00004366.jpg
3053,053.Western_Grebe/Western_Grebe_0051_36249.jpg,1,2,0,2,/b/bamboo_forest/00003271.jpg
3633,063.Ivory_Gull/Ivory_Gull_0014_48983.jpg,1,2,0,2,/b/bamboo_forest/00000194.jpg
5952,102.Western_Wood_Pewee/Western_Wood_Pewee_0022_795058.jpg,1,2,0,2,/b/bamboo_forest/00004873.jpg
5137,088.Western_Meadowlark/Western_Meadowlark_0029_78832.jpg,1,2,0,2,/f/forest/broadleaf/00000179.jpg
4884,084.Red_legged_Kittiwake/Red_Legged_Kittiwake_0028_795450.jpg,1,2,0,2,/f/forest/broadleaf/00004351.jpg
3760,065.Slaty_backed_Gull/Slaty_Backed_Gull_0050_796045.jpg,1,2,0,2,/b/bamboo_forest/00003802.jpg
2920,051.Horned_Grebe/Horned_Grebe_0085_34713.jpg,1,2,0,2,/b/bamboo_forest/00001065.jpg
1335,024.Red_faced_Cormorant/Red_Faced_Cormorant_0066_796333.jpg,1,2,0,2,/f/forest/broadleaf/00001890.jpg
3604,062.Herring_Gull/Herring_Gull_0102_48078.jpg,1,2,0,2,/b/bamboo_forest/00001256.jpg
5814,100.Brown_Pelican/Brown_Pelican_0097_93767.jpg,1,2,0,2,/f/forest/broadleaf/00002359.jpg
3032,053.Western_Grebe/Western_Grebe_0081_36578.jpg,1,2,0,2,/f/forest/broadleaf/00004431.jpg
1119,021.Eastern_Towhee/Eastern_Towhee_0048_22557.jpg,1,2,0,2,/f/forest/broadleaf/00002288.jpg
4185,072.Pomarine_Jaeger/Pomarine_Jaeger_0062_61351.jpg,1,2,0,2,/f/forest/broadleaf/00002657.jpg
5072,087.Mallard/Mallard_0067_77623.jpg,1,2,0,2,/f/forest/broadleaf/00000114.jpg
8375,143.Caspian_Tern/Caspian_Tern_0113_146828.jpg,1,2,0,2,/f/forest/broadleaf/00004179.jpg
2992,052.Pied_billed_Grebe/Pied_Billed_Grebe_0030_35498.jpg,1,2,0,2,/b/bamboo_forest/00002779.jpg
8333,142.Black_Tern/Black_Tern_0098_144089.jpg,1,2,0,2,/f/forest/broadleaf/00004271.jpg
1257,023.Brandt_Cormorant/Brandt_Cormorant_0028_22892.jpg,1,2,0,2,/f/forest/broadleaf/00002062.jpg
3704,064.Ring_billed_Gull/Ring_Billed_Gull_0007_51430.jpg,1,2,0,2,/f/forest/broadleaf/00004909.jpg
3581,062.Herring_Gull/Herring_Gull_0058_47383.jpg,1,2,0,2,/f/forest/broadleaf/00004491.jpg
8228,141.Artic_Tern/Artic_Tern_0035_143366.jpg,1,2,0,2,/b/bamboo_forest/00000258.jpg
4182,072.Pomarine_Jaeger/Pomarine_Jaeger_0059_61347.jpg,1,2,0,2,/b/bamboo_forest/00000775.jpg
2481,044.Frigatebird/Frigatebird_0034_43053.jpg,1,2,0,2,/f/forest/broadleaf/00003354.jpg
2491,044.Frigatebird/Frigatebird_0023_43110.jpg,1,2,0,2,/f/forest/broadleaf/00003744.jpg
133,003.Sooty_Albatross/Sooty_Albatross_0054_796347.jpg,1,2,0,2,/f/forest/broadleaf/00001915.jpg
5084,087.Mallard/Mallard_0081_76266.jpg,1,2,0,2,/b/bamboo_forest/00004857.jpg
2618,046.Gadwall/Gadwall_0028_31623.jpg,1,2,0,2,/b/bamboo_forest/00003588.jpg
5061,087.Mallard/Mallard_0089_77068.jpg,1,2,0,2,/f/forest/broadleaf/00001675.jpg
3408,059.California_Gull/California_Gull_0081_41318.jpg,1,2,0,2,/b/bamboo_forest/00000541.jpg
8332,142.Black_Tern/Black_Tern_0102_144344.jpg,1,2,0,2,/b/bamboo_forest/00004765.jpg
8393,143.Caspian_Tern/Caspian_Tern_0067_145107.jpg,1,2,0,2,/f/forest/broadleaf/00004683.jpg
2617,046.Gadwall/Gadwall_0047_31360.jpg,1,2,0,2,/f/forest/broadleaf/00004519.jpg
5009,086.Pacific_Loon/Pacific_Loon_0032_75441.jpg,1,2,0,2,/b/bamboo_forest/00003028.jpg
371,007.Parakeet_Auklet/Parakeet_Auklet_0034_795994.jpg,1,2,0,2,/b/bamboo_forest/00000837.jpg
6150,106.Horned_Puffin/Horned_Puffin_0074_100886.jpg,1,2,0,2,/f/forest/broadleaf/00003589.jpg
1240,023.Brandt_Cormorant/Brandt_Cormorant_0018_23090.jpg,1,2,0,2,/f/forest/broadleaf/00001453.jpg
8248,141.Artic_Tern/Artic_Tern_0060_141955.jpg,1,2,0,2,/b/bamboo_forest/00003764.jpg
5229,090.Red_breasted_Merganser/Red_Breasted_Merganser_0014_79205.jpg,1,2,0,2,/f/forest/broadleaf/00003115.jpg
2547,045.Northern_Fulmar/Northern_Fulmar_0091_44120.jpg,1,2,0,2,/b/bamboo_forest/00003871.jpg
2631,046.Gadwall/Gadwall_0055_30912.jpg,1,2,0,2,/b/bamboo_forest/00004937.jpg
5081,087.Mallard/Mallard_0138_76735.jpg,1,2,0,2,/b/bamboo_forest/00003211.jpg
1262,023.Brandt_Cormorant/Brandt_Cormorant_0026_22913.jpg,1,2,0,2,/b/bamboo_forest/00000316.jpg
1325,024.Red_faced_Cormorant/Red_Faced_Cormorant_0068_796321.jpg,1,2,0,2,/b/bamboo_forest/00002785.jpg
5903,101.White_Pelican/White_Pelican_0003_96691.jpg,1,2,0,2,/b/bamboo_forest/00003320.jpg
2581,045.Northern_Fulmar/Northern_Fulmar_0031_43750.jpg,1,2,0,2,/f/forest/broadleaf/00001236.jpg
3018,053.Western_Grebe/Western_Grebe_0029_36379.jpg,1,2,0,2,/b/bamboo_forest/00000329.jpg
5861,100.Brown_Pelican/Brown_Pelican_0124_93684.jpg,1,2,0,2,/b/bamboo_forest/00000358.jpg
344,007.Parakeet_Auklet/Parakeet_Auklet_0039_795955.jpg,1,2,0,2,/b/bamboo_forest/00003602.jpg
2913,051.Horned_Grebe/Horned_Grebe_0084_34936.jpg,1,2,0,2,/f/forest/broadleaf/00004888.jpg
2909,051.Horned_Grebe/Horned_Grebe_0005_34657.jpg,1,2,0,2,/b/bamboo_forest/00000269.jpg
3342,058.Pigeon_Guillemot/Pigeon_Guillemot_0030_40089.jpg,1,2,0,2,/b/bamboo_forest/00004850.jpg
286,006.Least_Auklet/Least_Auklet_0014_1901.jpg,1,2,0,2,/f/forest/broadleaf/00002865.jpg
2924,051.Horned_Grebe/Horned_Grebe_0082_34725.jpg,1,2,0,2,/b/bamboo_forest/00004748.jpg
4161,072.Pomarine_Jaeger/Pomarine_Jaeger_0027_795767.jpg,1,2,0,2,/f/forest/broadleaf/00002420.jpg
6153,106.Horned_Puffin/Horned_Puffin_0039_100890.jpg,1,2,0,2,/f/forest/broadleaf/00003715.jpg
3485,060.Glaucous_winged_Gull/Glaucous_Winged_Gull_0082_44528.jpg,1,2,0,2,/b/bamboo_forest/00003885.jpg
167,003.Sooty_Albatross/Sooty_Albatross_0051_796374.jpg,1,2,0,2,/b/bamboo_forest/00004712.jpg
3492,061.Heermann_Gull/Heermann_Gull_0118_45626.jpg,1,2,0,2,/f/forest/broadleaf/00000378.jpg
165,003.Sooty_Albatross/Sooty_Albatross_0007_796372.jpg,1,2,0,2,/b/bamboo_forest/00003905.jpg
3383,059.California_Gull/California_Gull_0110_41063.jpg,1,2,0,2,/b/bamboo_forest/00001415.jpg
8425,144.Common_Tern/Common_Tern_0028_150117.jpg,1,2,0,2,/f/forest/broadleaf/00003757.jpg
1143,021.Eastern_Towhee/Eastern_Towhee_0105_22675.jpg,1,2,0,2,/f/forest/broadleaf/00003565.jpg
4875,084.Red_legged_Kittiwake/Red_Legged_Kittiwake_0048_73770.jpg,1,2,0,2,/f/forest/broadleaf/00002415.jpg
3377,059.California_Gull/California_Gull_0034_41548.jpg,1,2,0,2,/f/forest/broadleaf/00000666.jpg
135,003.Sooty_Albatross/Sooty_Albatross_0048_1130.jpg,1,2,0,2,/b/bamboo_forest/00004697.jpg
2579,045.Northern_Fulmar/Northern_Fulmar_0078_43985.jpg,1,2,0,2,/b/bamboo_forest/00002063.jpg
4902,084.Red_legged_Kittiwake/Red_Legged_Kittiwake_0061_795420.jpg,1,2,0,2,/b/bamboo_forest/00001096.jpg
5036,087.Mallard/Mallard_0038_76902.jpg,1,2,0,2,/b/bamboo_forest/00001445.jpg
1161,021.Eastern_Towhee/Eastern_Towhee_0115_22304.jpg,1,2,0,2,/f/forest/broadleaf/00004715.jpg
8300,142.Black_Tern/Black_Tern_0094_144466.jpg,1,2,0,2,/b/bamboo_forest/00003570.jpg
3800,066.Western_Gull/Western_Gull_0027_53994.jpg,1,2,0,2,/f/forest/broadleaf/00000455.jpg
3413,059.California_Gull/California_Gull_0132_40836.jpg,1,2,0,2,/f/forest/broadleaf/00003853.jpg
8630,147.Least_Tern/Least_Tern_0041_153470.jpg,1,2,0,2,/f/forest/broadleaf/00004393.jpg
6158,106.Horned_Puffin/Horned_Puffin_0083_100649.jpg,1,2,0,2,/b/bamboo_forest/00003339.jpg
5258,090.Red_breasted_Merganser/Red_Breasted_Merganser_0041_79574.jpg,1,2,0,2,/f/forest/broadleaf/00000620.jpg
2603,046.Gadwall/Gadwall_0004_31669.jpg,1,2,0,2,/f/forest/broadleaf/00000497.jpg
246,005.Crested_Auklet/Crested_Auklet_0044_1825.jpg,1,2,0,2,/f/forest/broadleaf/00000557.jpg
2883,050.Eared_Grebe/Eared_Grebe_0039_34257.jpg,1,2,0,2,/f/forest/broadleaf/00004471.jpg
2938,051.Horned_Grebe/Horned_Grebe_0053_34512.jpg,1,2,0,2,/f/forest/broadleaf/00000816.jpg
100,002.Laysan_Albatross/Laysan_Albatross_0049_918.jpg,1,2,0,2,/f/forest/broadleaf/00000436.jpg
370,007.Parakeet_Auklet/Parakeet_Auklet_0008_795992.jpg,1,2,0,2,/f/forest/broadleaf/00001850.jpg
2614,046.Gadwall/Gadwall_0088_31854.jpg,1,2,0,2,/b/bamboo_forest/00000168.jpg
5045,087.Mallard/Mallard_0064_76654.jpg,1,2,0,2,/b/bamboo_forest/00002273.jpg
4163,072.Pomarine_Jaeger/Pomarine_Jaeger_0056_795770.jpg,1,2,0,2,/f/forest/broadleaf/00001448.jpg
3753,065.Slaty_backed_Gull/Slaty_Backed_Gull_0023_796030.jpg,1,2,0,2,/b/bamboo_forest/00001569.jpg
1154,021.Eastern_Towhee/Eastern_Towhee_0031_22233.jpg,1,2,0,2,/b/bamboo_forest/00003587.jpg
8399,143.Caspian_Tern/Caspian_Tern_0014_145640.jpg,1,2,0,2,/b/bamboo_forest/00003526.jpg
3626,063.Ivory_Gull/Ivory_Gull_0087_49202.jpg,1,2,0,2,/b/bamboo_forest/00001491.jpg
2997,052.Pied_billed_Grebe/Pied_Billed_Grebe_0035_35518.jpg,1,2,0,2,/f/forest/broadleaf/00003213.jpg
4123,071.Long_tailed_Jaeger/Long_Tailed_Jaeger_0035_797100.jpg,1,2,0,2,/f/forest/broadleaf/00002052.jpg
5227,090.Red_breasted_Merganser/Red_Breasted_Merganser_0068_79203.jpg,1,2,0,2,/f/forest/broadleaf/00002267.jpg
5855,100.Brown_Pelican/Brown_Pelican_0049_94598.jpg,1,2,0,2,/f/forest/broadleaf/00003500.jpg
350,007.Parakeet_Auklet/Parakeet_Auklet_0026_795962.jpg,1,2,0,2,/f/forest/broadleaf/00000111.jpg
5146,089.Hooded_Merganser/Hooded_Merganser_0056_79112.jpg,1,2,0,2,/f/forest/broadleaf/00000572.jpg
3596,062.Herring_Gull/Herring_Gull_0061_46501.jpg,1,2,0,2,/b/bamboo_forest/00001745.jpg
2580,045.Northern_Fulmar/Northern_Fulmar_0001_43749.jpg,1,2,0,2,/f/forest/broadleaf/00002346.jpg
8244,141.Artic_Tern/Artic_Tern_0036_142447.jpg,1,2,0,2,/f/forest/broadleaf/00003682.jpg
3393,059.California_Gull/California_Gull_0028_40666.jpg,1,2,0,2,/b/bamboo_forest/00004443.jpg
5160,089.Hooded_Merganser/Hooded_Merganser_0012_796748.jpg,1,2,0,2,/b/bamboo_forest/00001364.jpg
356,007.Parakeet_Auklet/Parakeet_Auklet_0013_795970.jpg,1,2,0,2,/b/bamboo_forest/00001577.jpg
8481,145.Elegant_Tern/Elegant_Tern_0106_150872.jpg,1,2,0,2,/f/forest/broadleaf/00001264.jpg
3323,058.Pigeon_Guillemot/Pigeon_Guillemot_0013_40253.jpg,1,2,0,2,/f/forest/broadleaf/00000977.jpg
4168,072.Pomarine_Jaeger/Pomarine_Jaeger_0021_795776.jpg,1,2,0,2,/f/forest/broadleaf/00000698.jpg
277,005.Crested_Auklet/Crested_Auklet_0070_785261.jpg,1,2,0,2,/b/bamboo_forest/00001518.jpg
2906,051.Horned_Grebe/Horned_Grebe_0051_35143.jpg,1,2,0,2,/f/forest/broadleaf/00003486.jpg
1137,021.Eastern_Towhee/Eastern_Towhee_0020_22141.jpg,1,2,0,2,/f/forest/broadleaf/00002926.jpg
5216,090.Red_breasted_Merganser/Red_Breasted_Merganser_0012_79425.jpg,1,2,0,2,/b/bamboo_forest/00003542.jpg
8277,141.Artic_Tern/Artic_Tern_0029_142220.jpg,1,2,0,2,/f/forest/broadleaf/00001846.jpg
3519,061.Heermann_Gull/Heermann_Gull_0075_45295.jpg,1,2,0,2,/b/bamboo_forest/00002290.jpg
2984,052.Pied_billed_Grebe/Pied_Billed_Grebe_0049_35980.jpg,1,2,0,2,/b/bamboo_forest/00003711.jpg
1255,023.Brandt_Cormorant/Brandt_Cormorant_0040_23144.jpg,1,2,0,2,/f/forest/broadleaf/00003548.jpg
1376,025.Pelagic_Cormorant/Pelagic_Cormorant_0049_23714.jpg,1,2,0,2,/f/forest/broadleaf/00000451.jpg
4987,086.Pacific_Loon/Pacific_Loon_0062_75587.jpg,1,2,0,2,/b/bamboo_forest/00003595.jpg
1315,024.Red_faced_Cormorant/Red_Faced_Cormorant_0025_796306.jpg,1,2,0,2,/f/forest/broadleaf/00003668.jpg
3005,052.Pied_billed_Grebe/Pied_Billed_Grebe_0073_35553.jpg,1,2,0,2,/f/forest/broadleaf/00001409.jpg
2592,046.Gadwall/Gadwall_0019_30984.jpg,1,2,0,2,/f/forest/broadleaf/00002409.jpg
3490,061.Heermann_Gull/Heermann_Gull_0109_45619.jpg,1,2,0,2,/b/bamboo_forest/00002364.jpg
5074,087.Mallard/Mallard_0087_77499.jpg,1,2,0,2,/f/forest/broadleaf/00001914.jpg
8262,141.Artic_Tern/Artic_Tern_0083_141579.jpg,1,2,0,2,/b/bamboo_forest/00003521.jpg
3496,061.Heermann_Gull/Heermann_Gull_0087_45658.jpg,1,2,0,2,/f/forest/broadleaf/00001711.jpg
5240,090.Red_breasted_Merganser/Red_Breasted_Merganser_0004_79232.jpg,1,2,0,2,/f/forest/broadleaf/00001823.jpg
5219,090.Red_breasted_Merganser/Red_Breasted_Merganser_0077_79180.jpg,1,2,0,2,/f/forest/broadleaf/00002442.jpg
1297,024.Red_faced_Cormorant/Red_Faced_Cormorant_0069_796274.jpg,1,2,0,2,/b/bamboo_forest/00003300.jpg
3359,058.Pigeon_Guillemot/Pigeon_Guillemot_0087_39897.jpg,1,2,0,2,/f/forest/broadleaf/00001697.jpg
3446,060.Glaucous_winged_Gull/Glaucous_Winged_Gull_0066_44669.jpg,1,2,0,2,/f/forest/broadleaf/00001921.jpg
8563,146.Forsters_Tern/Forsters_Tern_0087_151226.jpg,1,2,0,2,/b/bamboo_forest/00002029.jpg
2831,050.Eared_Grebe/Eared_Grebe_0065_34049.jpg,1,2,0,2,/f/forest/broadleaf/00003361.jpg
71,002.Laysan_Albatross/Laysan_Albatross_0023_1059.jpg,1,2,0,2,/f/forest/broadleaf/00002628.jpg
3015,053.Western_Grebe/Western_Grebe_0102_36116.jpg,1,2,0,2,/b/bamboo_forest/00001964.jpg
3593,062.Herring_Gull/Herring_Gull_0076_47497.jpg,1,2,0,2,/f/forest/broadleaf/00001040.jpg
5868,101.White_Pelican/White_Pelican_0048_95764.jpg,1,2,0,2,/f/forest/broadleaf/00000697.jpg
25,001.Black_footed_Albatross/Black_Footed_Albatross_0008_796083.jpg,1,2,0,2,/f/forest/broadleaf/00002340.jpg
8565,146.Forsters_Tern/Forsters_Tern_0029_151228.jpg,1,2,0,2,/b/bamboo_forest/00004347.jpg
5809,100.Brown_Pelican/Brown_Pelican_0009_94256.jpg,1,2,0,2,/b/bamboo_forest/00002066.jpg
93,002.Laysan_Albatross/Laysan_Albatross_0028_643.jpg,1,2,0,2,/f/forest/broadleaf/00003575.jpg
1128,021.Eastern_Towhee/Eastern_Towhee_0086_22611.jpg,1,2,0,2,/f/forest/broadleaf/00000584.jpg
3531,061.Heermann_Gull/Heermann_Gull_0055_45901.jpg,1,2,0,2,/f/forest/broadleaf/00002381.jpg
373,007.Parakeet_Auklet/Parakeet_Auklet_0070_795998.jpg,1,2,0,2,/f/forest/broadleaf/00002412.jpg
2473,044.Frigatebird/Frigatebird_0069_43541.jpg,1,2,0,2,/f/forest/broadleaf/00001598.jpg
3327,058.Pigeon_Guillemot/Pigeon_Guillemot_0040_40270.jpg,1,2,0,2,/f/forest/broadleaf/00001132.jpg
1249,023.Brandt_Cormorant/Brandt_Cormorant_0079_22874.jpg,1,2,0,2,/b/bamboo_forest/00000911.jpg
48,001.Black_footed_Albatross/Black_Footed_Albatross_0078_796126.jpg,1,2,0,2,/b/bamboo_forest/00003808.jpg
3025,053.Western_Grebe/Western_Grebe_0089_36154.jpg,1,2,0,2,/f/forest/broadleaf/00000613.jpg
5107,088.Western_Meadowlark/Western_Meadowlark_0096_77901.jpg,1,2,0,2,/b/bamboo_forest/00001016.jpg
108,002.Laysan_Albatross/Laysan_Albatross_0093_725.jpg,1,2,0,2,/b/bamboo_forest/00004666.jpg
8578,146.Forsters_Tern/Forsters_Tern_0099_152529.jpg,1,2,0,2,/f/forest/broadleaf/00004660.jpg
3001,052.Pied_billed_Grebe/Pied_Billed_Grebe_0091_35276.jpg,1,2,0,2,/b/bamboo_forest/00004948.jpg
8552,146.Forsters_Tern/Forsters_Tern_0082_151937.jpg,1,2,0,2,/f/forest/broadleaf/00004282.jpg
8387,143.Caspian_Tern/Caspian_Tern_0048_145672.jpg,1,2,0,2,/f/forest/broadleaf/00002598.jpg
1234,023.Brandt_Cormorant/Brandt_Cormorant_0019_23058.jpg,1,2,0,2,/f/forest/broadleaf/00002402.jpg
3513,061.Heermann_Gull/Heermann_Gull_0138_45269.jpg,1,2,0,2,/b/bamboo_forest/00000887.jpg
3319,058.Pigeon_Guillemot/Pigeon_Guillemot_0108_40235.jpg,1,2,0,2,/f/forest/broadleaf/00002467.jpg
8528,146.Forsters_Tern/Forsters_Tern_0057_151570.jpg,1,2,0,2,/b/bamboo_forest/00002138.jpg
5867,101.White_Pelican/White_Pelican_0066_95495.jpg,1,2,0,2,/b/bamboo_forest/00001687.jpg
4135,071.Long_tailed_Jaeger/Long_Tailed_Jaeger_0024_60915.jpg,1,2,0,2,/b/bamboo_forest/00000355.jpg
5873,101.White_Pelican/White_Pelican_0086_95538.jpg,1,2,0,2,/b/bamboo_forest/00000941.jpg
70,002.Laysan_Albatross/Laysan_Albatross_0001_545.jpg,1,2,0,2,/f/forest/broadleaf/00001939.jpg
5183,089.Hooded_Merganser/Hooded_Merganser_0087_78972.jpg,1,2,0,2,/b/bamboo_forest/00004329.jpg
5098,088.Western_Meadowlark/Western_Meadowlark_0086_78636.jpg,1,2,0,2,/f/forest/broadleaf/00003257.jpg
8611,147.Least_Tern/Least_Tern_0024_153317.jpg,1,2,0,2,/f/forest/broadleaf/00004127.jpg
8432,144.Common_Tern/Common_Tern_0097_148874.jpg,1,2,0,2,/b/bamboo_forest/00004970.jpg
3548,062.Herring_Gull/Herring_Gull_0037_48655.jpg,1,2,0,2,/b/bamboo_forest/00003209.jpg
4189,072.Pomarine_Jaeger/Pomarine_Jaeger_0069_61381.jpg,1,2,0,2,/f/forest/broadleaf/00004134.jpg
95,002.Laysan_Albatross/Laysan_Albatross_0075_668.jpg,1,2,0,2,/b/bamboo_forest/00003299.jpg
5013,086.Pacific_Loon/Pacific_Loon_0059_75706.jpg,1,2,0,2,/b/bamboo_forest/00004008.jpg
2599,046.Gadwall/Gadwall_0040_31788.jpg,1,2,0,2,/f/forest/broadleaf/00003275.jpg
170,003.Sooty_Albatross/Sooty_Albatross_0066_796382.jpg,1,2,0,2,/b/bamboo_forest/00000560.jpg
3696,064.Ring_billed_Gull/Ring_Billed_Gull_0115_51891.jpg,1,2,0,2,/f/forest/broadleaf/00000473.jpg
5220,090.Red_breasted_Merganser/Red_Breasted_Merganser_0042_79202.jpg,1,2,0,2,/b/bamboo_forest/00000245.jpg
2489,044.Frigatebird/Frigatebird_0050_43084.jpg,1,2,0,2,/b/bamboo_forest/00000132.jpg
2900,051.Horned_Grebe/Horned_Grebe_0071_35078.jpg,1,2,0,2,/f/forest/broadleaf/00001802.jpg
4980,086.Pacific_Loon/Pacific_Loon_0004_75815.jpg,1,2,0,2,/f/forest/broadleaf/00001332.jpg
5124,088.Western_Meadowlark/Western_Meadowlark_0101_78899.jpg,1,2,0,2,/b/bamboo_forest/00003537.jpg
3022,053.Western_Grebe/Western_Grebe_0048_36399.jpg,1,2,0,2,/f/forest/broadleaf/00004801.jpg
3414,059.California_Gull/California_Gull_0030_41354.jpg,1,2,0,2,/f/forest/broadleaf/00002266.jpg
3469,060.Glaucous_winged_Gull/Glaucous_Winged_Gull_0117_44298.jpg,1,2,0,2,/b/bamboo_forest/00000796.jpg
2875,050.Eared_Grebe/Eared_Grebe_0082_34227.jpg,1,2,0,2,/f/forest/broadleaf/00001209.jpg
3378,059.California_Gull/California_Gull_0078_41550.jpg,1,2,0,2,/b/bamboo_forest/00004982.jpg
8426,144.Common_Tern/Common_Tern_0009_149609.jpg,1,2,0,2,/b/bamboo_forest/00001530.jpg
2520,044.Frigatebird/Frigatebird_0052_43411.jpg,1,2,0,2,/f/forest/broadleaf/00004427.jpg
5853,100.Brown_Pelican/Brown_Pelican_0012_94079.jpg,1,2,0,2,/f/forest/broadleaf/00000312.jpg
312,006.Least_Auklet/Least_Auklet_0023_1898.jpg,1,2,0,2,/f/forest/broadleaf/00001527.jpg
6162,106.Horned_Puffin/Horned_Puffin_0048_100916.jpg,1,2,0,2,/f/forest/broadleaf/00002970.jpg
8628,147.Least_Tern/Least_Tern_0104_152950.jpg,1,2,0,2,/b/bamboo_forest/00000594.jpg
3666,063.Ivory_Gull/Ivory_Gull_0064_49406.jpg,1,2,0,2,/f/forest/broadleaf/00003973.jpg
389,008.Rhinoceros_Auklet/Rhinoceros_Auklet_0025_797508.jpg,1,2,0,2,/f/forest/broadleaf/00000166.jpg
4104,071.Long_tailed_Jaeger/Long_Tailed_Jaeger_0059_797079.jpg,1,2,0,2,/f/forest/broadleaf/00004422.jpg
329,007.Parakeet_Auklet/Parakeet_Auklet_0072_795929.jpg,1,2,0,2,/f/forest/broadleaf/00000196.jpg
3465,060.Glaucous_winged_Gull/Glaucous_Winged_Gull_0084_44775.jpg,1,2,0,2,/f/forest/broadleaf/00001947.jpg
3472,060.Glaucous_winged_Gull/Glaucous_Winged_Gull_0090_44836.jpg,1,2,0,2,/b/bamboo_forest/00002414.jpg
12,001.Black_footed_Albatross/Black_Footed_Albatross_0086_796062.jpg,1,2,0,2,/b/bamboo_forest/00004206.jpg
5090,088.Western_Meadowlark/Western_Meadowlark_0034_78869.jpg,1,2,0,2,/b/bamboo_forest/00004827.jpg
6198,106.Horned_Puffin/Horned_Puffin_0010_100771.jpg,1,2,0,2,/b/bamboo_forest/00001690.jpg
29,001.Black_footed_Albatross/Black_Footed_Albatross_0026_796095.jpg,1,2,0,2,/f/forest/broadleaf/00002581.jpg
1235,023.Brandt_Cormorant/Brandt_Cormorant_0092_23061.jpg,1,2,0,2,/f/forest/broadleaf/00002167.jpg
5854,100.Brown_Pelican/Brown_Pelican_0081_94085.jpg,1,2,0,2,/f/forest/broadleaf/00004092.jpg
34,001.Black_footed_Albatross/Black_Footed_Albatross_0076_417.jpg,1,2,0,2,/b/bamboo_forest/00002311.jpg
2496,044.Frigatebird/Frigatebird_0062_43193.jpg,1,2,0,2,/b/bamboo_forest/00000452.jpg
1269,023.Brandt_Cormorant/Brandt_Cormorant_0091_22825.jpg,1,2,0,2,/f/forest/broadleaf/00001864.jpg
2619,046.Gadwall/Gadwall_0085_31171.jpg,1,2,0,2,/b/bamboo_forest/00004714.jpg
3372,059.California_Gull/California_Gull_0102_40986.jpg,1,2,0,2,/f/forest/broadleaf/00003417.jpg
2559,045.Northern_Fulmar/Northern_Fulmar_0096_43654.jpg,1,2,0,2,/b/bamboo_forest/00001717.jpg
2959,052.Pied_billed_Grebe/Pied_Billed_Grebe_0071_35386.jpg,1,2,0,2,/f/forest/broadleaf/00003545.jpg
2965,052.Pied_billed_Grebe/Pied_Billed_Grebe_0106_35418.jpg,1,2,0,2,/f/forest/broadleaf/00000511.jpg
5062,087.Mallard/Mallard_0070_77588.jpg,1,2,0,2,/b/bamboo_forest/00002807.jpg
1316,024.Red_faced_Cormorant/Red_Faced_Cormorant_0015_796307.jpg,1,2,0,2,/b/bamboo_forest/00002905.jpg
1321,024.Red_faced_Cormorant/Red_Faced_Cormorant_0058_796315.jpg,1,2,0,2,/b/bamboo_forest/00002638.jpg
3664,063.Ivory_Gull/Ivory_Gull_0071_49402.jpg,1,2,0,2,/b/bamboo_forest/00002110.jpg
5156,089.Hooded_Merganser/Hooded_Merganser_0007_79157.jpg,1,2,0,2,/b/bamboo_forest/00003618.jpg
2957,052.Pied_billed_Grebe/Pied_Billed_Grebe_0013_35882.jpg,1,2,0,2,/f/forest/broadleaf/00004581.jpg
5247,090.Red_breasted_Merganser/Red_Breasted_Merganser_0027_79284.jpg,1,2,0,2,/b/bamboo_forest/00003524.jpg
3511,061.Heermann_Gull/Heermann_Gull_0013_45771.jpg,1,2,0,2,/b/bamboo_forest/00000721.jpg
94,002.Laysan_Albatross/Laysan_Albatross_0033_658.jpg,1,2,0,2,/f/forest/broadleaf/00002129.jpg
8493,145.Elegant_Tern/Elegant_Tern_0042_150851.jpg,1,2,0,2,/b/bamboo_forest/00000215.jpg
5820,100.Brown_Pelican/Brown_Pelican_0087_94358.jpg,1,2,0,2,/b/bamboo_forest/00000428.jpg
3673,064.Ring_billed_Gull/Ring_Billed_Gull_0045_50215.jpg,1,2,0,2,/b/bamboo_forest/00000178.jpg
4177,072.Pomarine_Jaeger/Pomarine_Jaeger_0049_795795.jpg,1,2,0,2,/b/bamboo_forest/00002927.jpg
3699,064.Ring_billed_Gull/Ring_Billed_Gull_0083_51407.jpg,1,2,0,2,/f/forest/broadleaf/00004985.jpg
3480,060.Glaucous_winged_Gull/Glaucous_Winged_Gull_0013_44381.jpg,1,2,0,2,/f/forest/broadleaf/00003426.jpg
3541,061.Heermann_Gull/Heermann_Gull_0110_45968.jpg,1,2,0,2,/f/forest/broadleaf/00003327.jpg
5077,087.Mallard/Mallard_0006_77171.jpg,1,2,0,2,/f/forest/broadleaf/00004425.jpg
8509,145.Elegant_Tern/Elegant_Tern_0044_150946.jpg,1,2,0,2,/b/bamboo_forest/00001168.jpg
2557,045.Northern_Fulmar/Northern_Fulmar_0049_43906.jpg,1,2,0,2,/f/forest/broadleaf/00004602.jpg
311,006.Least_Auklet/Least_Auklet_0004_795112.jpg,1,2,0,2,/f/forest/broadleaf/00002133.jpg
144,003.Sooty_Albatross/Sooty_Albatross_0005_796342.jpg,1,2,0,2,/b/bamboo_forest/00000177.jpg
1341,024.Red_faced_Cormorant/Red_Faced_Cormorant_0010_23421.jpg,1,2,0,2,/b/bamboo_forest/00003333.jpg
8639,147.Least_Tern/Least_Tern_0040_153039.jpg,1,2,0,2,/b/bamboo_forest/00004868.jpg
255,005.Crested_Auklet/Crested_Auklet_0021_794938.jpg,1,2,0,2,/f/forest/broadleaf/00004465.jpg
8249,141.Artic_Tern/Artic_Tern_0023_140898.jpg,1,2,0,2,/b/bamboo_forest/00004043.jpg
4151,072.Pomarine_Jaeger/Pomarine_Jaeger_0045_795750.jpg,1,2,0,2,/b/bamboo_forest/00002888.jpg
4098,071.Long_tailed_Jaeger/Long_Tailed_Jaeger_0023_797072.jpg,1,2,0,2,/f/forest/broadleaf/00003454.jpg
3836,066.Western_Gull/Western_Gull_0049_53748.jpg,1,2,0,2,/f/forest/broadleaf/00003183.jpg
3522,061.Heermann_Gull/Heermann_Gull_0090_45834.jpg,1,2,0,2,/b/bamboo_forest/00002814.jpg
1304,024.Red_faced_Cormorant/Red_Faced_Cormorant_0063_796284.jpg,1,2,0,2,/b/bamboo_forest/00002554.jpg
8478,145.Elegant_Tern/Elegant_Tern_0089_150854.jpg,1,2,0,2,/f/forest/broadleaf/00002134.jpg
8353,143.Caspian_Tern/Caspian_Tern_0099_145939.jpg,1,2,0,2,/f/forest/broadleaf/00002423.jpg
1391,025.Pelagic_Cormorant/Pelagic_Cormorant_0025_23776.jpg,1,2,0,2,/f/forest/broadleaf/00001177.jpg
1364,025.Pelagic_Cormorant/Pelagic_Cormorant_0092_23639.jpg,1,2,0,2,/b/bamboo_forest/00004571.jpg
1267,023.Brandt_Cormorant/Brandt_Cormorant_0007_22934.jpg,1,2,0,2,/b/bamboo_forest/00002211.jpg
3830,066.Western_Gull/Western_Gull_0045_54735.jpg,1,2,0,2,/b/bamboo_forest/00001483.jpg
63,002.Laysan_Albatross/Laysan_Albatross_0082_524.jpg,1,2,0,2,/b/bamboo_forest/00000392.jpg
8397,143.Caspian_Tern/Caspian_Tern_0026_145125.jpg,1,2,0,2,/f/forest/broadleaf/00001971.jpg
162,003.Sooty_Albatross/Sooty_Albatross_0004_796366.jpg,1,2,0,2,/f/forest/broadleaf/00002707.jpg
3061,053.Western_Grebe/Western_Grebe_0071_36536.jpg,1,2,0,2,/f/forest/broadleaf/00000093.jpg
8524,146.Forsters_Tern/Forsters_Tern_0012_151558.jpg,1,2,0,2,/f/forest/broadleaf/00000043.jpg
5104,088.Western_Meadowlark/Western_Meadowlark_0121_78402.jpg,1,2,0,2,/f/forest/broadleaf/00001733.jpg
5101,088.Western_Meadowlark/Western_Meadowlark_0018_77880.jpg,1,2,0,2,/f/forest/broadleaf/00004117.jpg
118,002.Laysan_Albatross/Laysan_Albatross_0103_504.jpg,1,2,0,2,/f/forest/broadleaf/00004033.jpg
1301,024.Red_faced_Cormorant/Red_Faced_Cormorant_0013_796278.jpg,1,2,0,2,/f/forest/broadleaf/00000438.jpg
5182,089.Hooded_Merganser/Hooded_Merganser_0047_78962.jpg,1,2,0,2,/f/forest/broadleaf/00001231.jpg
4099,071.Long_tailed_Jaeger/Long_Tailed_Jaeger_0063_797073.jpg,1,2,0,2,/f/forest/broadleaf/00001481.jpg
3536,061.Heermann_Gull/Heermann_Gull_0133_45415.jpg,1,2,0,2,/b/bamboo_forest/00004229.jpg
3624,063.Ivory_Gull/Ivory_Gull_0086_49532.jpg,1,2,0,2,/f/forest/broadleaf/00000307.jpg
3491,061.Heermann_Gull/Heermann_Gull_0051_45622.jpg,1,2,0,2,/b/bamboo_forest/00002511.jpg
3686,064.Ring_billed_Gull/Ring_Billed_Gull_0107_51306.jpg,1,2,0,2,/b/bamboo_forest/00000715.jpg
5915,102.Western_Wood_Pewee/Western_Wood_Pewee_0052_98006.jpg,1,2,0,2,/b/bamboo_forest/00000980.jpg
5178,089.Hooded_Merganser/Hooded_Merganser_0002_796781.jpg,1,2,0,2,/b/bamboo_forest/00001688.jpg
3652,063.Ivory_Gull/Ivory_Gull_0094_49347.jpg,1,2,0,2,/f/forest/broadleaf/00004342.jpg
4121,071.Long_tailed_Jaeger/Long_Tailed_Jaeger_0026_797098.jpg,1,2,0,2,/b/bamboo_forest/00002653.jpg
1131,021.Eastern_Towhee/Eastern_Towhee_0053_22623.jpg,1,2,0,2,/f/forest/broadleaf/00002039.jpg
3806,066.Western_Gull/Western_Gull_0116_54037.jpg,1,2,0,2,/b/bamboo_forest/00003051.jpg
6165,106.Horned_Puffin/Horned_Puffin_0077_100671.jpg,1,2,0,2,/b/bamboo_forest/00000845.jpg
39,001.Black_footed_Albatross/Black_Footed_Albatross_0001_796111.jpg,1,2,0,2,/b/bamboo_forest/00002681.jpg
3683,064.Ring_billed_Gull/Ring_Billed_Gull_0021_51300.jpg,1,2,0,2,/b/bamboo_forest/00003843.jpg
3793,066.Western_Gull/Western_Gull_0050_54425.jpg,1,2,0,2,/b/bamboo_forest/00001705.jpg
3643,063.Ivory_Gull/Ivory_Gull_0073_49287.jpg,1,2,0,2,/b/bamboo_forest/00001163.jpg
304,006.Least_Auklet/Least_Auklet_0028_795094.jpg,1,2,0,2,/f/forest/broadleaf/00003896.jpg
8285,142.Black_Tern/Black_Tern_0006_144646.jpg,1,2,0,2,/f/forest/broadleaf/00002090.jpg
251,005.Crested_Auklet/Crested_Auklet_0011_794927.jpg,1,2,0,2,/b/bamboo_forest/00000030.jpg
3006,052.Pied_billed_Grebe/Pied_Billed_Grebe_0062_35955.jpg,1,2,0,2,/b/bamboo_forest/00004780.jpg
5102,088.Western_Meadowlark/Western_Meadowlark_0115_77882.jpg,1,2,0,2,/f/forest/broadleaf/00001140.jpg
3391,059.California_Gull/California_Gull_0101_41140.jpg,1,2,0,2,/b/bamboo_forest/00001995.jpg
2624,046.Gadwall/Gadwall_0068_30886.jpg,1,2,0,2,/f/forest/broadleaf/00002348.jpg
1117,021.Eastern_Towhee/Eastern_Towhee_0018_22546.jpg,1,2,0,2,/f/forest/broadleaf/00003722.jpg
8594,147.Least_Tern/Least_Tern_0116_153715.jpg,1,2,0,2,/b/bamboo_forest/00004699.jpg
8627,147.Least_Tern/Least_Tern_0100_153461.jpg,1,2,0,2,/f/forest/broadleaf/00004999.jpg
410,008.Rhinoceros_Auklet/Rhinoceros_Auklet_0001_797538.jpg,1,2,0,2,/f/forest/broadleaf/00003935.jpg
420,008.Rhinoceros_Auklet/Rhinoceros_Auklet_0035_2166.jpg,1,2,0,2,/b/bamboo_forest/00003977.jpg
3615,063.Ivory_Gull/Ivory_Gull_0088_49177.jpg,1,2,0,2,/f/forest/broadleaf/00000770.jpg
3828,066.Western_Gull/Western_Gull_0043_54706.jpg,1,2,0,2,/b/bamboo_forest/00000998.jpg
4106,071.Long_tailed_Jaeger/Long_Tailed_Jaeger_0003_61082.jpg,1,2,0,2,/f/forest/broadleaf/00004887.jpg
3576,062.Herring_Gull/Herring_Gull_0087_47841.jpg,1,2,0,2,/f/forest/broadleaf/00001386.jpg
3636,063.Ivory_Gull/Ivory_Gull_0050_49245.jpg,1,2,0,2,/f/forest/broadleaf/00001370.jpg
5027,087.Mallard/Mallard_0016_76315.jpg,1,2,0,2,/b/bamboo_forest/00001516.jpg
147,003.Sooty_Albatross/Sooty_Albatross_0046_1211.jpg,1,2,0,2,/f/forest/broadleaf/00001104.jpg
3827,066.Western_Gull/Western_Gull_0087_54193.jpg,1,2,0,2,/b/bamboo_forest/00004475.jpg
1352,025.Pelagic_Cormorant/Pelagic_Cormorant_0036_23503.jpg,1,2,0,2,/f/forest/broadleaf/00001735.jpg
150,003.Sooty_Albatross/Sooty_Albatross_0050_796351.jpg,1,2,0,2,/b/bamboo_forest/00003501.jpg
6193,106.Horned_Puffin/Horned_Puffin_0051_101048.jpg,1,2,0,2,/f/forest/broadleaf/00000499.jpg
5889,101.White_Pelican/White_Pelican_0046_96888.jpg,1,2,0,2,/f/forest/broadleaf/00000815.jpg
2915,051.Horned_Grebe/Horned_Grebe_0009_34952.jpg,1,2,0,2,/f/forest/broadleaf/00003476.jpg
3656,063.Ivory_Gull/Ivory_Gull_0007_49364.jpg,1,2,0,2,/b/bamboo_forest/00002794.jpg
5971,102.Western_Wood_Pewee/Western_Wood_Pewee_0056_98026.jpg,1,2,0,2,/f/forest/broadleaf/00003108.jpg
8504,145.Elegant_Tern/Elegant_Tern_0006_150963.jpg,1,2,0,2,/f/forest/broadleaf/00001648.jpg
8463,144.Common_Tern/Common_Tern_0012_148477.jpg,1,2,0,2,/f/forest/broadleaf/00004159.jpg
6187,106.Horned_Puffin/Horned_Puffin_0038_100635.jpg,1,2,0,2,/b/bamboo_forest/00002771.jpg
3537,061.Heermann_Gull/Heermann_Gull_0136_45416.jpg,1,2,0,2,/f/forest/broadleaf/00002787.jpg
8327,142.Black_Tern/Black_Tern_0065_144076.jpg,1,2,0,2,/b/bamboo_forest/00003724.jpg
412,008.Rhinoceros_Auklet/Rhinoceros_Auklet_0004_797541.jpg,1,2,0,2,/b/bamboo_forest/00000495.jpg
5105,088.Western_Meadowlark/Western_Meadowlark_0022_78410.jpg,1,2,0,2,/b/bamboo_forest/00001329.jpg
3400,059.California_Gull/California_Gull_0010_40735.jpg,1,2,0,2,/f/forest/broadleaf/00004003.jpg
5195,089.Hooded_Merganser/Hooded_Merganser_0094_796786.jpg,1,2,0,2,/b/bamboo_forest/00004811.jpg
3475,060.Glaucous_winged_Gull/Glaucous_Winged_Gull_0111_44856.jpg,1,2,0,2,/f/forest/broadleaf/00001975.jpg
5190,089.Hooded_Merganser/Hooded_Merganser_0062_78998.jpg,1,2,0,2,/f/forest/broadleaf/00004366.jpg
372,007.Parakeet_Auklet/Parakeet_Auklet_0010_795995.jpg,1,2,0,2,/b/bamboo_forest/00004240.jpg
2549,045.Northern_Fulmar/Northern_Fulmar_0090_43867.jpg,1,2,0,2,/b/bamboo_forest/00000904.jpg
2588,045.Northern_Fulmar/Northern_Fulmar_0011_43769.jpg,1,2,0,2,/f/forest/broadleaf/00002871.jpg
2836,050.Eared_Grebe/Eared_Grebe_0085_34063.jpg,1,2,0,2,/b/bamboo_forest/00003346.jpg
3505,061.Heermann_Gull/Heermann_Gull_0071_45735.jpg,1,2,0,2,/b/bamboo_forest/00002962.jpg
2892,051.Horned_Grebe/Horned_Grebe_0050_34561.jpg,1,2,0,2,/b/bamboo_forest/00000262.jpg
3719,064.Ring_billed_Gull/Ring_Billed_Gull_0132_51552.jpg,1,2,0,2,/b/bamboo_forest/00002918.jpg
8396,143.Caspian_Tern/Caspian_Tern_0054_145890.jpg,1,2,0,2,/f/forest/broadleaf/00002140.jpg
8284,142.Black_Tern/Black_Tern_0017_143876.jpg,1,2,0,2,/f/forest/broadleaf/00000431.jpg
382,008.Rhinoceros_Auklet/Rhinoceros_Auklet_0027_797496.jpg,1,2,0,2,/f/forest/broadleaf/00004933.jpg
4891,084.Red_legged_Kittiwake/Red_Legged_Kittiwake_0009_795459.jpg,1,2,0,2,/b/bamboo_forest/00000205.jpg
5923,102.Western_Wood_Pewee/Western_Wood_Pewee_0009_98115.jpg,1,2,0,2,/b/bamboo_forest/00000706.jpg
3744,065.Slaty_backed_Gull/Slaty_Backed_Gull_0079_796020.jpg,1,2,0,2,/f/forest/broadleaf/00001812.jpg
3685,064.Ring_billed_Gull/Ring_Billed_Gull_0093_51303.jpg,1,2,0,2,/f/forest/broadleaf/00000128.jpg
360,007.Parakeet_Auklet/Parakeet_Auklet_0040_795974.jpg,1,2,0,2,/f/forest/broadleaf/00001115.jpg
1295,024.Red_faced_Cormorant/Red_Faced_Cormorant_0003_796270.jpg,1,2,0,2,/b/bamboo_forest/00000188.jpg
5209,090.Red_breasted_Merganser/Red_Breasted_Merganser_0043_79295.jpg,1,2,0,2,/f/forest/broadleaf/00000755.jpg
5926,102.Western_Wood_Pewee/Western_Wood_Pewee_0042_98126.jpg,1,2,0,2,/b/bamboo_forest/00003622.jpg
2848,050.Eared_Grebe/Eared_Grebe_0075_34115.jpg,1,2,0,2,/f/forest/broadleaf/00001357.jpg
4186,072.Pomarine_Jaeger/Pomarine_Jaeger_0002_61361.jpg,1,2,0,2,/f/forest/broadleaf/00001484.jpg
2917,051.Horned_Grebe/Horned_Grebe_0096_34452.jpg,1,2,0,2,/f/forest/broadleaf/00003241.jpg
3331,058.Pigeon_Guillemot/Pigeon_Guillemot_0038_40035.jpg,1,2,0,2,/f/forest/broadleaf/00002635.jpg
4152,072.Pomarine_Jaeger/Pomarine_Jaeger_0080_795751.jpg,1,2,0,2,/b/bamboo_forest/00003851.jpg
8243,141.Artic_Tern/Artic_Tern_0127_142440.jpg,1,2,0,2,/b/bamboo_forest/00002374.jpg
1237,023.Brandt_Cormorant/Brandt_Cormorant_0002_23072.jpg,1,2,0,2,/f/forest/broadleaf/00004285.jpg
3454,060.Glaucous_winged_Gull/Glaucous_Winged_Gull_0038_44719.jpg,1,2,0,2,/f/forest/broadleaf/00003791.jpg
8558,146.Forsters_Tern/Forsters_Tern_0064_152047.jpg,1,2,0,2,/f/forest/broadleaf/00001699.jpg
8457,144.Common_Tern/Common_Tern_0115_149482.jpg,1,2,0,2,/f/forest/broadleaf/00002383.jpg
8347,143.Caspian_Tern/Caspian_Tern_0115_145927.jpg,1,2,0,2,/b/bamboo_forest/00003665.jpg
3659,063.Ivory_Gull/Ivory_Gull_0026_49466.jpg,1,2,0,2,/f/forest/broadleaf/00004147.jpg
5026,087.Mallard/Mallard_0131_76296.jpg,1,2,0,2,/f/forest/broadleaf/00001167.jpg
3825,066.Western_Gull/Western_Gull_0099_53670.jpg,1,2,0,2,/b/bamboo_forest/00000176.jpg
5228,090.Red_breasted_Merganser/Red_Breasted_Merganser_0069_79204.jpg,1,2,0,2,/b/bamboo_forest/00001384.jpg
5944,102.Western_Wood_Pewee/Western_Wood_Pewee_0019_795046.jpg,1,2,0,2,/f/forest/broadleaf/00004768.jpg
8328,142.Black_Tern/Black_Tern_0101_144331.jpg,1,2,0,2,/b/bamboo_forest/00003098.jpg
1387,025.Pelagic_Cormorant/Pelagic_Cormorant_0074_23511.jpg,1,2,0,2,/b/bamboo_forest/00000152.jpg
8555,146.Forsters_Tern/Forsters_Tern_0065_152206.jpg,1,2,0,2,/f/forest/broadleaf/00003439.jpg
5161,089.Hooded_Merganser/Hooded_Merganser_0048_796749.jpg,1,2,0,2,/b/bamboo_forest/00003344.jpg
5223,090.Red_breasted_Merganser/Red_Breasted_Merganser_0061_79453.jpg,1,2,0,2,/f/forest/broadleaf/00001793.jpg
3813,066.Western_Gull/Western_Gull_0133_55639.jpg,1,2,0,2,/f/forest/broadleaf/00001120.jpg
8382,143.Caspian_Tern/Caspian_Tern_0012_147632.jpg,1,2,0,2,/f/forest/broadleaf/00000368.jpg
4872,084.Red_legged_Kittiwake/Red_Legged_Kittiwake_0039_795429.jpg,1,2,0,2,/b/bamboo_forest/00002529.jpg
5859,100.Brown_Pelican/Brown_Pelican_0039_95216.jpg,1,2,0,2,/f/forest/broadleaf/00002999.jpg
3515,061.Heermann_Gull/Heermann_Gull_0033_45792.jpg,1,2,0,2,/f/forest/broadleaf/00003880.jpg
5254,090.Red_breasted_Merganser/Red_Breasted_Merganser_0064_79563.jpg,1,2,0,2,/f/forest/broadleaf/00001989.jpg
5188,089.Hooded_Merganser/Hooded_Merganser_0092_78989.jpg,1,2,0,2,/b/bamboo_forest/00000977.jpg
3453,060.Glaucous_winged_Gull/Glaucous_Winged_Gull_0101_44718.jpg,1,2,0,2,/b/bamboo_forest/00004941.jpg
6174,106.Horned_Puffin/Horned_Puffin_0047_100967.jpg,1,2,0,2,/b/bamboo_forest/00004945.jpg
5192,089.Hooded_Merganser/Hooded_Merganser_0009_79012.jpg,1,2,0,2,/f/forest/broadleaf/00001105.jpg
3632,063.Ivory_Gull/Ivory_Gull_0080_49748.jpg,1,2,0,2,/b/bamboo_forest/00004514.jpg
8489,145.Elegant_Tern/Elegant_Tern_0053_150507.jpg,1,2,0,2,/b/bamboo_forest/00000574.jpg
3066,053.Western_Grebe/Western_Grebe_0087_36570.jpg,1,2,0,2,/b/bamboo_forest/00004747.jpg
19,001.Black_footed_Albatross/Black_Footed_Albatross_0042_796071.jpg,1,2,0,2,/b/bamboo_forest/00001794.jpg
330,007.Parakeet_Auklet/Parakeet_Auklet_0030_795930.jpg,1,2,0,2,/b/bamboo_forest/00000348.jpg
3361,058.Pigeon_Guillemot/Pigeon_Guillemot_0075_40159.jpg,1,2,0,2,/f/forest/broadleaf/00004081.jpg
8235,141.Artic_Tern/Artic_Tern_0093_141880.jpg,1,2,0,2,/f/forest/broadleaf/00001155.jpg
3778,066.Western_Gull/Western_Gull_0048_53776.jpg,1,2,0,2,/b/bamboo_forest/00003497.jpg
4118,071.Long_tailed_Jaeger/Long_Tailed_Jaeger_0057_797094.jpg,1,2,0,2,/f/forest/broadleaf/00004123.jpg
3418,059.California_Gull/California_Gull_0054_40871.jpg,1,2,0,2,/b/bamboo_forest/00001225.jpg
3573,062.Herring_Gull/Herring_Gull_0080_46806.jpg,1,2,0,2,/f/forest/broadleaf/00002316.jpg
3039,053.Western_Grebe/Western_Grebe_0091_36194.jpg,1,2,0,2,/b/bamboo_forest/00003574.jpg
5103,088.Western_Meadowlark/Western_Meadowlark_0099_78176.jpg,1,2,0,2,/f/forest/broadleaf/00000491.jpg
3750,065.Slaty_backed_Gull/Slaty_Backed_Gull_0075_796027.jpg,1,2,0,2,/f/forest/broadleaf/00004616.jpg
57,001.Black_footed_Albatross/Black_Footed_Albatross_0035_796140.jpg,1,2,0,2,/b/bamboo_forest/00000724.jpg
2845,050.Eared_Grebe/Eared_Grebe_0049_34100.jpg,1,2,0,2,/b/bamboo_forest/00000832.jpg
3680,064.Ring_billed_Gull/Ring_Billed_Gull_0038_51275.jpg,1,2,0,2,/b/bamboo_forest/00001188.jpg
4102,071.Long_tailed_Jaeger/Long_Tailed_Jaeger_0036_797076.jpg,1,2,0,2,/f/forest/broadleaf/00001666.jpg
5838,100.Brown_Pelican/Brown_Pelican_0059_94504.jpg,1,2,0,2,/f/forest/broadleaf/00003079.jpg
149,003.Sooty_Albatross/Sooty_Albatross_0049_796350.jpg,1,2,0,2,/f/forest/broadleaf/00004454.jpg
5955,102.Western_Wood_Pewee/Western_Wood_Pewee_0051_98206.jpg,1,2,0,2,/f/forest/broadleaf/00004211.jpg
3708,064.Ring_billed_Gull/Ring_Billed_Gull_0016_50392.jpg,1,2,0,2,/f/forest/broadleaf/00004951.jpg
8531,146.Forsters_Tern/Forsters_Tern_0043_151332.jpg,1,2,0,2,/f/forest/broadleaf/00004368.jpg
4984,086.Pacific_Loon/Pacific_Loon_0005_75829.jpg,1,2,0,2,/b/bamboo_forest/00000227.jpg
1261,023.Brandt_Cormorant/Brandt_Cormorant_0061_22902.jpg,1,2,0,2,/f/forest/broadleaf/00002114.jpg
3417,059.California_Gull/California_Gull_0038_40865.jpg,1,2,0,2,/f/forest/broadleaf/00001475.jpg
8296,142.Black_Tern/Black_Tern_0096_143917.jpg,1,2,0,2,/b/bamboo_forest/00003667.jpg
8423,144.Common_Tern/Common_Tern_0088_147941.jpg,1,2,0,2,/b/bamboo_forest/00001471.jpg
8357,143.Caspian_Tern/Caspian_Tern_0074_145964.jpg,1,2,0,2,/b/bamboo_forest/00002193.jpg
1127,021.Eastern_Towhee/Eastern_Towhee_0095_22594.jpg,1,2,0,2,/f/forest/broadleaf/00002432.jpg
4863,084.Red_legged_Kittiwake/Red_Legged_Kittiwake_0013_795413.jpg,1,2,0,2,/f/forest/broadleaf/00003217.jpg
6145,106.Horned_Puffin/Horned_Puffin_0068_100872.jpg,1,2,0,2,/f/forest/broadleaf/00004236.jpg
85,002.Laysan_Albatross/Laysan_Albatross_0017_614.jpg,1,2,0,2,/f/forest/broadleaf/00003082.jpg
8604,147.Least_Tern/Least_Tern_0028_153781.jpg,1,2,0,2,/b/bamboo_forest/00000014.jpg
3318,058.Pigeon_Guillemot/Pigeon_Guillemot_0015_40232.jpg,1,2,0,2,/f/forest/broadleaf/00002296.jpg
348,007.Parakeet_Auklet/Parakeet_Auklet_0031_795960.jpg,1,2,0,2,/b/bamboo_forest/00002213.jpg
5245,090.Red_breasted_Merganser/Red_Breasted_Merganser_0066_79275.jpg,1,2,0,2,/b/bamboo_forest/00004726.jpg
8298,142.Black_Tern/Black_Tern_0014_143939.jpg,1,2,0,2,/f/forest/broadleaf/00003195.jpg
169,003.Sooty_Albatross/Sooty_Albatross_0067_796376.jpg,1,2,0,2,/f/forest/broadleaf/00004682.jpg
408,008.Rhinoceros_Auklet/Rhinoceros_Auklet_0045_797536.jpg,1,2,0,2,/f/forest/broadleaf/00004267.jpg
3436,060.Glaucous_winged_Gull/Glaucous_Winged_Gull_0102_44579.jpg,1,2,0,2,/f/forest/broadleaf/00004343.jpg
101,002.Laysan_Albatross/Laysan_Albatross_0012_696.jpg,1,2,0,2,/f/forest/broadleaf/00004021.jpg
5150,089.Hooded_Merganser/Hooded_Merganser_0022_79153.jpg,1,2,0,2,/b/bamboo_forest/00000016.jpg
8282,141.Artic_Tern/Artic_Tern_0030_141816.jpg,1,2,0,2,/b/bamboo_forest/00002914.jpg
2628,046.Gadwall/Gadwall_0010_31158.jpg,1,2,0,2,/f/forest/broadleaf/00004214.jpg
2575,045.Northern_Fulmar/Northern_Fulmar_0077_43730.jpg,1,2,0,2,/f/forest/broadleaf/00000387.jpg
4108,071.Long_tailed_Jaeger/Long_Tailed_Jaeger_0020_61084.jpg,1,2,0,2,/b/bamboo_forest/00000621.jpg
5213,090.Red_breasted_Merganser/Red_Breasted_Merganser_0030_79411.jpg,1,2,0,2,/b/bamboo_forest/00001092.jpg
4903,084.Red_legged_Kittiwake/Red_Legged_Kittiwake_0003_795389.jpg,1,2,0,2,/b/bamboo_forest/00001600.jpg
5965,102.Western_Wood_Pewee/Western_Wood_Pewee_0013_98268.jpg,1,2,0,2,/b/bamboo_forest/00003861.jpg
171,003.Sooty_Albatross/Sooty_Albatross_0036_796387.jpg,1,2,0,2,/b/bamboo_forest/00002813.jpg
2503,044.Frigatebird/Frigatebird_0058_43251.jpg,1,2,0,2,/f/forest/broadleaf/00003156.jpg
5805,100.Brown_Pelican/Brown_Pelican_0127_93700.jpg,1,2,0,2,/f/forest/broadleaf/00001801.jpg
5907,101.White_Pelican/White_Pelican_0072_96975.jpg,1,2,0,2,/f/forest/broadleaf/00002562.jpg
3379,059.California_Gull/California_Gull_0086_41040.jpg,1,2,0,2,/b/bamboo_forest/00002583.jpg
3067,053.Western_Grebe/Western_Grebe_0049_36219.jpg,1,2,0,2,/b/bamboo_forest/00001027.jpg
5933,102.Western_Wood_Pewee/Western_Wood_Pewee_0053_98186.jpg,1,2,0,2,/f/forest/broadleaf/00001435.jpg
44,001.Black_footed_Albatross/Black_Footed_Albatross_0037_796120.jpg,1,2,0,2,/b/bamboo_forest/00003975.jpg
1170,021.Eastern_Towhee/Eastern_Towhee_0014_22367.jpg,1,2,0,2,/f/forest/broadleaf/00003530.jpg
8492,145.Elegant_Tern/Elegant_Tern_0067_151185.jpg,1,2,0,2,/b/bamboo_forest/00000143.jpg
3796,066.Western_Gull/Western_Gull_0091_55465.jpg,1,2,0,2,/f/forest/broadleaf/00004154.jpg
8519,145.Elegant_Tern/Elegant_Tern_0082_150517.jpg,1,2,0,2,/f/forest/broadleaf/00000434.jpg
1293,024.Red_faced_Cormorant/Red_Faced_Cormorant_0021_796265.jpg,1,2,0,2,/f/forest/broadleaf/00001186.jpg
82,002.Laysan_Albatross/Laysan_Albatross_0091_602.jpg,1,2,0,2,/b/bamboo_forest/00000436.jpg
5863,100.Brown_Pelican/Brown_Pelican_0074_93692.jpg,1,2,0,2,/b/bamboo_forest/00002515.jpg
3521,061.Heermann_Gull/Heermann_Gull_0031_45822.jpg,1,2,0,2,/f/forest/broadleaf/00002882.jpg
3403,059.California_Gull/California_Gull_0117_41292.jpg,1,2,0,2,/f/forest/broadleaf/00000138.jpg
1164,021.Eastern_Towhee/Eastern_Towhee_0121_22319.jpg,1,2,0,2,/f/forest/broadleaf/00004809.jpg
4192,072.Pomarine_Jaeger/Pomarine_Jaeger_0063_61406.jpg,1,2,0,2,/b/bamboo_forest/00002777.jpg
3639,063.Ivory_Gull/Ivory_Gull_0002_49788.jpg,1,2,0,2,/f/forest/broadleaf/00000165.jpg
8421,144.Common_Tern/Common_Tern_0105_149841.jpg,1,2,0,2,/b/bamboo_forest/00002016.jpg
79,002.Laysan_Albatross/Laysan_Albatross_0080_821.jpg,1,2,0,2,/b/bamboo_forest/00003255.jpg
5186,089.Hooded_Merganser/Hooded_Merganser_0018_78979.jpg,1,2,0,2,/b/bamboo_forest/00001609.jpg
8313,142.Black_Tern/Black_Tern_0107_144661.jpg,1,2,0,2,/b/bamboo_forest/00002500.jpg
5225,090.Red_breasted_Merganser/Red_Breasted_Merganser_0035_79200.jpg,1,2,0,2,/b/bamboo_forest/00003019.jpg
8618,147.Least_Tern/Least_Tern_0132_154149.jpg,1,2,0,2,/b/bamboo_forest/00002015.jpg
2993,052.Pied_billed_Grebe/Pied_Billed_Grebe_0055_35502.jpg,1,2,0,2,/f/forest/broadleaf/00001388.jpg
2981,052.Pied_billed_Grebe/Pied_Billed_Grebe_0101_35464.jpg,1,2,0,2,/b/bamboo_forest/00003700.jpg
5921,102.Western_Wood_Pewee/Western_Wood_Pewee_0024_98229.jpg,1,2,0,2,/b/bamboo_forest/00000729.jpg
3450,060.Glaucous_winged_Gull/Glaucous_Winged_Gull_0015_44198.jpg,1,2,0,2,/f/forest/broadleaf/00004913.jpg
4088,071.Long_tailed_Jaeger/Long_Tailed_Jaeger_0065_61042.jpg,1,2,0,2,/b/bamboo_forest/00001058.jpg
3386,059.California_Gull/California_Gull_0027_41083.jpg,1,2,0,2,/b/bamboo_forest/00003643.jpg
14,001.Black_footed_Albatross/Black_Footed_Albatross_0006_796065.jpg,1,2,0,2,/b/bamboo_forest/00004722.jpg
3064,053.Western_Grebe/Western_Grebe_0042_36035.jpg,1,2,0,2,/f/forest/broadleaf/00003334.jpg
2482,044.Frigatebird/Frigatebird_0060_43054.jpg,1,2,0,2,/f/forest/broadleaf/00003671.jpg
2488,044.Frigatebird/Frigatebird_0091_43066.jpg,1,2,0,2,/b/bamboo_forest/00004856.jpg
2611,046.Gadwall/Gadwall_0092_31162.jpg,1,2,0,2,/b/bamboo_forest/00001136.jpg
3321,058.Pigeon_Guillemot/Pigeon_Guillemot_0003_39986.jpg,1,2,0,2,/b/bamboo_forest/00000304.jpg
3766,065.Slaty_backed_Gull/Slaty_Backed_Gull_0036_796053.jpg,1,2,0,2,/b/bamboo_forest/00000664.jpg
3526,061.Heermann_Gull/Heermann_Gull_0027_45864.jpg,1,2,0,2,/f/forest/broadleaf/00003097.jpg
2589,045.Northern_Fulmar/Northern_Fulmar_0018_43771.jpg,1,2,0,2,/f/forest/broadleaf/00002959.jpg
1399,025.Pelagic_Cormorant/Pelagic_Cormorant_0001_23538.jpg,1,2,0,2,/f/forest/broadleaf/00003261.jpg
8443,144.Common_Tern/Common_Tern_0120_148670.jpg,1,2,0,2,/b/bamboo_forest/00001133.jpg
5199,089.Hooded_Merganser/Hooded_Merganser_0020_79046.jpg,1,2,0,2,/b/bamboo_forest/00001858.jpg
5198,089.Hooded_Merganser/Hooded_Merganser_0064_79040.jpg,1,2,0,2,/b/bamboo_forest/00004918.jpg
3641,063.Ivory_Gull/Ivory_Gull_0101_49790.jpg,1,2,0,2,/b/bamboo_forest/00003031.jpg
8246,141.Artic_Tern/Artic_Tern_0102_141453.jpg,1,2,0,2,/f/forest/broadleaf/00000442.jpg
4150,072.Pomarine_Jaeger/Pomarine_Jaeger_0033_795749.jpg,1,2,0,2,/b/bamboo_forest/00001038.jpg
2551,045.Northern_Fulmar/Northern_Fulmar_0012_44131.jpg,1,2,0,2,/f/forest/broadleaf/00001530.jpg
4989,086.Pacific_Loon/Pacific_Loon_0045_75589.jpg,1,2,0,2,/f/forest/broadleaf/00002715.jpg
3751,065.Slaty_backed_Gull/Slaty_Backed_Gull_0024_796028.jpg,1,2,0,2,/b/bamboo_forest/00003495.jpg
3434,060.Glaucous_winged_Gull/Glaucous_Winged_Gull_0118_2081.jpg,1,2,0,2,/f/forest/broadleaf/00002390.jpg
6202,106.Horned_Puffin/Horned_Puffin_0079_100847.jpg,1,2,0,2,/f/forest/broadleaf/00000651.jpg
2874,050.Eared_Grebe/Eared_Grebe_0080_34223.jpg,1,2,0,2,/b/bamboo_forest/00004760.jpg
8530,146.Forsters_Tern/Forsters_Tern_0076_151330.jpg,1,2,0,2,/b/bamboo_forest/00004288.jpg
1392,025.Pelagic_Cormorant/Pelagic_Cormorant_0102_23778.jpg,1,2,0,2,/f/forest/broadleaf/00003293.jpg
8307,142.Black_Tern/Black_Tern_0058_143981.jpg,1,2,0,2,/f/forest/broadleaf/00000320.jpg
3034,053.Western_Grebe/Western_Grebe_0090_36182.jpg,1,2,0,2,/b/bamboo_forest/00000499.jpg
3045,053.Western_Grebe/Western_Grebe_0009_36477.jpg,1,2,0,2,/f/forest/broadleaf/00002054.jpg
155,003.Sooty_Albatross/Sooty_Albatross_0029_796357.jpg,1,2,0,2,/f/forest/broadleaf/00000893.jpg
4983,086.Pacific_Loon/Pacific_Loon_0033_75571.jpg,1,2,0,2,/b/bamboo_forest/00002434.jpg
2942,051.Horned_Grebe/Horned_Grebe_0062_34523.jpg,1,2,0,2,/b/bamboo_forest/00000233.jpg
8367,143.Caspian_Tern/Caspian_Tern_0018_146010.jpg,1,2,0,2,/f/forest/broadleaf/00004467.jpg
4890,084.Red_legged_Kittiwake/Red_Legged_Kittiwake_0042_795457.jpg,1,2,0,2,/b/bamboo_forest/00002538.jpg
8352,143.Caspian_Tern/Caspian_Tern_0079_145777.jpg,1,2,0,2,/f/forest/broadleaf/00001114.jpg
28,001.Black_footed_Albatross/Black_Footed_Albatross_0005_796090.jpg,1,2,0,2,/b/bamboo_forest/00000140.jpg
5257,090.Red_breasted_Merganser/Red_Breasted_Merganser_0070_79570.jpg,1,2,0,2,/b/bamboo_forest/00000791.jpg
3771,065.Slaty_backed_Gull/Slaty_Backed_Gull_0083_786386.jpg,1,2,0,2,/b/bamboo_forest/00001032.jpg
383,008.Rhinoceros_Auklet/Rhinoceros_Auklet_0034_797497.jpg,1,2,0,2,/b/bamboo_forest/00002992.jpg
3062,053.Western_Grebe/Western_Grebe_0021_36282.jpg,1,2,0,2,/b/bamboo_forest/00000899.jpg
3530,061.Heermann_Gull/Heermann_Gull_0046_45888.jpg,1,2,0,2,/f/forest/broadleaf/00004891.jpg
6148,106.Horned_Puffin/Horned_Puffin_0065_100625.jpg,1,2,0,2,/f/forest/broadleaf/00004533.jpg
8593,147.Least_Tern/Least_Tern_0026_153702.jpg,1,2,0,2,/b/bamboo_forest/00000426.jpg
300,006.Least_Auklet/Least_Auklet_0025_795087.jpg,1,2,0,2,/b/bamboo_forest/00003422.jpg
354,007.Parakeet_Auklet/Parakeet_Auklet_0015_795966.jpg,1,2,0,2,/f/forest/broadleaf/00004505.jpg
1283,023.Brandt_Cormorant/Brandt_Cormorant_0073_23259.jpg,1,2,0,2,/f/forest/broadleaf/00003170.jpg
10,001.Black_footed_Albatross/Black_Footed_Albatross_0025_796057.jpg,1,2,0,2,/f/forest/broadleaf/00002551.jpg
3717,064.Ring_billed_Gull/Ring_Billed_Gull_0113_51525.jpg,1,2,0,2,/b/bamboo_forest/00000279.jpg
5214,090.Red_breasted_Merganser/Red_Breasted_Merganser_0067_79167.jpg,1,2,0,2,/f/forest/broadleaf/00001095.jpg
2897,051.Horned_Grebe/Horned_Grebe_0077_34587.jpg,1,2,0,2,/f/forest/broadleaf/00004969.jpg
8469,145.Elegant_Tern/Elegant_Tern_0096_151068.jpg,1,2,0,2,/b/bamboo_forest/00002244.jpg
5205,089.Hooded_Merganser/Hooded_Merganser_0072_78973.jpg,1,2,0,2,/b/bamboo_forest/00001284.jpg
8477,145.Elegant_Tern/Elegant_Tern_0058_150853.jpg,1,2,0,2,/b/bamboo_forest/00004323.jpg
139,003.Sooty_Albatross/Sooty_Albatross_0024_1161.jpg,1,2,0,2,/b/bamboo_forest/00003929.jpg
2475,044.Frigatebird/Frigatebird_0122_43549.jpg,1,2,0,2,/f/forest/broadleaf/00003832.jpg
3722,064.Ring_billed_Gull/Ring_Billed_Gull_0029_52613.jpg,1,2,0,2,/f/forest/broadleaf/00000160.jpg
2887,050.Eared_Grebe/Eared_Grebe_0057_34274.jpg,1,2,0,2,/f/forest/broadleaf/00003927.jpg
2982,052.Pied_billed_Grebe/Pied_Billed_Grebe_0067_35465.jpg,1,2,0,2,/b/bamboo_forest/00000991.jpg
3755,065.Slaty_backed_Gull/Slaty_Backed_Gull_0003_796032.jpg,1,2,0,2,/b/bamboo_forest/00003983.jpg
8253,141.Artic_Tern/Artic_Tern_0034_142022.jpg,1,2,0,2,/b/bamboo_forest/00001603.jpg
3528,061.Heermann_Gull/Heermann_Gull_0083_45879.jpg,1,2,0,2,/f/forest/broadleaf/00001722.jpg
8442,144.Common_Tern/Common_Tern_0042_147897.jpg,1,2,0,2,/b/bamboo_forest/00001046.jpg
2868,050.Eared_Grebe/Eared_Grebe_0069_34199.jpg,1,2,0,2,/b/bamboo_forest/00003591.jpg
337,007.Parakeet_Auklet/Parakeet_Auklet_0058_795942.jpg,1,2,0,2,/f/forest/broadleaf/00000653.jpg
8440,144.Common_Tern/Common_Tern_0106_149345.jpg,1,2,0,2,/b/bamboo_forest/00001108.jpg
260,005.Crested_Auklet/Crested_Auklet_0028_794951.jpg,1,2,0,2,/f/forest/broadleaf/00001014.jpg
3411,059.California_Gull/California_Gull_0123_41330.jpg,1,2,0,2,/b/bamboo_forest/00003010.jpg
1244,023.Brandt_Cormorant/Brandt_Cormorant_0064_22849.jpg,1,2,0,2,/f/forest/broadleaf/00003762.jpg
2582,045.Northern_Fulmar/Northern_Fulmar_0052_43857.jpg,1,2,0,2,/b/bamboo_forest/00002806.jpg
4119,071.Long_tailed_Jaeger/Long_Tailed_Jaeger_0051_797095.jpg,1,2,0,2,/b/bamboo_forest/00003499.jpg
3820,066.Western_Gull/Western_Gull_0021_54649.jpg,1,2,0,2,/f/forest/broadleaf/00000864.jpg
91,002.Laysan_Albatross/Laysan_Albatross_0104_630.jpg,1,2,0,2,/f/forest/broadleaf/00003360.jpg
1272,023.Brandt_Cormorant/Brandt_Cormorant_0078_23203.jpg,1,2,0,2,/f/forest/broadleaf/00001830.jpg
8331,142.Black_Tern/Black_Tern_0100_144597.jpg,1,2,0,2,/f/forest/broadleaf/00004448.jpg
5097,088.Western_Meadowlark/Western_Meadowlark_0032_78633.jpg,1,2,0,2,/b/bamboo_forest/00002172.jpg
1142,021.Eastern_Towhee/Eastern_Towhee_0085_22674.jpg,1,2,0,2,/f/forest/broadleaf/00002856.jpg
3404,059.California_Gull/California_Gull_0088_41296.jpg,1,2,0,2,/b/bamboo_forest/00001565.jpg
3390,059.California_Gull/California_Gull_0048_41121.jpg,1,2,0,2,/b/bamboo_forest/00001839.jpg
4998,086.Pacific_Loon/Pacific_Loon_0050_75388.jpg,1,2,0,2,/f/forest/broadleaf/00000183.jpg
5125,088.Western_Meadowlark/Western_Meadowlark_0103_78500.jpg,1,2,0,2,/b/bamboo_forest/00004897.jpg
1174,021.Eastern_Towhee/Eastern_Towhee_0062_22418.jpg,1,2,0,2,/b/bamboo_forest/00002965.jpg
6161,106.Horned_Puffin/Horned_Puffin_0054_100915.jpg,1,2,0,2,/f/forest/broadleaf/00000896.jpg
3432,060.Glaucous_winged_Gull/Glaucous_Winged_Gull_0007_44575.jpg,1,2,0,2,/f/forest/broadleaf/00003489.jpg
5974,102.Western_Wood_Pewee/Western_Wood_Pewee_0001_98045.jpg,1,2,0,2,/f/forest/broadleaf/00001596.jpg
8601,147.Least_Tern/Least_Tern_0014_153757.jpg,1,2,0,2,/b/bamboo_forest/00003130.jpg
5856,100.Brown_Pelican/Brown_Pelican_0019_95158.jpg,1,2,0,2,/b/bamboo_forest/00002839.jpg
2514,044.Frigatebird/Frigatebird_0019_43348.jpg,1,2,0,2,/f/forest/broadleaf/00000513.jpg
8542,146.Forsters_Tern/Forsters_Tern_0032_151384.jpg,1,2,0,2,/b/bamboo_forest/00000958.jpg
2511,044.Frigatebird/Frigatebird_0063_42812.jpg,1,2,0,2,/b/bamboo_forest/00002182.jpg
5263,090.Red_breasted_Merganser/Red_Breasted_Merganser_0056_79348.jpg,1,2,0,2,/b/bamboo_forest/00002633.jpg
5265,090.Red_breasted_Merganser/Red_Breasted_Merganser_0045_79358.jpg,1,2,0,2,/f/forest/broadleaf/00000587.jpg
6159,106.Horned_Puffin/Horned_Puffin_0027_100906.jpg,1,2,0,2,/b/bamboo_forest/00001951.jpg
154,003.Sooty_Albatross/Sooty_Albatross_0010_796355.jpg,1,2,0,2,/f/forest/broadleaf/00002588.jpg
3483,060.Glaucous_winged_Gull/Glaucous_Winged_Gull_0075_44455.jpg,1,2,0,2,/b/bamboo_forest/00001901.jpg
3651,063.Ivory_Gull/Ivory_Gull_0032_49322.jpg,1,2,0,2,/f/forest/broadleaf/00003868.jpg
3745,065.Slaty_backed_Gull/Slaty_Backed_Gull_0022_796022.jpg,1,2,0,2,/f/forest/broadleaf/00003297.jpg
6197,106.Horned_Puffin/Horned_Puffin_0019_101063.jpg,1,2,0,2,/f/forest/broadleaf/00001541.jpg
5134,088.Western_Meadowlark/Western_Meadowlark_0064_78027.jpg,1,2,0,2,/f/forest/broadleaf/00001508.jpg
8465,145.Elegant_Tern/Elegant_Tern_0080_150538.jpg,1,2,0,2,/b/bamboo_forest/00002770.jpg
5815,100.Brown_Pelican/Brown_Pelican_0095_94290.jpg,1,2,0,2,/b/bamboo_forest/00000223.jpg
5959,102.Western_Wood_Pewee/Western_Wood_Pewee_0050_98241.jpg,1,2,0,2,/f/forest/broadleaf/00001792.jpg
3428,060.Glaucous_winged_Gull/Glaucous_Winged_Gull_0136_45059.jpg,1,2,0,2,/f/forest/broadleaf/00001754.jpg
4973,086.Pacific_Loon/Pacific_Loon_0027_75542.jpg,1,2,0,2,/b/bamboo_forest/00000864.jpg
5865,101.White_Pelican/White_Pelican_0077_97025.jpg,1,2,0,2,/f/forest/broadleaf/00004622.jpg
8238,141.Artic_Tern/Artic_Tern_0129_141395.jpg,1,2,0,2,/f/forest/broadleaf/00001738.jpg
1144,021.Eastern_Towhee/Eastern_Towhee_0098_22676.jpg,1,2,0,2,/b/bamboo_forest/00001803.jpg
6163,106.Horned_Puffin/Horned_Puffin_0075_100664.jpg,1,2,0,2,/b/bamboo_forest/00003292.jpg
5141,088.Western_Meadowlark/Western_Meadowlark_0076_77811.jpg,1,2,0,2,/b/bamboo_forest/00001570.jpg
8428,144.Common_Tern/Common_Tern_0087_147945.jpg,1,2,0,2,/b/bamboo_forest/00004365.jpg
1136,021.Eastern_Towhee/Eastern_Towhee_0017_22138.jpg,1,2,0,2,/b/bamboo_forest/00002032.jpg
8444,144.Common_Tern/Common_Tern_0050_148928.jpg,1,2,0,2,/b/bamboo_forest/00004489.jpg
3350,058.Pigeon_Guillemot/Pigeon_Guillemot_0109_39872.jpg,1,2,0,2,/b/bamboo_forest/00002440.jpg
1313,024.Red_faced_Cormorant/Red_Faced_Cormorant_0054_796301.jpg,1,2,0,2,/f/forest/broadleaf/00003461.jpg
3421,059.California_Gull/California_Gull_0087_40909.jpg,1,2,0,2,/f/forest/broadleaf/00000639.jpg
2995,052.Pied_billed_Grebe/Pied_Billed_Grebe_0059_35507.jpg,1,2,0,2,/b/bamboo_forest/00001405.jpg
343,007.Parakeet_Auklet/Parakeet_Auklet_0064_795954.jpg,1,2,0,2,/f/forest/broadleaf/00002471.jpg
8348,143.Caspian_Tern/Caspian_Tern_0102_145928.jpg,1,2,0,2,/b/bamboo_forest/00002161.jpg
126,003.Sooty_Albatross/Sooty_Albatross_0003_1078.jpg,1,2,0,2,/b/bamboo_forest/00003308.jpg
8624,147.Least_Tern/Least_Tern_0034_153963.jpg,1,2,0,2,/f/forest/broadleaf/00002877.jpg
8633,147.Least_Tern/Least_Tern_0125_153996.jpg,1,2,0,2,/f/forest/broadleaf/00001461.jpg
5179,089.Hooded_Merganser/Hooded_Merganser_0026_796782.jpg,1,2,1,3,/l/lake/natural/00002204.jpg
3714,064.Ring_billed_Gull/Ring_Billed_Gull_0071_52845.jpg,1,2,1,3,/o/ocean/00002227.jpg
5920,102.Western_Wood_Pewee/Western_Wood_Pewee_0061_795060.jpg,1,2,1,3,/o/ocean/00003269.jpg
315,006.Least_Auklet/Least_Auklet_0005_795119.jpg,1,2,1,3,/l/lake/natural/00000333.jpg
3514,061.Heermann_Gull/Heermann_Gull_0097_45783.jpg,1,2,1,3,/o/ocean/00004006.jpg
2590,046.Gadwall/Gadwall_0022_31616.jpg,1,2,1,3,/l/lake/natural/00004680.jpg
2934,051.Horned_Grebe/Horned_Grebe_0095_34491.jpg,1,2,1,3,/l/lake/natural/00004453.jpg
8535,146.Forsters_Tern/Forsters_Tern_0092_152119.jpg,1,2,1,3,/l/lake/natural/00002904.jpg
8631,147.Least_Tern/Least_Tern_0131_153983.jpg,1,2,1,3,/o/ocean/00000865.jpg
8451,144.Common_Tern/Common_Tern_0004_148977.jpg,1,2,1,3,/o/ocean/00000244.jpg
2583,045.Northern_Fulmar/Northern_Fulmar_0028_43752.jpg,1,2,1,3,/o/ocean/00001948.jpg
3749,065.Slaty_backed_Gull/Slaty_Backed_Gull_0035_796026.jpg,1,2,1,3,/l/lake/natural/00000661.jpg
8468,145.Elegant_Tern/Elegant_Tern_0030_151067.jpg,1,2,1,3,/l/lake/natural/00001067.jpg
1400,025.Pelagic_Cormorant/Pelagic_Cormorant_0014_23801.jpg,1,2,1,3,/o/ocean/00000138.jpg
3684,064.Ring_billed_Gull/Ring_Billed_Gull_0009_51301.jpg,1,2,1,3,/l/lake/natural/00002067.jpg
4101,071.Long_tailed_Jaeger/Long_Tailed_Jaeger_0047_797075.jpg,1,2,1,3,/l/lake/natural/00004554.jpg
2632,046.Gadwall/Gadwall_0065_31659.jpg,1,2,1,3,/o/ocean/00004401.jpg
4141,072.Pomarine_Jaeger/Pomarine_Jaeger_0034_61247.jpg,1,2,1,3,/l/lake/natural/00002833.jpg
1339,024.Red_faced_Cormorant/Red_Faced_Cormorant_0027_23482.jpg,1,2,1,3,/l/lake/natural/00003551.jpg
8529,146.Forsters_Tern/Forsters_Tern_0109_152094.jpg,1,2,1,3,/o/ocean/00003554.jpg
2847,050.Eared_Grebe/Eared_Grebe_0084_34364.jpg,1,2,1,3,/o/ocean/00002997.jpg
3705,064.Ring_billed_Gull/Ring_Billed_Gull_0051_51440.jpg,1,2,1,3,/l/lake/natural/00002339.jpg
2577,045.Northern_Fulmar/Northern_Fulmar_0042_43739.jpg,1,2,1,3,/l/lake/natural/00000274.jpg
8490,145.Elegant_Tern/Elegant_Tern_0084_150922.jpg,1,2,1,3,/o/ocean/00000034.jpg
3646,063.Ivory_Gull/Ivory_Gull_0018_49988.jpg,1,2,1,3,/l/lake/natural/00002760.jpg
5051,087.Mallard/Mallard_0107_76498.jpg,1,2,1,3,/o/ocean/00002438.jpg
8511,145.Elegant_Tern/Elegant_Tern_0035_150744.jpg,1,2,1,3,/l/lake/natural/00004426.jpg
5189,089.Hooded_Merganser/Hooded_Merganser_0025_78996.jpg,1,2,1,3,/o/ocean/00003469.jpg
65,002.Laysan_Albatross/Laysan_Albatross_0070_788.jpg,1,2,1,3,/l/lake/natural/00004303.jpg
8507,145.Elegant_Tern/Elegant_Tern_0036_150972.jpg,1,2,1,3,/o/ocean/00003115.jpg
1132,021.Eastern_Towhee/Eastern_Towhee_0134_22624.jpg,1,2,1,3,/o/ocean/00003166.jpg
3552,062.Herring_Gull/Herring_Gull_0083_48674.jpg,1,2,1,3,/l/lake/natural/00004091.jpg
2830,050.Eared_Grebe/Eared_Grebe_0036_34048.jpg,1,2,1,3,/o/ocean/00003033.jpg
6,001.Black_footed_Albatross/Black_Footed_Albatross_0085_92.jpg,1,2,1,3,/o/ocean/00002713.jpg
4144,072.Pomarine_Jaeger/Pomarine_Jaeger_0051_795738.jpg,1,2,1,3,/l/lake/natural/00000586.jpg
8619,147.Least_Tern/Least_Tern_0113_153415.jpg,1,2,1,3,/o/ocean/00003748.jpg
3329,058.Pigeon_Guillemot/Pigeon_Guillemot_0042_40281.jpg,1,2,1,3,/o/ocean/00002618.jpg
244,005.Crested_Auklet/Crested_Auklet_0041_794910.jpg,1,2,1,3,/l/lake/natural/00004831.jpg
8315,142.Black_Tern/Black_Tern_0048_144001.jpg,1,2,1,3,/l/lake/natural/00001700.jpg
4905,084.Red_legged_Kittiwake/Red_Legged_Kittiwake_0062_795434.jpg,1,2,1,3,/o/ocean/00003164.jpg
5029,087.Mallard/Mallard_0130_76836.jpg,1,2,1,3,/l/lake/natural/00002710.jpg
3582,062.Herring_Gull/Herring_Gull_0132_47395.jpg,1,2,1,3,/o/ocean/00001859.jpg
2636,046.Gadwall/Gadwall_0050_31223.jpg,1,2,1,3,/o/ocean/00000925.jpg
5133,088.Western_Meadowlark/Western_Meadowlark_0067_78529.jpg,1,2,1,3,/l/lake/natural/00001826.jpg
5877,101.White_Pelican/White_Pelican_0025_97604.jpg,1,2,1,3,/o/ocean/00004148.jpg
24,001.Black_footed_Albatross/Black_Footed_Albatross_0061_796082.jpg,1,2,1,3,/o/ocean/00003333.jpg
1348,025.Pelagic_Cormorant/Pelagic_Cormorant_0070_23513.jpg,1,2,1,3,/l/lake/natural/00000846.jpg
3011,053.Western_Grebe/Western_Grebe_0077_36355.jpg,1,2,1,3,/l/lake/natural/00000187.jpg
2532,045.Northern_Fulmar/Northern_Fulmar_0103_44062.jpg,1,2,1,3,/o/ocean/00003053.jpg
5234,090.Red_breasted_Merganser/Red_Breasted_Merganser_0051_79474.jpg,1,2,1,3,/o/ocean/00004059.jpg
3445,060.Glaucous_winged_Gull/Glaucous_Winged_Gull_0124_44663.jpg,1,2,1,3,/l/lake/natural/00000080.jpg
6155,106.Horned_Puffin/Horned_Puffin_0084_100637.jpg,1,2,1,3,/l/lake/natural/00004096.jpg
8554,146.Forsters_Tern/Forsters_Tern_0116_151688.jpg,1,2,1,3,/l/lake/natural/00000003.jpg
1271,023.Brandt_Cormorant/Brandt_Cormorant_0039_22945.jpg,1,2,1,3,/o/ocean/00001372.jpg
157,003.Sooty_Albatross/Sooty_Albatross_0020_796359.jpg,1,2,1,3,/o/ocean/00003334.jpg
5843,100.Brown_Pelican/Brown_Pelican_0122_94022.jpg,1,2,1,3,/l/lake/natural/00004759.jpg
2926,051.Horned_Grebe/Horned_Grebe_0010_34716.jpg,1,2,1,3,/o/ocean/00004246.jpg
2867,050.Eared_Grebe/Eared_Grebe_0001_34433.jpg,1,2,1,3,/o/ocean/00000017.jpg
3357,058.Pigeon_Guillemot/Pigeon_Guillemot_0037_40149.jpg,1,2,1,3,/o/ocean/00002963.jpg
3449,060.Glaucous_winged_Gull/Glaucous_Winged_Gull_0130_45210.jpg,1,2,1,3,/l/lake/natural/00000534.jpg
2968,052.Pied_billed_Grebe/Pied_Billed_Grebe_0014_35424.jpg,1,2,1,3,/o/ocean/00002054.jpg
3556,062.Herring_Gull/Herring_Gull_0001_48205.jpg,1,2,1,3,/l/lake/natural/00003539.jpg
5140,088.Western_Meadowlark/Western_Meadowlark_0091_78576.jpg,1,2,1,3,/o/ocean/00003864.jpg
2880,050.Eared_Grebe/Eared_Grebe_0009_34244.jpg,1,2,1,3,/l/lake/natural/00004123.jpg
352,007.Parakeet_Auklet/Parakeet_Auklet_0067_795964.jpg,1,2,1,3,/l/lake/natural/00000492.jpg
103,002.Laysan_Albatross/Laysan_Albatross_0037_699.jpg,1,2,1,3,/o/ocean/00004728.jpg
5924,102.Western_Wood_Pewee/Western_Wood_Pewee_0032_98121.jpg,1,2,1,3,/o/ocean/00002527.jpg
5886,101.White_Pelican/White_Pelican_0052_96865.jpg,1,2,1,3,/o/ocean/00002973.jpg
4864,084.Red_legged_Kittiwake/Red_Legged_Kittiwake_0060_795414.jpg,1,2,1,3,/o/ocean/00001400.jpg
2571,045.Northern_Fulmar/Northern_Fulmar_0064_43710.jpg,1,2,1,3,/l/lake/natural/00001333.jpg
2540,045.Northern_Fulmar/Northern_Fulmar_0053_43843.jpg,1,2,1,3,/o/ocean/00002075.jpg
4110,071.Long_tailed_Jaeger/Long_Tailed_Jaeger_0014_797086.jpg,1,2,1,3,/l/lake/natural/00001316.jpg
8539,146.Forsters_Tern/Forsters_Tern_0041_149586.jpg,1,2,1,3,/o/ocean/00004272.jpg
3499,061.Heermann_Gull/Heermann_Gull_0023_45686.jpg,1,2,1,3,/l/lake/natural/00002049.jpg
5066,087.Mallard/Mallard_0035_77095.jpg,1,2,1,3,/o/ocean/00002860.jpg
2500,044.Frigatebird/Frigatebird_0011_43213.jpg,1,2,1,3,/o/ocean/00001912.jpg
5025,086.Pacific_Loon/Pacific_Loon_0002_75775.jpg,1,2,1,3,/o/ocean/00001470.jpg
3732,065.Slaty_backed_Gull/Slaty_Backed_Gull_0007_53334.jpg,1,2,1,3,/l/lake/natural/00004227.jpg
2851,050.Eared_Grebe/Eared_Grebe_0042_34132.jpg,1,2,1,3,/l/lake/natural/00000373.jpg
2613,046.Gadwall/Gadwall_0009_31847.jpg,1,2,1,3,/l/lake/natural/00000347.jpg
5154,089.Hooded_Merganser/Hooded_Merganser_0037_796731.jpg,1,2,1,3,/l/lake/natural/00004905.jpg
2977,052.Pied_billed_Grebe/Pied_Billed_Grebe_0045_35962.jpg,1,2,1,3,/o/ocean/00002849.jpg
8433,144.Common_Tern/Common_Tern_0092_147779.jpg,1,2,1,3,/l/lake/natural/00001814.jpg
5197,089.Hooded_Merganser/Hooded_Merganser_0016_79079.jpg,1,2,1,3,/l/lake/natural/00003980.jpg
5132,088.Western_Meadowlark/Western_Meadowlark_0037_77759.jpg,1,2,1,3,/o/ocean/00003534.jpg
381,008.Rhinoceros_Auklet/Rhinoceros_Auklet_0042_2101.jpg,1,2,1,3,/o/ocean/00004068.jpg
2863,050.Eared_Grebe/Eared_Grebe_0043_34427.jpg,1,2,1,3,/l/lake/natural/00003504.jpg
2552,045.Northern_Fulmar/Northern_Fulmar_0056_43880.jpg,1,2,1,3,/l/lake/natural/00001545.jpg
3495,061.Heermann_Gull/Heermann_Gull_0111_45652.jpg,1,2,1,3,/o/ocean/00001915.jpg
3613,063.Ivory_Gull/Ivory_Gull_0010_49169.jpg,1,2,1,3,/o/ocean/00001525.jpg
2600,046.Gadwall/Gadwall_0007_31537.jpg,1,2,1,3,/l/lake/natural/00004122.jpg
3353,058.Pigeon_Guillemot/Pigeon_Guillemot_0079_40389.jpg,1,2,1,3,/o/ocean/00000713.jpg
3603,062.Herring_Gull/Herring_Gull_0093_46029.jpg,1,2,1,3,/o/ocean/00002681.jpg
8345,143.Caspian_Tern/Caspian_Tern_0024_146033.jpg,1,2,1,3,/o/ocean/00001421.jpg
1382,025.Pelagic_Cormorant/Pelagic_Cormorant_0030_23732.jpg,1,2,1,3,/o/ocean/00003907.jpg
88,002.Laysan_Albatross/Laysan_Albatross_0098_621.jpg,1,2,1,3,/o/ocean/00000597.jpg
3060,053.Western_Grebe/Western_Grebe_0011_36522.jpg,1,2,1,3,/l/lake/natural/00001481.jpg
340,007.Parakeet_Auklet/Parakeet_Auklet_0020_795947.jpg,1,2,1,3,/o/ocean/00003317.jpg
5193,089.Hooded_Merganser/Hooded_Merganser_0010_796785.jpg,1,2,1,3,/o/ocean/00000672.jpg
3055,053.Western_Grebe/Western_Grebe_0106_36509.jpg,1,2,1,3,/o/ocean/00001936.jpg
2935,051.Horned_Grebe/Horned_Grebe_0110_35012.jpg,1,2,1,3,/o/ocean/00001869.jpg
3711,064.Ring_billed_Gull/Ring_Billed_Gull_0078_51494.jpg,1,2,1,3,/o/ocean/00001505.jpg
8232,141.Artic_Tern/Artic_Tern_0048_142372.jpg,1,2,1,3,/o/ocean/00003786.jpg
5226,090.Red_breasted_Merganser/Red_Breasted_Merganser_0008_79458.jpg,1,2,1,3,/o/ocean/00001492.jpg
3679,064.Ring_billed_Gull/Ring_Billed_Gull_0034_51270.jpg,1,2,1,3,/o/ocean/00003499.jpg
1268,023.Brandt_Cormorant/Brandt_Cormorant_0036_22937.jpg,1,2,1,3,/o/ocean/00003167.jpg
8318,142.Black_Tern/Black_Tern_0070_144292.jpg,1,2,1,3,/l/lake/natural/00000670.jpg
2846,050.Eared_Grebe/Eared_Grebe_0018_34357.jpg,1,2,1,3,/l/lake/natural/00003965.jpg
5949,102.Western_Wood_Pewee/Western_Wood_Pewee_0043_795053.jpg,1,2,1,3,/l/lake/natural/00002594.jpg
3063,053.Western_Grebe/Western_Grebe_0105_36542.jpg,1,2,1,3,/o/ocean/00003035.jpg
2505,044.Frigatebird/Frigatebird_0081_42779.jpg,1,2,1,3,/l/lake/natural/00003327.jpg
3598,062.Herring_Gull/Herring_Gull_0103_45996.jpg,1,2,1,3,/o/ocean/00003210.jpg
282,005.Crested_Auklet/Crested_Auklet_0048_1791.jpg,1,2,1,3,/l/lake/natural/00001973.jpg
8560,146.Forsters_Tern/Forsters_Tern_0086_152738.jpg,1,2,1,3,/o/ocean/00003799.jpg
5108,088.Western_Meadowlark/Western_Meadowlark_0111_78674.jpg,1,2,1,3,/o/ocean/00001114.jpg
3568,062.Herring_Gull/Herring_Gull_0120_48822.jpg,1,2,1,3,/l/lake/natural/00003646.jpg
2508,044.Frigatebird/Frigatebird_0121_42791.jpg,1,2,1,3,/o/ocean/00001095.jpg
5928,102.Western_Wood_Pewee/Western_Wood_Pewee_0077_98133.jpg,1,2,1,3,/l/lake/natural/00004741.jpg
8622,147.Least_Tern/Least_Tern_0035_152932.jpg,1,2,1,3,/l/lake/natural/00003556.jpg
2952,052.Pied_billed_Grebe/Pied_Billed_Grebe_0037_35598.jpg,1,2,1,3,/l/lake/natural/00003375.jpg
4086,071.Long_tailed_Jaeger/Long_Tailed_Jaeger_0064_60999.jpg,1,2,1,3,/o/ocean/00004328.jpg
3688,064.Ring_billed_Gull/Ring_Billed_Gull_0057_51315.jpg,1,2,1,3,/o/ocean/00003814.jpg
2596,046.Gadwall/Gadwall_0080_31747.jpg,1,2,1,3,/l/lake/natural/00004619.jpg
130,003.Sooty_Albatross/Sooty_Albatross_0071_1116.jpg,1,2,1,3,/l/lake/natural/00003942.jpg
4979,086.Pacific_Loon/Pacific_Loon_0041_75782.jpg,1,2,1,3,/l/lake/natural/00003390.jpg
2607,046.Gadwall/Gadwall_0087_31821.jpg,1,2,1,3,/l/lake/natural/00000623.jpg
3809,066.Western_Gull/Western_Gull_0041_53554.jpg,1,2,1,3,/o/ocean/00001908.jpg
5837,100.Brown_Pelican/Brown_Pelican_0003_94427.jpg,1,2,1,3,/l/lake/natural/00004889.jpg
3019,053.Western_Grebe/Western_Grebe_0013_36383.jpg,1,2,1,3,/l/lake/natural/00003625.jpg
3758,065.Slaty_backed_Gull/Slaty_Backed_Gull_0078_796042.jpg,1,2,1,3,/l/lake/natural/00002981.jpg
3525,061.Heermann_Gull/Heermann_Gull_0074_45351.jpg,1,2,1,3,/o/ocean/00004129.jpg
3012,053.Western_Grebe/Western_Grebe_0064_36613.jpg,1,2,1,3,/o/ocean/00001546.jpg
3051,053.Western_Grebe/Western_Grebe_0020_36241.jpg,1,2,1,3,/o/ocean/00004549.jpg
5250,090.Red_breasted_Merganser/Red_Breasted_Merganser_0034_79292.jpg,1,2,1,3,/o/ocean/00004078.jpg
8383,143.Caspian_Tern/Caspian_Tern_0068_146615.jpg,1,2,1,3,/l/lake/natural/00001060.jpg
3607,063.Ivory_Gull/Ivory_Gull_0110_49408.jpg,1,2,1,3,/l/lake/natural/00000684.jpg
8447,144.Common_Tern/Common_Tern_0044_148680.jpg,1,2,1,3,/o/ocean/00000260.jpg
4982,086.Pacific_Loon/Pacific_Loon_0018_75564.jpg,1,2,1,3,/o/ocean/00001965.jpg
3682,064.Ring_billed_Gull/Ring_Billed_Gull_0085_51292.jpg,1,2,1,3,/o/ocean/00000093.jpg
22,001.Black_footed_Albatross/Black_Footed_Albatross_0090_796077.jpg,1,2,1,3,/l/lake/natural/00004413.jpg
5846,100.Brown_Pelican/Brown_Pelican_0040_94051.jpg,1,2,1,3,/o/ocean/00001119.jpg
107,002.Laysan_Albatross/Laysan_Albatross_0004_930.jpg,1,2,1,3,/o/ocean/00004496.jpg
3354,058.Pigeon_Guillemot/Pigeon_Guillemot_0052_40137.jpg,1,2,1,3,/l/lake/natural/00003080.jpg
1162,021.Eastern_Towhee/Eastern_Towhee_0001_22314.jpg,1,2,1,3,/l/lake/natural/00002208.jpg
3058,053.Western_Grebe/Western_Grebe_0002_36518.jpg,1,2,1,3,/l/lake/natural/00003181.jpg
2991,052.Pied_billed_Grebe/Pied_Billed_Grebe_0095_35496.jpg,1,2,1,3,/o/ocean/00003015.jpg
13,001.Black_footed_Albatross/Black_Footed_Albatross_0049_796063.jpg,1,2,1,3,/l/lake/natural/00004561.jpg
3312,058.Pigeon_Guillemot/Pigeon_Guillemot_0012_40236.jpg,1,2,1,3,/l/lake/natural/00003971.jpg
3322,058.Pigeon_Guillemot/Pigeon_Guillemot_0096_39995.jpg,1,2,1,3,/o/ocean/00003940.jpg
8547,146.Forsters_Tern/Forsters_Tern_0021_144734.jpg,1,2,1,3,/l/lake/natural/00003719.jpg
3384,059.California_Gull/California_Gull_0037_41066.jpg,1,2,1,3,/l/lake/natural/00002991.jpg
8252,141.Artic_Tern/Artic_Tern_0138_142527.jpg,1,2,1,3,/o/ocean/00001872.jpg
50,001.Black_footed_Albatross/Black_Footed_Albatross_0045_796129.jpg,1,2,1,3,/l/lake/natural/00002404.jpg
3455,060.Glaucous_winged_Gull/Glaucous_Winged_Gull_0116_45236.jpg,1,2,1,3,/l/lake/natural/00004199.jpg
4991,086.Pacific_Loon/Pacific_Loon_0020_75596.jpg,1,2,1,3,/o/ocean/00001238.jpg
3600,062.Herring_Gull/Herring_Gull_0082_47540.jpg,1,2,1,3,/l/lake/natural/00004874.jpg
98,002.Laysan_Albatross/Laysan_Albatross_0064_674.jpg,1,2,1,3,/o/ocean/00004880.jpg
1319,024.Red_faced_Cormorant/Red_Faced_Cormorant_0038_796313.jpg,1,2,1,3,/l/lake/natural/00003863.jpg
5973,102.Western_Wood_Pewee/Western_Wood_Pewee_0069_98299.jpg,1,2,1,3,/o/ocean/00000092.jpg
2561,045.Northern_Fulmar/Northern_Fulmar_0015_43658.jpg,1,2,1,3,/o/ocean/00004240.jpg
3368,059.California_Gull/California_Gull_0131_40963.jpg,1,2,1,3,/o/ocean/00004385.jpg
5942,102.Western_Wood_Pewee/Western_Wood_Pewee_0073_795044.jpg,1,2,1,3,/o/ocean/00004009.jpg
5898,101.White_Pelican/White_Pelican_0014_96417.jpg,1,2,1,3,/l/lake/natural/00004343.jpg
8508,145.Elegant_Tern/Elegant_Tern_0039_150944.jpg,1,2,1,3,/o/ocean/00004572.jpg
357,007.Parakeet_Auklet/Parakeet_Auklet_0051_795971.jpg,1,2,1,3,/l/lake/natural/00000497.jpg
2525,044.Frigatebird/Frigatebird_0031_42979.jpg,1,2,1,3,/o/ocean/00003412.jpg
8261,141.Artic_Tern/Artic_Tern_0041_142079.jpg,1,2,1,3,/l/lake/natural/00001653.jpg
386,008.Rhinoceros_Auklet/Rhinoceros_Auklet_0044_797502.jpg,1,2,1,3,/o/ocean/00000220.jpg
4140,072.Pomarine_Jaeger/Pomarine_Jaeger_0008_61231.jpg,1,2,1,3,/o/ocean/00000399.jpg
8581,146.Forsters_Tern/Forsters_Tern_0083_151282.jpg,1,2,1,3,/o/ocean/00004344.jpg
3328,058.Pigeon_Guillemot/Pigeon_Guillemot_0023_39829.jpg,1,2,1,3,/o/ocean/00003624.jpg
8270,141.Artic_Tern/Artic_Tern_0044_142151.jpg,1,2,1,3,/o/ocean/00002772.jpg
8227,141.Artic_Tern/Artic_Tern_0015_141829.jpg,1,2,1,3,/l/lake/natural/00004087.jpg
33,001.Black_footed_Albatross/Black_Footed_Albatross_0064_796101.jpg,1,2,1,3,/l/lake/natural/00001657.jpg
8487,145.Elegant_Tern/Elegant_Tern_0023_150654.jpg,1,2,1,3,/l/lake/natural/00001220.jpg
2862,050.Eared_Grebe/Eared_Grebe_0037_34169.jpg,1,2,1,3,/l/lake/natural/00000265.jpg
6157,106.Horned_Puffin/Horned_Puffin_0050_100645.jpg,1,2,1,3,/l/lake/natural/00002620.jpg
279,005.Crested_Auklet/Crested_Auklet_0036_794905.jpg,1,2,1,3,/l/lake/natural/00000912.jpg
8495,145.Elegant_Tern/Elegant_Tern_0099_150682.jpg,1,2,1,3,/o/ocean/00003892.jpg
1258,023.Brandt_Cormorant/Brandt_Cormorant_0042_23151.jpg,1,2,1,3,/l/lake/natural/00004634.jpg
2495,044.Frigatebird/Frigatebird_0118_43189.jpg,1,2,1,3,/o/ocean/00000319.jpg
2902,051.Horned_Grebe/Horned_Grebe_0045_34859.jpg,1,2,1,3,/o/ocean/00001018.jpg
2923,051.Horned_Grebe/Horned_Grebe_0001_34723.jpg,1,2,1,3,/o/ocean/00002241.jpg
3834,066.Western_Gull/Western_Gull_0100_54761.jpg,1,2,1,3,/l/lake/natural/00004725.jpg
3444,060.Glaucous_winged_Gull/Glaucous_Winged_Gull_0056_44658.jpg,1,2,1,3,/o/ocean/00003972.jpg
4125,071.Long_tailed_Jaeger/Long_Tailed_Jaeger_0034_797102.jpg,1,2,1,3,/o/ocean/00004944.jpg
4153,072.Pomarine_Jaeger/Pomarine_Jaeger_0042_795755.jpg,1,2,1,3,/o/ocean/00001601.jpg
8488,145.Elegant_Tern/Elegant_Tern_0072_150911.jpg,1,2,1,3,/o/ocean/00001876.jpg
2921,051.Horned_Grebe/Horned_Grebe_0100_34462.jpg,1,2,1,3,/o/ocean/00002408.jpg
87,002.Laysan_Albatross/Laysan_Albatross_0035_876.jpg,1,2,1,3,/o/ocean/00002893.jpg
4077,071.Long_tailed_Jaeger/Long_Tailed_Jaeger_0025_60937.jpg,1,2,1,3,/l/lake/natural/00003429.jpg
3669,064.Ring_billed_Gull/Ring_Billed_Gull_0039_50191.jpg,1,2,1,3,/l/lake/natural/00003224.jpg
2988,052.Pied_billed_Grebe/Pied_Billed_Grebe_0041_35224.jpg,1,2,1,3,/o/ocean/00003626.jpg
5165,089.Hooded_Merganser/Hooded_Merganser_0076_796756.jpg,1,2,1,3,/l/lake/natural/00000175.jpg
5940,102.Western_Wood_Pewee/Western_Wood_Pewee_0017_795041.jpg,1,2,1,3,/l/lake/natural/00003690.jpg
8640,147.Least_Tern/Least_Tern_0029_154064.jpg,1,2,1,3,/o/ocean/00003522.jpg
3667,064.Ring_billed_Gull/Ring_Billed_Gull_0013_50180.jpg,1,2,1,3,/o/ocean/00003409.jpg
8275,141.Artic_Tern/Artic_Tern_0014_141716.jpg,1,2,1,3,/l/lake/natural/00002729.jpg
8613,147.Least_Tern/Least_Tern_0096_153868.jpg,1,2,1,3,/o/ocean/00002094.jpg
5806,100.Brown_Pelican/Brown_Pelican_0041_93720.jpg,1,2,1,3,/o/ocean/00003382.jpg
3644,063.Ivory_Gull/Ivory_Gull_0038_49298.jpg,1,2,1,3,/l/lake/natural/00000779.jpg
8577,146.Forsters_Tern/Forsters_Tern_0059_151269.jpg,1,2,1,3,/l/lake/natural/00004622.jpg
5015,086.Pacific_Loon/Pacific_Loon_0044_75467.jpg,1,2,1,3,/l/lake/natural/00003391.jpg
5816,100.Brown_Pelican/Brown_Pelican_0073_94823.jpg,1,2,1,3,/o/ocean/00004403.jpg
8257,141.Artic_Tern/Artic_Tern_0115_142570.jpg,1,2,1,3,/o/ocean/00001479.jpg
2837,050.Eared_Grebe/Eared_Grebe_0086_34064.jpg,1,2,1,3,/l/lake/natural/00004100.jpg
3826,066.Western_Gull/Western_Gull_0065_55728.jpg,1,2,1,3,/l/lake/natural/00002092.jpg
8634,147.Least_Tern/Least_Tern_0107_154015.jpg,1,2,1,3,/l/lake/natural/00004076.jpg
387,008.Rhinoceros_Auklet/Rhinoceros_Auklet_0040_797503.jpg,1,2,1,3,/o/ocean/00002271.jpg
5120,088.Western_Meadowlark/Western_Meadowlark_0063_77946.jpg,1,2,1,3,/l/lake/natural/00002414.jpg
422,008.Rhinoceros_Auklet/Rhinoceros_Auklet_0022_2170.jpg,1,2,1,3,/l/lake/natural/00004536.jpg
156,003.Sooty_Albatross/Sooty_Albatross_0069_796358.jpg,1,2,1,3,/o/ocean/00003320.jpg
3547,062.Herring_Gull/Herring_Gull_0049_46508.jpg,1,2,1,3,/o/ocean/00003182.jpg
3716,064.Ring_billed_Gull/Ring_Billed_Gull_0056_51523.jpg,1,2,1,3,/o/ocean/00000462.jpg
252,005.Crested_Auklet/Crested_Auklet_0059_794929.jpg,1,2,1,3,/l/lake/natural/00004198.jpg
292,006.Least_Auklet/Least_Auklet_0032_795068.jpg,1,2,1,3,/l/lake/natural/00000348.jpg
4966,086.Pacific_Loon/Pacific_Loon_0001_75521.jpg,1,2,1,3,/l/lake/natural/00001905.jpg
1386,025.Pelagic_Cormorant/Pelagic_Cormorant_0016_23509.jpg,1,2,1,3,/o/ocean/00004379.jpg
2541,045.Northern_Fulmar/Northern_Fulmar_0038_43846.jpg,1,2,1,3,/l/lake/natural/00002989.jpg
3474,060.Glaucous_winged_Gull/Glaucous_Winged_Gull_0061_44852.jpg,1,2,1,3,/o/ocean/00002379.jpg
1306,024.Red_faced_Cormorant/Red_Faced_Cormorant_0057_796286.jpg,1,2,1,3,/o/ocean/00001850.jpg
3829,066.Western_Gull/Western_Gull_0071_54207.jpg,1,2,1,3,/l/lake/natural/00003488.jpg
5969,102.Western_Wood_Pewee/Western_Wood_Pewee_0065_98001.jpg,1,2,1,3,/o/ocean/00000489.jpg
8417,144.Common_Tern/Common_Tern_0056_148549.jpg,1,2,1,3,/o/ocean/00001609.jpg
1379,025.Pelagic_Cormorant/Pelagic_Cormorant_0005_23720.jpg,1,2,1,3,/o/ocean/00001067.jpg
2949,051.Horned_Grebe/Horned_Grebe_0029_34557.jpg,1,2,1,3,/o/ocean/00004949.jpg
3478,060.Glaucous_winged_Gull/Glaucous_Winged_Gull_0053_44881.jpg,1,2,1,3,/l/lake/natural/00002370.jpg
2622,046.Gadwall/Gadwall_0059_31646.jpg,1,2,1,3,/l/lake/natural/00004265.jpg
3713,064.Ring_billed_Gull/Ring_Billed_Gull_0105_51513.jpg,1,2,1,3,/l/lake/natural/00000662.jpg
8362,143.Caspian_Tern/Caspian_Tern_0111_145995.jpg,1,2,1,3,/o/ocean/00000826.jpg
8268,141.Artic_Tern/Artic_Tern_0082_142127.jpg,1,2,1,3,/o/ocean/00002492.jpg
8617,147.Least_Tern/Least_Tern_0111_153308.jpg,1,2,1,3,/o/ocean/00002689.jpg
5829,100.Brown_Pelican/Brown_Pelican_0018_94432.jpg,1,2,1,3,/o/ocean/00002430.jpg
8272,141.Artic_Tern/Artic_Tern_0037_141141.jpg,1,2,1,3,/o/ocean/00003931.jpg
3779,066.Western_Gull/Western_Gull_0078_53595.jpg,1,2,1,3,/l/lake/natural/00000236.jpg
2853,050.Eared_Grebe/Eared_Grebe_0035_34137.jpg,1,2,1,3,/l/lake/natural/00003138.jpg
2879,050.Eared_Grebe/Eared_Grebe_0074_34238.jpg,1,2,1,3,/l/lake/natural/00002797.jpg
4176,072.Pomarine_Jaeger/Pomarine_Jaeger_0053_795792.jpg,1,2,1,3,/o/ocean/00002399.jpg
5925,102.Western_Wood_Pewee/Western_Wood_Pewee_0062_98123.jpg,1,2,1,3,/o/ocean/00000624.jpg
3627,063.Ivory_Gull/Ivory_Gull_0062_49722.jpg,1,2,1,3,/o/ocean/00004946.jpg
3500,061.Heermann_Gull/Heermann_Gull_0034_45693.jpg,1,2,1,3,/l/lake/natural/00003922.jpg
8388,143.Caspian_Tern/Caspian_Tern_0016_145314.jpg,1,2,1,3,/l/lake/natural/00004818.jpg
3823,066.Western_Gull/Western_Gull_0035_55703.jpg,1,2,1,3,/o/ocean/00002086.jpg
3566,062.Herring_Gull/Herring_Gull_0145_46220.jpg,1,2,1,3,/o/ocean/00002914.jpg
5938,102.Western_Wood_Pewee/Western_Wood_Pewee_0031_795038.jpg,1,2,1,3,/o/ocean/00000331.jpg
8317,142.Black_Tern/Black_Tern_0032_144029.jpg,1,2,1,3,/o/ocean/00001432.jpg
2834,050.Eared_Grebe/Eared_Grebe_0063_34054.jpg,1,2,1,3,/o/ocean/00000030.jpg
4866,084.Red_legged_Kittiwake/Red_Legged_Kittiwake_0058_795417.jpg,1,2,1,3,/l/lake/natural/00004146.jpg
5071,087.Mallard/Mallard_0045_77129.jpg,1,2,1,3,/l/lake/natural/00002452.jpg
3050,053.Western_Grebe/Western_Grebe_0083_36033.jpg,1,2,1,3,/l/lake/natural/00003875.jpg
3726,064.Ring_billed_Gull/Ring_Billed_Gull_0106_52729.jpg,1,2,1,3,/l/lake/natural/00003845.jpg
4179,072.Pomarine_Jaeger/Pomarine_Jaeger_0028_795797.jpg,1,2,1,3,/l/lake/natural/00001239.jpg
4879,084.Red_legged_Kittiwake/Red_Legged_Kittiwake_0020_795439.jpg,1,2,1,3,/l/lake/natural/00000871.jpg
8380,143.Caspian_Tern/Caspian_Tern_0063_146082.jpg,1,2,1,3,/l/lake/natural/00001722.jpg
3767,065.Slaty_backed_Gull/Slaty_Backed_Gull_0008_53145.jpg,1,2,1,3,/l/lake/natural/00000253.jpg
3538,061.Heermann_Gull/Heermann_Gull_0004_45936.jpg,1,2,1,3,/l/lake/natural/00000119.jpg
3059,053.Western_Grebe/Western_Grebe_0036_36521.jpg,1,2,1,3,/o/ocean/00002774.jpg
4901,084.Red_legged_Kittiwake/Red_Legged_Kittiwake_0037_73794.jpg,1,2,1,3,/l/lake/natural/00003367.jpg
8349,143.Caspian_Tern/Caspian_Tern_0005_145929.jpg,1,2,1,3,/l/lake/natural/00004807.jpg
3315,058.Pigeon_Guillemot/Pigeon_Guillemot_0071_40216.jpg,1,2,1,3,/l/lake/natural/00003303.jpg
4990,086.Pacific_Loon/Pacific_Loon_0026_75593.jpg,1,2,1,3,/l/lake/natural/00002341.jpg
4132,071.Long_tailed_Jaeger/Long_Tailed_Jaeger_0010_60895.jpg,1,2,1,3,/o/ocean/00002434.jpg
3477,060.Glaucous_winged_Gull/Glaucous_Winged_Gull_0004_44361.jpg,1,2,1,3,/o/ocean/00002955.jpg
8330,142.Black_Tern/Black_Tern_0073_144638.jpg,1,2,1,3,/o/ocean/00004308.jpg
4180,072.Pomarine_Jaeger/Pomarine_Jaeger_0014_61335.jpg,1,2,1,3,/o/ocean/00001309.jpg
3791,066.Western_Gull/Western_Gull_0143_54909.jpg,1,2,1,3,/l/lake/natural/00003210.jpg
5046,087.Mallard/Mallard_0024_75932.jpg,1,2,1,3,/o/ocean/00000564.jpg
5095,088.Western_Meadowlark/Western_Meadowlark_0116_77862.jpg,1,2,1,3,/l/lake/natural/00003371.jpg
2472,044.Frigatebird/Frigatebird_0054_43019.jpg,1,2,1,3,/l/lake/natural/00001064.jpg
5871,101.White_Pelican/White_Pelican_0051_97833.jpg,1,2,1,3,/l/lake/natural/00000776.jpg
5110,088.Western_Meadowlark/Western_Meadowlark_0014_78421.jpg,1,2,1,3,/o/ocean/00003722.jpg
2570,045.Northern_Fulmar/Northern_Fulmar_0027_43705.jpg,1,2,1,3,/l/lake/natural/00004974.jpg
3527,061.Heermann_Gull/Heermann_Gull_0091_45363.jpg,1,2,1,3,/o/ocean/00004672.jpg
2839,050.Eared_Grebe/Eared_Grebe_0032_34078.jpg,1,2,1,3,/l/lake/natural/00003864.jpg
83,002.Laysan_Albatross/Laysan_Albatross_0102_611.jpg,1,2,1,3,/l/lake/natural/00001150.jpg
3549,062.Herring_Gull/Herring_Gull_0115_47123.jpg,1,2,1,3,/l/lake/natural/00001154.jpg
3489,061.Heermann_Gull/Heermann_Gull_0018_45608.jpg,1,2,1,3,/l/lake/natural/00004216.jpg
8293,142.Black_Tern/Black_Tern_0056_143906.jpg,1,2,1,3,/l/lake/natural/00001241.jpg
5167,089.Hooded_Merganser/Hooded_Merganser_0071_796760.jpg,1,2,1,3,/l/lake/natural/00002788.jpg
8461,144.Common_Tern/Common_Tern_0057_149749.jpg,1,2,1,3,/l/lake/natural/00000442.jpg
4148,072.Pomarine_Jaeger/Pomarine_Jaeger_0058_795746.jpg,1,2,1,3,/o/ocean/00001069.jpg
5122,088.Western_Meadowlark/Western_Meadowlark_0028_78487.jpg,1,2,1,3,/o/ocean/00004745.jpg
363,007.Parakeet_Auklet/Parakeet_Auklet_0016_795977.jpg,1,2,1,3,/l/lake/natural/00001092.jpg
3642,063.Ivory_Gull/Ivory_Gull_0114_49535.jpg,1,2,1,3,/l/lake/natural/00001767.jpg
134,003.Sooty_Albatross/Sooty_Albatross_0033_1128.jpg,1,2,1,3,/l/lake/natural/00004442.jpg
178,003.Sooty_Albatross/Sooty_Albatross_0013_796402.jpg,1,2,1,3,/l/lake/natural/00001049.jpg
54,001.Black_footed_Albatross/Black_Footed_Albatross_0003_796136.jpg,1,2,1,3,/o/ocean/00004794.jpg
3013,053.Western_Grebe/Western_Grebe_0038_36363.jpg,1,2,1,3,/o/ocean/00003538.jpg
346,007.Parakeet_Auklet/Parakeet_Auklet_0050_795957.jpg,1,2,1,3,/l/lake/natural/00002718.jpg
5232,090.Red_breasted_Merganser/Red_Breasted_Merganser_0082_79214.jpg,1,2,1,3,/l/lake/natural/00001727.jpg
5858,100.Brown_Pelican/Brown_Pelican_0070_93678.jpg,1,2,1,3,/o/ocean/00002150.jpg
5115,088.Western_Meadowlark/Western_Meadowlark_0026_78438.jpg,1,2,1,3,/o/ocean/00000255.jpg
8582,146.Forsters_Tern/Forsters_Tern_0004_152358.jpg,1,2,1,3,/o/ocean/00002233.jpg
8497,145.Elegant_Tern/Elegant_Tern_0033_150687.jpg,1,2,1,3,/o/ocean/00001641.jpg
1169,021.Eastern_Towhee/Eastern_Towhee_0129_22358.jpg,1,2,1,3,/o/ocean/00002018.jpg
4139,072.Pomarine_Jaeger/Pomarine_Jaeger_0010_61457.jpg,1,2,1,3,/o/ocean/00004917.jpg
2553,045.Northern_Fulmar/Northern_Fulmar_0063_43631.jpg,1,2,1,3,/l/lake/natural/00003093.jpg
3723,064.Ring_billed_Gull/Ring_Billed_Gull_0104_52614.jpg,1,2,1,3,/l/lake/natural/00001894.jpg
45,001.Black_footed_Albatross/Black_Footed_Albatross_0082_796121.jpg,1,2,1,3,/o/ocean/00003215.jpg
5911,101.White_Pelican/White_Pelican_0080_95721.jpg,1,2,1,3,/l/lake/natural/00003849.jpg
2485,044.Frigatebird/Frigatebird_0096_43571.jpg,1,2,1,3,/l/lake/natural/00001432.jpg
1351,025.Pelagic_Cormorant/Pelagic_Cormorant_0046_23588.jpg,1,2,1,3,/o/ocean/00003420.jpg
61,002.Laysan_Albatross/Laysan_Albatross_0002_1027.jpg,1,2,1,3,/o/ocean/00004359.jpg
8304,142.Black_Tern/Black_Tern_0008_143965.jpg,1,2,1,3,/o/ocean/00000963.jpg
4971,086.Pacific_Loon/Pacific_Loon_0064_75532.jpg,1,2,1,3,/l/lake/natural/00002876.jpg
6192,106.Horned_Puffin/Horned_Puffin_0003_101045.jpg,1,2,1,3,/l/lake/natural/00003011.jpg
2967,052.Pied_billed_Grebe/Pied_Billed_Grebe_0004_35808.jpg,1,2,1,3,/o/ocean/00004490.jpg
27,001.Black_footed_Albatross/Black_Footed_Albatross_0024_796089.jpg,1,2,1,3,/o/ocean/00000621.jpg
5238,090.Red_breasted_Merganser/Red_Breasted_Merganser_0024_79483.jpg,1,2,1,3,/l/lake/natural/00003901.jpg
146,003.Sooty_Albatross/Sooty_Albatross_0042_1210.jpg,1,2,1,3,/o/ocean/00000279.jpg
5041,087.Mallard/Mallard_0033_76565.jpg,1,2,1,3,/l/lake/natural/00001152.jpg
2929,051.Horned_Grebe/Horned_Grebe_0069_34990.jpg,1,2,1,3,/l/lake/natural/00004505.jpg
1385,025.Pelagic_Cormorant/Pelagic_Cormorant_0041_23763.jpg,1,2,1,3,/o/ocean/00000541.jpg
8541,146.Forsters_Tern/Forsters_Tern_0091_151895.jpg,1,2,1,3,/o/ocean/00000229.jpg
1168,021.Eastern_Towhee/Eastern_Towhee_0049_22357.jpg,1,2,1,3,/o/ocean/00002096.jpg
8418,144.Common_Tern/Common_Tern_0063_147789.jpg,1,2,1,3,/o/ocean/00002818.jpg
1254,023.Brandt_Cormorant/Brandt_Cormorant_0001_23398.jpg,1,2,1,3,/l/lake/natural/00003815.jpg
1359,025.Pelagic_Cormorant/Pelagic_Cormorant_0042_23522.jpg,1,2,1,3,/l/lake/natural/00004701.jpg
4080,071.Long_tailed_Jaeger/Long_Tailed_Jaeger_0033_60955.jpg,1,2,1,3,/l/lake/natural/00000448.jpg
5972,102.Western_Wood_Pewee/Western_Wood_Pewee_0063_98295.jpg,1,2,1,3,/l/lake/natural/00000034.jpg
3729,065.Slaty_backed_Gull/Slaty_Backed_Gull_0061_53309.jpg,1,2,1,3,/l/lake/natural/00000520.jpg
2594,046.Gadwall/Gadwall_0058_31660.jpg,1,2,1,3,/l/lake/natural/00003311.jpg
119,002.Laysan_Albatross/Laysan_Albatross_0079_506.jpg,1,2,1,3,/l/lake/natural/00003365.jpg
4986,086.Pacific_Loon/Pacific_Loon_0068_75836.jpg,1,2,1,3,/o/ocean/00001621.jpg
1292,024.Red_faced_Cormorant/Red_Faced_Cormorant_0026_796289.jpg,1,2,1,3,/o/ocean/00003545.jpg
2649,046.Gadwall/Gadwall_0013_31020.jpg,1,2,1,3,/o/ocean/00001779.jpg
5901,101.White_Pelican/White_Pelican_0076_96427.jpg,1,2,1,3,/l/lake/natural/00004398.jpg
5028,087.Mallard/Mallard_0044_76317.jpg,1,2,1,3,/l/lake/natural/00003990.jpg
5106,088.Western_Meadowlark/Western_Meadowlark_0108_78155.jpg,1,2,1,3,/o/ocean/00004332.jpg
8610,147.Least_Tern/Least_Tern_0008_153313.jpg,1,2,1,3,/o/ocean/00001292.jpg
4109,071.Long_tailed_Jaeger/Long_Tailed_Jaeger_0028_797082.jpg,1,2,1,3,/l/lake/natural/00000695.jpg
2835,050.Eared_Grebe/Eared_Grebe_0071_34311.jpg,1,2,1,3,/l/lake/natural/00004046.jpg
351,007.Parakeet_Auklet/Parakeet_Auklet_0055_795963.jpg,1,2,1,3,/l/lake/natural/00001990.jpg
1284,023.Brandt_Cormorant/Brandt_Cormorant_0071_23007.jpg,1,2,1,3,/l/lake/natural/00001873.jpg
3416,059.California_Gull/California_Gull_0058_40858.jpg,1,2,1,3,/o/ocean/00004237.jpg
4885,084.Red_legged_Kittiwake/Red_Legged_Kittiwake_0017_795451.jpg,1,2,1,3,/l/lake/natural/00004742.jpg
6147,106.Horned_Puffin/Horned_Puffin_0011_100621.jpg,1,2,1,3,/o/ocean/00003925.jpg
8342,142.Black_Tern/Black_Tern_0105_144380.jpg,1,2,1,3,/l/lake/natural/00002799.jpg
3570,062.Herring_Gull/Herring_Gull_0056_46783.jpg,1,2,1,3,/l/lake/natural/00003060.jpg
1388,025.Pelagic_Cormorant/Pelagic_Cormorant_0082_23844.jpg,1,2,1,3,/o/ocean/00003436.jpg
3529,061.Heermann_Gull/Heermann_Gull_0121_45375.jpg,1,2,1,3,/l/lake/natural/00000455.jpg
391,008.Rhinoceros_Auklet/Rhinoceros_Auklet_0051_797510.jpg,1,2,1,3,/l/lake/natural/00002982.jpg
8438,144.Common_Tern/Common_Tern_0108_149672.jpg,1,2,1,3,/o/ocean/00004028.jpg
6200,106.Horned_Puffin/Horned_Puffin_0026_100937.jpg,1,2,1,3,/o/ocean/00002507.jpg
2470,044.Frigatebird/Frigatebird_0089_43013.jpg,1,2,1,3,/l/lake/natural/00001436.jpg
8314,142.Black_Tern/Black_Tern_0050_144000.jpg,1,2,1,3,/l/lake/natural/00004512.jpg
3662,063.Ivory_Gull/Ivory_Gull_0023_49385.jpg,1,2,1,3,/l/lake/natural/00000769.jpg
424,008.Rhinoceros_Auklet/Rhinoceros_Auklet_0039_2174.jpg,1,2,1,3,/l/lake/natural/00001787.jpg
5884,101.White_Pelican/White_Pelican_0036_96863.jpg,1,2,1,3,/o/ocean/00004194.jpg
4187,072.Pomarine_Jaeger/Pomarine_Jaeger_0029_61365.jpg,1,2,1,3,/o/ocean/00001820.jpg
2483,044.Frigatebird/Frigatebird_0097_43567.jpg,1,2,1,3,/l/lake/natural/00002167.jpg
3580,062.Herring_Gull/Herring_Gull_0015_46353.jpg,1,2,1,3,/o/ocean/00002275.jpg
3592,062.Herring_Gull/Herring_Gull_0055_47994.jpg,1,2,1,3,/l/lake/natural/00003208.jpg
4089,071.Long_tailed_Jaeger/Long_Tailed_Jaeger_0055_61046.jpg,1,2,1,3,/o/ocean/00003918.jpg
2498,044.Frigatebird/Frigatebird_0092_43206.jpg,1,2,1,3,/l/lake/natural/00000875.jpg
8325,142.Black_Tern/Black_Tern_0091_144063.jpg,1,2,1,3,/l/lake/natural/00002494.jpg
3004,052.Pied_billed_Grebe/Pied_Billed_Grebe_0029_35551.jpg,1,2,1,3,/l/lake/natural/00001068.jpg
8591,147.Least_Tern/Least_Tern_0025_153678.jpg,1,2,1,3,/o/ocean/00000323.jpg
90,002.Laysan_Albatross/Laysan_Albatross_0034_628.jpg,1,2,1,3,/l/lake/natural/00000112.jpg
8351,143.Caspian_Tern/Caspian_Tern_0069_145931.jpg,1,2,1,3,/l/lake/natural/00004171.jpg
2531,045.Northern_Fulmar/Northern_Fulmar_0033_43794.jpg,1,2,1,3,/o/ocean/00004091.jpg
8505,145.Elegant_Tern/Elegant_Tern_0005_150708.jpg,1,2,1,3,/l/lake/natural/00001809.jpg
1289,023.Brandt_Cormorant/Brandt_Cormorant_0047_23337.jpg,1,2,1,3,/l/lake/natural/00004109.jpg
4087,071.Long_tailed_Jaeger/Long_Tailed_Jaeger_0045_61007.jpg,1,2,1,3,/l/lake/natural/00002095.jpg
1,001.Black_footed_Albatross/Black_Footed_Albatross_0046_18.jpg,1,2,1,3,/l/lake/natural/00002561.jpg
3399,059.California_Gull/California_Gull_0089_40716.jpg,1,2,1,3,/o/ocean/00001222.jpg
3317,058.Pigeon_Guillemot/Pigeon_Guillemot_0009_40218.jpg,1,2,1,3,/l/lake/natural/00004219.jpg
6152,106.Horned_Puffin/Horned_Puffin_0015_100889.jpg,1,2,1,3,/l/lake/natural/00001005.jpg
8320,142.Black_Tern/Black_Tern_0024_144039.jpg,1,2,1,3,/o/ocean/00001541.jpg
3550,062.Herring_Gull/Herring_Gull_0070_46615.jpg,1,2,1,3,/l/lake/natural/00003619.jpg
3777,066.Western_Gull/Western_Gull_0013_54794.jpg,1,2,1,3,/l/lake/natural/00004173.jpg
173,003.Sooty_Albatross/Sooty_Albatross_0006_796390.jpg,1,2,1,3,/l/lake/natural/00000480.jpg
1350,025.Pelagic_Cormorant/Pelagic_Cormorant_0063_23515.jpg,1,2,1,3,/l/lake/natural/00003996.jpg
3579,062.Herring_Gull/Herring_Gull_0045_46845.jpg,1,2,1,3,/o/ocean/00004461.jpg
2493,044.Frigatebird/Frigatebird_0016_43159.jpg,1,2,1,3,/o/ocean/00000249.jpg
2878,050.Eared_Grebe/Eared_Grebe_0007_34236.jpg,1,2,1,3,/o/ocean/00001211.jpg
2494,044.Frigatebird/Frigatebird_0129_43183.jpg,1,2,1,3,/l/lake/natural/00001950.jpg
2627,046.Gadwall/Gadwall_0093_30898.jpg,1,2,1,3,/l/lake/natural/00002152.jpg
4181,072.Pomarine_Jaeger/Pomarine_Jaeger_0073_795800.jpg,1,2,1,3,/o/ocean/00004188.jpg
3789,066.Western_Gull/Western_Gull_0012_53605.jpg,1,2,1,3,/l/lake/natural/00001563.jpg
8389,143.Caspian_Tern/Caspian_Tern_0022_144922.jpg,1,2,1,3,/l/lake/natural/00000599.jpg
3,001.Black_footed_Albatross/Black_Footed_Albatross_0002_55.jpg,1,2,1,3,/l/lake/natural/00002154.jpg
5870,101.White_Pelican/White_Pelican_0031_97064.jpg,1,2,1,3,/l/lake/natural/00004330.jpg
4083,071.Long_tailed_Jaeger/Long_Tailed_Jaeger_0044_60968.jpg,1,2,1,3,/o/ocean/00004278.jpg
8446,144.Common_Tern/Common_Tern_0051_150469.jpg,1,2,1,3,/l/lake/natural/00000303.jpg
3419,059.California_Gull/California_Gull_0026_41386.jpg,1,2,1,3,/o/ocean/00003617.jpg
3409,059.California_Gull/California_Gull_0091_41276.jpg,1,2,1,3,/o/ocean/00001977.jpg
8439,144.Common_Tern/Common_Tern_0078_149161.jpg,1,2,1,3,/l/lake/natural/00000153.jpg
2893,051.Horned_Grebe/Horned_Grebe_0058_34568.jpg,1,2,1,3,/l/lake/natural/00000982.jpg
1367,025.Pelagic_Cormorant/Pelagic_Cormorant_0075_23645.jpg,1,2,1,3,/o/ocean/00000013.jpg
4889,084.Red_legged_Kittiwake/Red_Legged_Kittiwake_0015_73792.jpg,1,2,1,3,/o/ocean/00004875.jpg
129,003.Sooty_Albatross/Sooty_Albatross_0044_1105.jpg,1,2,1,3,/o/ocean/00001011.jpg
16,001.Black_footed_Albatross/Black_Footed_Albatross_0016_796067.jpg,1,2,1,3,/o/ocean/00001941.jpg
309,006.Least_Auklet/Least_Auklet_0041_795107.jpg,1,2,1,3,/l/lake/natural/00002359.jpg
2538,045.Northern_Fulmar/Northern_Fulmar_0045_43581.jpg,1,2,1,3,/o/ocean/00003495.jpg
4138,072.Pomarine_Jaeger/Pomarine_Jaeger_0030_61447.jpg,1,2,1,3,/o/ocean/00000587.jpg
4195,072.Pomarine_Jaeger/Pomarine_Jaeger_0015_61429.jpg,1,2,1,3,/l/lake/natural/00000920.jpg
5862,100.Brown_Pelican/Brown_Pelican_0072_94974.jpg,1,2,1,3,/l/lake/natural/00003648.jpg
2941,051.Horned_Grebe/Horned_Grebe_0114_34517.jpg,1,2,1,3,/l/lake/natural/00001934.jpg
5847,100.Brown_Pelican/Brown_Pelican_0128_94059.jpg,1,2,1,3,/o/ocean/00004206.jpg
4888,084.Red_legged_Kittiwake/Red_Legged_Kittiwake_0040_795455.jpg,1,2,1,3,/o/ocean/00002487.jpg
8356,143.Caspian_Tern/Caspian_Tern_0010_145667.jpg,1,2,1,3,/o/ocean/00001090.jpg
3808,066.Western_Gull/Western_Gull_0069_53553.jpg,1,2,1,3,/l/lake/natural/00004073.jpg
8464,145.Elegant_Tern/Elegant_Tern_0093_150534.jpg,1,2,1,3,/l/lake/natural/00000597.jpg
2971,052.Pied_billed_Grebe/Pied_Billed_Grebe_0023_35687.jpg,1,2,1,3,/o/ocean/00003313.jpg
3788,066.Western_Gull/Western_Gull_0110_53861.jpg,1,2,1,3,/o/ocean/00000334.jpg
2604,046.Gadwall/Gadwall_0082_31301.jpg,1,2,1,3,/l/lake/natural/00000602.jpg
1371,025.Pelagic_Cormorant/Pelagic_Cormorant_0002_23680.jpg,1,2,1,3,/o/ocean/00000608.jpg
8474,145.Elegant_Tern/Elegant_Tern_0085_151091.jpg,1,2,1,3,/l/lake/natural/00003974.jpg
5218,090.Red_breasted_Merganser/Red_Breasted_Merganser_0052_79178.jpg,1,2,1,3,/o/ocean/00003316.jpg
3326,058.Pigeon_Guillemot/Pigeon_Guillemot_0089_40008.jpg,1,2,1,3,/o/ocean/00003961.jpg
8434,144.Common_Tern/Common_Tern_0055_149486.jpg,1,2,1,3,/l/lake/natural/00004979.jpg
8573,146.Forsters_Tern/Forsters_Tern_0126_151257.jpg,1,2,1,3,/l/lake/natural/00003329.jpg
6173,106.Horned_Puffin/Horned_Puffin_0069_101018.jpg,1,2,1,3,/l/lake/natural/00001637.jpg
5202,089.Hooded_Merganser/Hooded_Merganser_0028_79061.jpg,1,2,1,3,/o/ocean/00003087.jpg
2578,045.Northern_Fulmar/Northern_Fulmar_0021_43743.jpg,1,2,1,3,/o/ocean/00004227.jpg
5005,086.Pacific_Loon/Pacific_Loon_0008_75428.jpg,1,2,1,3,/o/ocean/00001021.jpg
5201,089.Hooded_Merganser/Hooded_Merganser_0068_79057.jpg,1,2,1,3,/l/lake/natural/00001524.jpg
5807,100.Brown_Pelican/Brown_Pelican_0102_93727.jpg,1,2,1,3,/o/ocean/00004427.jpg
8586,147.Least_Tern/Least_Tern_0127_154141.jpg,1,2,1,3,/l/lake/natural/00004949.jpg
5177,089.Hooded_Merganser/Hooded_Merganser_0086_796780.jpg,1,2,1,3,/l/lake/natural/00003258.jpg
3742,065.Slaty_backed_Gull/Slaty_Backed_Gull_0066_796016.jpg,1,2,1,3,/l/lake/natural/00003756.jpg
17,001.Black_footed_Albatross/Black_Footed_Albatross_0065_796068.jpg,1,2,1,3,/l/lake/natural/00004946.jpg
8623,147.Least_Tern/Least_Tern_0129_153449.jpg,1,2,1,3,/l/lake/natural/00000282.jpg
8596,147.Least_Tern/Least_Tern_0128_153732.jpg,1,2,1,3,/l/lake/natural/00000816.jpg
3487,061.Heermann_Gull/Heermann_Gull_0093_45576.jpg,1,2,1,3,/o/ocean/00004032.jpg
5094,088.Western_Meadowlark/Western_Meadowlark_0060_78368.jpg,1,2,1,3,/o/ocean/00004562.jpg
1345,025.Pelagic_Cormorant/Pelagic_Cormorant_0009_23561.jpg,1,2,1,3,/l/lake/natural/00000006.jpg
3442,060.Glaucous_winged_Gull/Glaucous_Winged_Gull_0112_44731.jpg,1,2,1,3,/o/ocean/00004311.jpg
112,002.Laysan_Albatross/Laysan_Albatross_0021_737.jpg,1,2,1,3,/o/ocean/00001951.jpg
3727,065.Slaty_backed_Gull/Slaty_Backed_Gull_0017_796034.jpg,1,2,1,3,/l/lake/natural/00004346.jpg
2919,051.Horned_Grebe/Horned_Grebe_0014_34968.jpg,1,2,1,3,/o/ocean/00000957.jpg
3056,053.Western_Grebe/Western_Grebe_0043_36183.jpg,1,2,1,3,/l/lake/natural/00003927.jpg
3585,062.Herring_Gull/Herring_Gull_0068_46392.jpg,1,2,1,3,/o/ocean/00003644.jpg
3021,053.Western_Grebe/Western_Grebe_0033_36395.jpg,1,2,1,3,/l/lake/natural/00004113.jpg
8485,145.Elegant_Tern/Elegant_Tern_0090_45924.jpg,1,2,1,3,/o/ocean/00004224.jpg
5243,090.Red_breasted_Merganser/Red_Breasted_Merganser_0079_79519.jpg,1,2,1,3,/l/lake/natural/00000758.jpg
384,008.Rhinoceros_Auklet/Rhinoceros_Auklet_0037_797499.jpg,1,2,1,3,/l/lake/natural/00001673.jpg
4196,072.Pomarine_Jaeger/Pomarine_Jaeger_0023_61431.jpg,1,2,1,3,/l/lake/natural/00001103.jpg
8319,142.Black_Tern/Black_Tern_0104_144038.jpg,1,2,1,3,/o/ocean/00003996.jpg
3543,061.Heermann_Gull/Heermann_Gull_0001_45472.jpg,1,2,1,3,/l/lake/natural/00004952.jpg
3654,063.Ivory_Gull/Ivory_Gull_0108_49356.jpg,1,2,1,3,/o/ocean/00004295.jpg
3768,065.Slaty_backed_Gull/Slaty_Backed_Gull_0085_53158.jpg,1,2,1,3,/l/lake/natural/00002490.jpg
2936,051.Horned_Grebe/Horned_Grebe_0064_35015.jpg,1,2,1,3,/l/lake/natural/00003195.jpg
4128,071.Long_tailed_Jaeger/Long_Tailed_Jaeger_0046_797103.jpg,1,2,1,3,/o/ocean/00004341.jpg
3831,066.Western_Gull/Western_Gull_0011_53713.jpg,1,2,1,3,/o/ocean/00002650.jpg
3330,058.Pigeon_Guillemot/Pigeon_Guillemot_0082_40290.jpg,1,2,1,3,/o/ocean/00001155.jpg
8455,144.Common_Tern/Common_Tern_0014_149194.jpg,1,2,1,3,/o/ocean/00003380.jpg
1265,023.Brandt_Cormorant/Brandt_Cormorant_0049_22924.jpg,1,2,1,3,/o/ocean/00004546.jpg
1172,021.Eastern_Towhee/Eastern_Towhee_0024_22382.jpg,1,2,1,3,/l/lake/natural/00002279.jpg
3364,058.Pigeon_Guillemot/Pigeon_Guillemot_0100_40179.jpg,1,2,1,3,/o/ocean/00003007.jpg
5893,101.White_Pelican/White_Pelican_0016_96659.jpg,1,2,1,3,/o/ocean/00001758.jpg
8537,146.Forsters_Tern/Forsters_Tern_0071_152142.jpg,1,2,1,3,/o/ocean/00001273.jpg
8364,143.Caspian_Tern/Caspian_Tern_0119_145492.jpg,1,2,1,3,/l/lake/natural/00004214.jpg
52,001.Black_footed_Albatross/Black_Footed_Albatross_0088_796133.jpg,1,2,1,3,/o/ocean/00004837.jpg
8266,141.Artic_Tern/Artic_Tern_0027_141617.jpg,1,2,1,3,/l/lake/natural/00002119.jpg
1247,023.Brandt_Cormorant/Brandt_Cormorant_0065_23118.jpg,1,2,1,3,/o/ocean/00004446.jpg
4967,086.Pacific_Loon/Pacific_Loon_0048_75524.jpg,1,2,1,3,/l/lake/natural/00001737.jpg
8454,144.Common_Tern/Common_Tern_0103_149733.jpg,1,2,1,3,/o/ocean/00001706.jpg
1323,024.Red_faced_Cormorant/Red_Faced_Cormorant_0020_796318.jpg,1,2,1,3,/l/lake/natural/00003253.jpg
3584,062.Herring_Gull/Herring_Gull_0027_46389.jpg,1,2,1,3,/o/ocean/00002025.jpg
4084,071.Long_tailed_Jaeger/Long_Tailed_Jaeger_0019_60970.jpg,1,2,1,3,/o/ocean/00003505.jpg
4862,084.Red_legged_Kittiwake/Red_Legged_Kittiwake_0051_795404.jpg,1,2,1,3,/l/lake/natural/00004374.jpg
8234,141.Artic_Tern/Artic_Tern_0059_141876.jpg,1,2,1,3,/l/lake/natural/00002665.jpg
1148,021.Eastern_Towhee/Eastern_Towhee_0108_22182.jpg,1,2,1,3,/o/ocean/00001186.jpg
394,008.Rhinoceros_Auklet/Rhinoceros_Auklet_0041_797515.jpg,1,2,1,3,/o/ocean/00003515.jpg
8326,142.Black_Tern/Black_Tern_0033_144328.jpg,1,2,1,3,/o/ocean/00001325.jpg
3648,063.Ivory_Gull/Ivory_Gull_0077_49051.jpg,1,2,1,3,/l/lake/natural/00000254.jpg
8575,146.Forsters_Tern/Forsters_Tern_0003_151547.jpg,1,2,1,3,/l/lake/natural/00001682.jpg
1264,023.Brandt_Cormorant/Brandt_Cormorant_0003_22922.jpg,1,2,1,3,/l/lake/natural/00000849.jpg
8283,141.Artic_Tern/Artic_Tern_0011_143355.jpg,1,2,1,3,/o/ocean/00000245.jpg
1393,025.Pelagic_Cormorant/Pelagic_Cormorant_0076_23523.jpg,1,2,1,3,/l/lake/natural/00000660.jpg
3452,060.Glaucous_winged_Gull/Glaucous_Winged_Gull_0017_45224.jpg,1,2,1,3,/l/lake/natural/00003211.jpg
8608,147.Least_Tern/Least_Tern_0098_153820.jpg,1,2,1,3,/l/lake/natural/00002399.jpg
8501,145.Elegant_Tern/Elegant_Tern_0079_150953.jpg,1,2,1,3,/o/ocean/00001773.jpg
1390,025.Pelagic_Cormorant/Pelagic_Cormorant_0096_23775.jpg,1,2,1,3,/o/ocean/00002045.jpg
3344,058.Pigeon_Guillemot/Pigeon_Guillemot_0043_39861.jpg,1,2,1,3,/l/lake/natural/00001326.jpg
407,008.Rhinoceros_Auklet/Rhinoceros_Auklet_0003_797535.jpg,1,2,1,3,/o/ocean/00001993.jpg
3410,059.California_Gull/California_Gull_0043_41326.jpg,1,2,1,3,/o/ocean/00000779.jpg
68,002.Laysan_Albatross/Laysan_Albatross_0053_543.jpg,1,2,1,3,/o/ocean/00002594.jpg
1266,023.Brandt_Cormorant/Brandt_Cormorant_0030_22926.jpg,1,2,1,3,/l/lake/natural/00003406.jpg
325,007.Parakeet_Auklet/Parakeet_Auklet_0017_795924.jpg,1,2,1,3,/o/ocean/00004176.jpg
8595,147.Least_Tern/Least_Tern_0011_153722.jpg,1,2,1,3,/l/lake/natural/00001000.jpg
8629,147.Least_Tern/Least_Tern_0021_153979.jpg,1,2,1,3,/l/lake/natural/00000549.jpg
3367,058.Pigeon_Guillemot/Pigeon_Guillemot_0011_39935.jpg,1,2,1,3,/o/ocean/00001607.jpg
5113,088.Western_Meadowlark/Western_Meadowlark_0107_78608.jpg,1,2,1,3,/l/lake/natural/00000588.jpg
308,006.Least_Auklet/Least_Auklet_0055_795106.jpg,1,2,1,3,/o/ocean/00000089.jpg
47,001.Black_footed_Albatross/Black_Footed_Albatross_0050_796125.jpg,1,2,1,3,/o/ocean/00002832.jpg
1138,021.Eastern_Towhee/Eastern_Towhee_0067_22142.jpg,1,2,1,3,/o/ocean/00003257.jpg
3638,063.Ivory_Gull/Ivory_Gull_0004_49019.jpg,1,2,1,3,/l/lake/natural/00003509.jpg
2606,046.Gadwall/Gadwall_0079_31052.jpg,1,2,1,3,/o/ocean/00000614.jpg
38,001.Black_footed_Albatross/Black_Footed_Albatross_0053_796109.jpg,1,2,1,3,/l/lake/natural/00001634.jpg
8561,146.Forsters_Tern/Forsters_Tern_0097_151731.jpg,1,2,1,3,/o/ocean/00003883.jpg
5034,087.Mallard/Mallard_0128_77396.jpg,1,2,1,3,/o/ocean/00000068.jpg
2574,045.Northern_Fulmar/Northern_Fulmar_0036_43718.jpg,1,2,1,3,/o/ocean/00003713.jpg
8311,142.Black_Tern/Black_Tern_0025_144503.jpg,1,2,1,3,/l/lake/natural/00001295.jpg
8580,146.Forsters_Tern/Forsters_Tern_0095_152067.jpg,1,2,1,3,/l/lake/natural/00000239.jpg
8506,145.Elegant_Tern/Elegant_Tern_0101_150715.jpg,1,2,1,3,/o/ocean/00002429.jpg
132,003.Sooty_Albatross/Sooty_Albatross_0030_1122.jpg,1,2,1,3,/o/ocean/00004292.jpg
4883,084.Red_legged_Kittiwake/Red_Legged_Kittiwake_0047_795445.jpg,1,2,1,3,/l/lake/natural/00002595.jpg
3804,066.Western_Gull/Western_Gull_0029_54143.jpg,1,2,1,3,/o/ocean/00004233.jpg
2961,052.Pied_billed_Grebe/Pied_Billed_Grebe_0040_35981.jpg,1,2,1,3,/o/ocean/00000058.jpg
8242,141.Artic_Tern/Artic_Tern_0019_141922.jpg,1,2,1,3,/l/lake/natural/00000031.jpg
8475,145.Elegant_Tern/Elegant_Tern_0060_150837.jpg,1,2,1,3,/o/ocean/00004374.jpg
6201,106.Horned_Puffin/Horned_Puffin_0061_100845.jpg,1,2,1,3,/o/ocean/00000612.jpg
6160,106.Horned_Puffin/Horned_Puffin_0071_100651.jpg,1,2,1,3,/o/ocean/00003871.jpg
8310,142.Black_Tern/Black_Tern_0064_143990.jpg,1,2,1,3,/l/lake/natural/00002469.jpg
2940,051.Horned_Grebe/Horned_Grebe_0008_34515.jpg,1,2,1,3,/o/ocean/00000572.jpg
2633,046.Gadwall/Gadwall_0052_30915.jpg,1,2,1,3,/l/lake/natural/00003523.jpg
92,002.Laysan_Albatross/Laysan_Albatross_0058_637.jpg,1,2,1,3,/l/lake/natural/00000356.jpg
2492,044.Frigatebird/Frigatebird_0015_43132.jpg,1,2,1,3,/l/lake/natural/00002464.jpg
3029,053.Western_Grebe/Western_Grebe_0104_36164.jpg,1,2,1,3,/o/ocean/00000582.jpg
1153,021.Eastern_Towhee/Eastern_Towhee_0112_22231.jpg,1,2,1,3,/o/ocean/00003014.jpg
1133,021.Eastern_Towhee/Eastern_Towhee_0091_22629.jpg,1,2,1,3,/l/lake/natural/00003737.jpg
4978,086.Pacific_Loon/Pacific_Loon_0024_75555.jpg,1,2,1,3,/l/lake/natural/00000844.jpg
2885,050.Eared_Grebe/Eared_Grebe_0031_34262.jpg,1,2,1,3,/l/lake/natural/00000332.jpg
3457,060.Glaucous_winged_Gull/Glaucous_Winged_Gull_0022_44733.jpg,1,2,1,3,/l/lake/natural/00004180.jpg
8372,143.Caspian_Tern/Caspian_Tern_0108_145278.jpg,1,2,1,3,/o/ocean/00001329.jpg
3797,066.Western_Gull/Western_Gull_0007_53431.jpg,1,2,1,3,/o/ocean/00001891.jpg
314,006.Least_Auklet/Least_Auklet_0046_795118.jpg,1,2,1,3,/l/lake/natural/00000483.jpg
8525,146.Forsters_Tern/Forsters_Tern_0098_151258.jpg,1,2,1,3,/o/ocean/00002783.jpg
1347,025.Pelagic_Cormorant/Pelagic_Cormorant_0032_23570.jpg,1,2,1,3,/o/ocean/00002901.jpg
4976,086.Pacific_Loon/Pacific_Loon_0049_75780.jpg,1,2,1,3,/l/lake/natural/00001106.jpg
114,002.Laysan_Albatross/Laysan_Albatross_0059_488.jpg,1,2,1,3,/o/ocean/00003406.jpg
3691,064.Ring_billed_Gull/Ring_Billed_Gull_0089_51348.jpg,1,2,1,3,/o/ocean/00002406.jpg
5082,087.Mallard/Mallard_0078_76238.jpg,1,2,1,3,/o/ocean/00000935.jpg
5207,090.Red_breasted_Merganser/Red_Breasted_Merganser_0031_79372.jpg,1,2,1,3,/l/lake/natural/00002265.jpg
161,003.Sooty_Albatross/Sooty_Albatross_0076_796365.jpg,1,2,1,3,/l/lake/natural/00000255.jpg
3601,062.Herring_Gull/Herring_Gull_0016_48969.jpg,1,2,1,3,/l/lake/natural/00001622.jpg
8476,145.Elegant_Tern/Elegant_Tern_0024_150852.jpg,1,2,1,3,/l/lake/natural/00004165.jpg
3594,062.Herring_Gull/Herring_Gull_0138_48023.jpg,1,2,1,3,/o/ocean/00002743.jpg
5118,088.Western_Meadowlark/Western_Meadowlark_0033_78312.jpg,1,2,1,3,/l/lake/natural/00000514.jpg
4172,072.Pomarine_Jaeger/Pomarine_Jaeger_0017_795782.jpg,1,2,1,3,/l/lake/natural/00001882.jpg
4145,072.Pomarine_Jaeger/Pomarine_Jaeger_0077_795739.jpg,1,2,1,3,/o/ocean/00003235.jpg
5941,102.Western_Wood_Pewee/Western_Wood_Pewee_0029_795042.jpg,1,2,1,3,/l/lake/natural/00000272.jpg
4981,086.Pacific_Loon/Pacific_Loon_0010_75818.jpg,1,2,1,3,/o/ocean/00001847.jpg
5021,086.Pacific_Loon/Pacific_Loon_0043_75747.jpg,1,2,1,3,/o/ocean/00001307.jpg
4081,071.Long_tailed_Jaeger/Long_Tailed_Jaeger_0030_60961.jpg,1,2,1,3,/l/lake/natural/00001970.jpg
2476,044.Frigatebird/Frigatebird_0073_43038.jpg,1,2,1,3,/o/ocean/00002332.jpg
3351,058.Pigeon_Guillemot/Pigeon_Guillemot_0057_40130.jpg,1,2,1,3,/o/ocean/00004528.jpg
5057,087.Mallard/Mallard_0112_77046.jpg,1,2,1,3,/o/ocean/00004499.jpg
8316,142.Black_Tern/Black_Tern_0044_144021.jpg,1,2,1,3,/l/lake/natural/00003283.jpg
5917,102.Western_Wood_Pewee/Western_Wood_Pewee_0070_98225.jpg,1,2,1,3,/o/ocean/00002410.jpg
1160,021.Eastern_Towhee/Eastern_Towhee_0080_22303.jpg,1,2,1,3,/o/ocean/00004989.jpg
106,002.Laysan_Albatross/Laysan_Albatross_0042_801.jpg,1,2,1,3,/o/ocean/00000362.jpg
265,005.Crested_Auklet/Crested_Auklet_0053_794966.jpg,1,2,1,3,/o/ocean/00000050.jpg
5823,100.Brown_Pelican/Brown_Pelican_0017_94383.jpg,1,2,1,3,/l/lake/natural/00002401.jpg
4999,086.Pacific_Loon/Pacific_Loon_0047_75393.jpg,1,2,1,3,/l/lake/natural/00003068.jpg
2648,046.Gadwall/Gadwall_0027_30966.jpg,1,2,1,3,/o/ocean/00004370.jpg
3733,065.Slaty_backed_Gull/Slaty_Backed_Gull_0027_53080.jpg,1,2,1,3,/o/ocean/00002539.jpg
5810,100.Brown_Pelican/Brown_Pelican_0002_94773.jpg,1,2,1,3,/o/ocean/00000248.jpg
3707,064.Ring_billed_Gull/Ring_Billed_Gull_0036_51461.jpg,1,2,1,3,/o/ocean/00004517.jpg
8448,144.Common_Tern/Common_Tern_0047_149195.jpg,1,2,1,3,/l/lake/natural/00003816.jpg
5166,089.Hooded_Merganser/Hooded_Merganser_0074_796757.jpg,1,2,1,3,/l/lake/natural/00004940.jpg
5253,090.Red_breasted_Merganser/Red_Breasted_Merganser_0083_79562.jpg,1,2,1,3,/o/ocean/00000253.jpg
2979,052.Pied_billed_Grebe/Pied_Billed_Grebe_0065_35713.jpg,1,2,1,3,/l/lake/natural/00001494.jpg
1395,025.Pelagic_Cormorant/Pelagic_Cormorant_0099_23784.jpg,1,2,1,3,/o/ocean/00003377.jpg
1275,023.Brandt_Cormorant/Brandt_Cormorant_0033_22975.jpg,1,2,1,3,/l/lake/natural/00004936.jpg
2983,052.Pied_billed_Grebe/Pied_Billed_Grebe_0084_35863.jpg,1,2,1,3,/l/lake/natural/00000541.jpg
3370,059.California_Gull/California_Gull_0067_40973.jpg,1,2,1,3,/o/ocean/00000029.jpg
5897,101.White_Pelican/White_Pelican_0040_96026.jpg,1,2,1,3,/o/ocean/00002821.jpg
298,006.Least_Auklet/Least_Auklet_0039_795081.jpg,1,2,1,3,/o/ocean/00000987.jpg
4115,071.Long_tailed_Jaeger/Long_Tailed_Jaeger_0066_60921.jpg,1,2,1,3,/l/lake/natural/00000798.jpg
1158,021.Eastern_Towhee/Eastern_Towhee_0015_22275.jpg,1,2,1,3,/o/ocean/00003012.jpg
3677,064.Ring_billed_Gull/Ring_Billed_Gull_0044_50239.jpg,1,2,1,3,/o/ocean/00003993.jpg
5070,087.Mallard/Mallard_0109_76616.jpg,1,2,1,3,/l/lake/natural/00002941.jpg
2960,052.Pied_billed_Grebe/Pied_Billed_Grebe_0007_35399.jpg,1,2,1,3,/o/ocean/00001170.jpg
1333,024.Red_faced_Cormorant/Red_Faced_Cormorant_0047_796330.jpg,1,2,1,3,/o/ocean/00002076.jpg
8273,141.Artic_Tern/Artic_Tern_0119_142682.jpg,1,2,1,3,/l/lake/natural/00002949.jpg
6176,106.Horned_Puffin/Horned_Puffin_0036_100974.jpg,1,2,1,3,/l/lake/natural/00004371.jpg
2610,046.Gadwall/Gadwall_0041_31064.jpg,1,2,1,3,/l/lake/natural/00002780.jpg
8338,142.Black_Tern/Black_Tern_0034_144106.jpg,1,2,1,3,/o/ocean/00004888.jpg
1150,021.Eastern_Towhee/Eastern_Towhee_0125_22220.jpg,1,2,1,3,/l/lake/natural/00000444.jpg
3557,062.Herring_Gull/Herring_Gull_0078_48718.jpg,1,2,1,3,/l/lake/natural/00001749.jpg
3313,058.Pigeon_Guillemot/Pigeon_Guillemot_0062_39853.jpg,1,2,1,3,/o/ocean/00003619.jpg
2497,044.Frigatebird/Frigatebird_0088_43201.jpg,1,2,1,3,/o/ocean/00004358.jpg
8260,141.Artic_Tern/Artic_Tern_0142_142078.jpg,1,2,1,3,/o/ocean/00000767.jpg
4854,084.Red_legged_Kittiwake/Red_Legged_Kittiwake_0033_795395.jpg,1,2,1,3,/l/lake/natural/00002954.jpg
2499,044.Frigatebird/Frigatebird_0098_43207.jpg,1,2,1,3,/o/ocean/00000311.jpg
5136,088.Western_Meadowlark/Western_Meadowlark_0100_78037.jpg,1,2,1,3,/l/lake/natural/00001492.jpg
4865,084.Red_legged_Kittiwake/Red_Legged_Kittiwake_0043_795416.jpg,1,2,1,3,/l/lake/natural/00004898.jpg
3763,065.Slaty_backed_Gull/Slaty_Backed_Gull_0063_796050.jpg,1,2,1,3,/o/ocean/00002357.jpg
2572,045.Northern_Fulmar/Northern_Fulmar_0037_43712.jpg,1,2,1,3,/o/ocean/00004235.jpg
76,002.Laysan_Albatross/Laysan_Albatross_0060_777.jpg,1,2,1,3,/l/lake/natural/00004045.jpg
2951,052.Pied_billed_Grebe/Pied_Billed_Grebe_0038_35798.jpg,1,2,1,3,/l/lake/natural/00003718.jpg
1285,023.Brandt_Cormorant/Brandt_Cormorant_0084_23265.jpg,1,2,1,3,/o/ocean/00004526.jpg
3470,060.Glaucous_winged_Gull/Glaucous_Winged_Gull_0011_44827.jpg,1,2,1,3,/o/ocean/00004335.jpg
1342,024.Red_faced_Cormorant/Red_Faced_Cormorant_0023_796328.jpg,1,2,1,3,/l/lake/natural/00000773.jpg
4175,072.Pomarine_Jaeger/Pomarine_Jaeger_0054_795791.jpg,1,2,1,3,/l/lake/natural/00002001.jpg
5010,086.Pacific_Loon/Pacific_Loon_0003_75442.jpg,1,2,1,3,/o/ocean/00002080.jpg
5191,089.Hooded_Merganser/Hooded_Merganser_0043_796783.jpg,1,2,1,3,/l/lake/natural/00000138.jpg
2963,052.Pied_billed_Grebe/Pied_Billed_Grebe_0078_35410.jpg,1,2,1,3,/o/ocean/00004273.jpg
3631,063.Ivory_Gull/Ivory_Gull_0092_49996.jpg,1,2,1,3,/o/ocean/00000251.jpg
1273,023.Brandt_Cormorant/Brandt_Cormorant_0053_22957.jpg,1,2,1,3,/o/ocean/00002425.jpg
163,003.Sooty_Albatross/Sooty_Albatross_0065_796367.jpg,1,2,1,3,/o/ocean/00001180.jpg
5905,101.White_Pelican/White_Pelican_0034_97466.jpg,1,2,1,3,/o/ocean/00001922.jpg
1373,025.Pelagic_Cormorant/Pelagic_Cormorant_0010_23711.jpg,1,2,1,3,/o/ocean/00003601.jpg
3649,063.Ivory_Gull/Ivory_Gull_0093_49052.jpg,1,2,1,3,/l/lake/natural/00001242.jpg
1330,024.Red_faced_Cormorant/Red_Faced_Cormorant_0001_796327.jpg,1,2,1,3,/l/lake/natural/00002643.jpg
1305,024.Red_faced_Cormorant/Red_Faced_Cormorant_0024_796285.jpg,1,2,1,3,/o/ocean/00000809.jpg
239,005.Crested_Auklet/Crested_Auklet_0006_1813.jpg,1,2,1,3,/o/ocean/00001950.jpg
2507,044.Frigatebird/Frigatebird_0120_43300.jpg,1,2,1,3,/l/lake/natural/00000847.jpg
8395,143.Caspian_Tern/Caspian_Tern_0058_145886.jpg,1,2,1,3,/o/ocean/00002169.jpg
5918,102.Western_Wood_Pewee/Western_Wood_Pewee_0014_98094.jpg,1,2,1,3,/o/ocean/00002562.jpg
419,008.Rhinoceros_Auklet/Rhinoceros_Auklet_0048_2162.jpg,1,2,1,3,/l/lake/natural/00002070.jpg
8546,146.Forsters_Tern/Forsters_Tern_0042_151644.jpg,1,2,1,3,/o/ocean/00002937.jpg
4996,086.Pacific_Loon/Pacific_Loon_0042_75385.jpg,1,2,1,3,/l/lake/natural/00000793.jpg
5929,102.Western_Wood_Pewee/Western_Wood_Pewee_0018_98153.jpg,1,2,1,3,/l/lake/natural/00003241.jpg
8571,146.Forsters_Tern/Forsters_Tern_0010_151243.jpg,1,2,1,3,/o/ocean/00003020.jpg
3461,060.Glaucous_winged_Gull/Glaucous_Winged_Gull_0076_44744.jpg,1,2,1,3,/l/lake/natural/00002668.jpg
3420,059.California_Gull/California_Gull_0014_40880.jpg,1,2,1,3,/o/ocean/00002710.jpg
8600,147.Least_Tern/Least_Tern_0058_153747.jpg,1,2,1,3,/o/ocean/00000016.jpg
5056,087.Mallard/Mallard_0043_77038.jpg,1,2,1,3,/l/lake/natural/00000853.jpg
405,008.Rhinoceros_Auklet/Rhinoceros_Auklet_0046_797532.jpg,1,2,1,3,/l/lake/natural/00002411.jpg
1243,023.Brandt_Cormorant/Brandt_Cormorant_0052_23356.jpg,1,2,1,3,/o/ocean/00004934.jpg
5909,101.White_Pelican/White_Pelican_0087_97247.jpg,1,2,1,3,/o/ocean/00004854.jpg
8467,145.Elegant_Tern/Elegant_Tern_0077_150548.jpg,1,2,1,3,/o/ocean/00002692.jpg
4085,071.Long_tailed_Jaeger/Long_Tailed_Jaeger_0017_797081.jpg,1,2,1,3,/l/lake/natural/00001986.jpg
5936,102.Western_Wood_Pewee/Western_Wood_Pewee_0010_98204.jpg,1,2,1,3,/o/ocean/00000231.jpg
6170,106.Horned_Puffin/Horned_Puffin_0035_100690.jpg,1,2,1,3,/o/ocean/00000500.jpg
3007,052.Pied_billed_Grebe/Pied_Billed_Grebe_0056_35623.jpg,1,2,1,3,/l/lake/natural/00001395.jpg
3798,066.Western_Gull/Western_Gull_0070_54978.jpg,1,2,1,3,/o/ocean/00000434.jpg
3562,062.Herring_Gull/Herring_Gull_0071_48751.jpg,1,2,1,3,/o/ocean/00001356.jpg
8620,147.Least_Tern/Least_Tern_0089_152912.jpg,1,2,1,3,/l/lake/natural/00000149.jpg
1396,025.Pelagic_Cormorant/Pelagic_Cormorant_0073_23785.jpg,1,2,1,3,/o/ocean/00003692.jpg
5954,102.Western_Wood_Pewee/Western_Wood_Pewee_0045_97972.jpg,1,2,1,3,/l/lake/natural/00003657.jpg
2630,046.Gadwall/Gadwall_0095_30911.jpg,1,2,1,3,/o/ocean/00002387.jpg
4094,071.Long_tailed_Jaeger/Long_Tailed_Jaeger_0049_797063.jpg,1,2,1,3,/l/lake/natural/00002147.jpg
8503,145.Elegant_Tern/Elegant_Tern_0107_150960.jpg,1,2,1,3,/l/lake/natural/00004461.jpg
3782,066.Western_Gull/Western_Gull_0104_53816.jpg,1,2,1,3,/l/lake/natural/00001719.jpg
5224,090.Red_breasted_Merganser/Red_Breasted_Merganser_0001_79199.jpg,1,2,1,3,/o/ocean/00001398.jpg
26,001.Black_footed_Albatross/Black_Footed_Albatross_0033_796086.jpg,1,2,1,3,/o/ocean/00000056.jpg
5085,087.Mallard/Mallard_0004_76958.jpg,1,2,1,3,/o/ocean/00000040.jpg
5060,087.Mallard/Mallard_0106_77568.jpg,1,2,1,3,/o/ocean/00000309.jpg
8414,144.Common_Tern/Common_Tern_0045_150067.jpg,1,2,1,3,/o/ocean/00000358.jpg
8359,143.Caspian_Tern/Caspian_Tern_0062_145981.jpg,1,2,1,3,/o/ocean/00000971.jpg
59,001.Black_footed_Albatross/Black_Footed_Albatross_0058_796074.jpg,1,2,1,3,/l/lake/natural/00000881.jpg
3821,066.Western_Gull/Western_Gull_0024_53631.jpg,1,2,1,3,/l/lake/natural/00001972.jpg
369,007.Parakeet_Auklet/Parakeet_Auklet_0061_795990.jpg,1,2,1,3,/l/lake/natural/00003028.jpg
5059,087.Mallard/Mallard_0083_77052.jpg,1,2,1,3,/o/ocean/00001530.jpg
8278,141.Artic_Tern/Artic_Tern_0024_143268.jpg,1,2,1,3,/l/lake/natural/00002629.jpg
1118,021.Eastern_Towhee/Eastern_Towhee_0110_22549.jpg,1,2,1,3,/o/ocean/00000305.jpg
