img_id,img_filename,y,split,place,group_id,place_filename
11306,192.Downy_Woodpecker/Downy_Woodpecker_0102_184263.jpg,0,0,0,0,/b/bamboo_forest/00003772.jpg
11557,197.Marsh_Wren/Marsh_Wren_0038_188530.jpg,0,0,0,0,/f/forest/broadleaf/00001673.jpg
7691,132.White_crowned_Sparrow/White_Crowned_Sparrow_0067_127576.jpg,0,0,0,0,/f/forest/broadleaf/00002262.jpg
2217,039.Least_Flycatcher/Least_Flycatcher_0082_30132.jpg,0,0,0,0,/b/bamboo_forest/00000761.jpg
873,016.Painted_Bunting/Painted_Bunting_0066_15241.jpg,0,0,0,0,/b/bamboo_forest/00003780.jpg
10709,182.Yellow_Warbler/Yellow_Warbler_0069_176346.jpg,0,0,0,0,/b/bamboo_forest/00001773.jpg
4218,073.Blue_Jay/Blue_Jay_0089_61521.jpg,0,0,0,0,/f/forest/broadleaf/00002510.jpg
6291,108.White_necked_Raven/White_Necked_Raven_0042_797356.jpg,0,0,0,0,/b/bamboo_forest/00002680.jpg
9295,159.Black_and_white_Warbler/Black_And_White_Warbler_0098_160808.jpg,0,0,0,0,/b/bamboo_forest/00002306.jpg
8830,151.Black_capped_Vireo/Black_Capped_Vireo_0041_797452.jpg,0,0,0,0,/f/forest/broadleaf/00004216.jpg
621,012.Yellow_headed_Blackbird/Yellow_Headed_Blackbird_0018_8588.jpg,0,0,0,0,/b/bamboo_forest/00003626.jpg
6535,112.Great_Grey_Shrike/Great_Grey_Shrike_0045_797047.jpg,0,0,0,0,/b/bamboo_forest/00004237.jpg
8836,151.Black_capped_Vireo/Black_Capped_Vireo_0022_797459.jpg,0,0,0,0,/f/forest/broadleaf/00004006.jpg
11189,190.Red_cockaded_Woodpecker/Red_Cockaded_Woodpecker_0063_794726.jpg,0,0,0,0,/f/forest/broadleaf/00000925.jpg
3121,054.Blue_Grosbeak/Blue_Grosbeak_0111_36841.jpg,0,0,0,0,/b/bamboo_forest/00003094.jpg
1878,034.Gray_crowned_Rosy_Finch/Gray_Crowned_Rosy_Finch_0026_27160.jpg,0,0,0,0,/f/forest/broadleaf/00002591.jpg
6258,107.Common_Raven/Common_Raven_0057_101324.jpg,0,0,0,0,/b/bamboo_forest/00004737.jpg
11153,190.Red_cockaded_Woodpecker/Red_Cockaded_Woodpecker_0002_794696.jpg,0,0,0,0,/b/bamboo_forest/00004367.jpg
9027,154.Red_eyed_Vireo/Red_Eyed_Vireo_0002_156470.jpg,0,0,0,0,/b/bamboo_forest/00004057.jpg
10941,186.Cedar_Waxwing/Cedar_Waxwing_0029_179569.jpg,0,0,0,0,/b/bamboo_forest/00004179.jpg
8060,138.Tree_Swallow/Tree_Swallow_0067_136244.jpg,0,0,0,0,/b/bamboo_forest/00001288.jpg
11660,198.Rock_Wren/Rock_Wren_0045_189153.jpg,0,0,0,0,/f/forest/broadleaf/00003344.jpg
7840,134.Cape_Glossy_Starling/Cape_Glossy_Starling_0019_129407.jpg,0,0,0,0,/b/bamboo_forest/00004624.jpg
6546,112.Great_Grey_Shrike/Great_Grey_Shrike_0058_106634.jpg,0,0,0,0,/b/bamboo_forest/00002067.jpg
11044,188.Pileated_Woodpecker/Pileated_Woodpecker_0032_180347.jpg,0,0,0,0,/f/forest/broadleaf/00004100.jpg
11054,188.Pileated_Woodpecker/Pileated_Woodpecker_0008_180400.jpg,0,0,0,0,/f/forest/broadleaf/00000951.jpg
7534,129.Song_Sparrow/Song_Sparrow_0013_121056.jpg,0,0,0,0,/b/bamboo_forest/00001548.jpg
9553,163.Cape_May_Warbler/Cape_May_Warbler_0022_162912.jpg,0,0,0,0,/f/forest/broadleaf/00002600.jpg
1493,027.Shiny_Cowbird/Shiny_Cowbird_0083_796834.jpg,0,0,0,0,/b/bamboo_forest/00000314.jpg
2165,038.Great_Crested_Flycatcher/Great_Crested_Flycatcher_0092_29583.jpg,0,0,0,0,/f/forest/broadleaf/00003322.jpg
7186,123.Henslow_Sparrow/Henslow_Sparrow_0106_796580.jpg,0,0,0,0,/b/bamboo_forest/00003917.jpg
5721,098.Scott_Oriole/Scott_Oriole_0077_795831.jpg,0,0,0,0,/f/forest/broadleaf/00000944.jpg
2405,042.Vermilion_Flycatcher/Vermilion_Flycatcher_0072_42218.jpg,0,0,0,0,/b/bamboo_forest/00003163.jpg
3306,057.Rose_breasted_Grosbeak/Rose_Breasted_Grosbeak_0092_39367.jpg,0,0,0,0,/b/bamboo_forest/00002011.jpg
9382,160.Black_throated_Blue_Warbler/Black_Throated_Blue_Warbler_0060_161644.jpg,0,0,0,0,/f/forest/broadleaf/00002297.jpg
7547,129.Song_Sparrow/Song_Sparrow_0132_121153.jpg,0,0,0,0,/b/bamboo_forest/00004164.jpg
9543,163.Cape_May_Warbler/Cape_May_Warbler_0020_162629.jpg,0,0,0,0,/f/forest/broadleaf/00003427.jpg
2469,043.Yellow_bellied_Flycatcher/Yellow_Bellied_Flycatcher_0016_795476.jpg,0,0,0,0,/b/bamboo_forest/00004081.jpg
11090,189.Red_bellied_Woodpecker/Red_Bellied_Woodpecker_0026_180783.jpg,0,0,0,0,/b/bamboo_forest/00004027.jpg
2182,039.Least_Flycatcher/Least_Flycatcher_0095_30277.jpg,0,0,0,0,/b/bamboo_forest/00002346.jpg
4219,073.Blue_Jay/Blue_Jay_0022_63074.jpg,0,0,0,0,/b/bamboo_forest/00000325.jpg
8914,152.Blue_headed_Vireo/Blue_Headed_Vireo_0011_156276.jpg,0,0,0,0,/b/bamboo_forest/00002734.jpg
7568,130.Tree_Sparrow/Tree_Sparrow_0122_123927.jpg,0,0,0,0,/b/bamboo_forest/00000705.jpg
9808,167.Hooded_Warbler/Hooded_Warbler_0040_165173.jpg,0,0,0,0,/f/forest/broadleaf/00000878.jpg
2383,042.Vermilion_Flycatcher/Vermilion_Flycatcher_0027_42388.jpg,0,0,0,0,/f/forest/broadleaf/00002876.jpg
1552,028.Brown_Creeper/Brown_Creeper_0058_24933.jpg,0,0,0,0,/b/bamboo_forest/00001652.jpg
3178,055.Evening_Grosbeak/Evening_Grosbeak_0065_37296.jpg,0,0,0,0,/b/bamboo_forest/00000586.jpg
5592,096.Hooded_Oriole/Hooded_Oriole_0125_90382.jpg,0,0,0,0,/b/bamboo_forest/00004626.jpg
6817,117.Clay_colored_Sparrow/Clay_Colored_Sparrow_0081_110682.jpg,0,0,0,0,/b/bamboo_forest/00003940.jpg
466,009.Brewer_Blackbird/Brewer_Blackbird_0002_2278.jpg,0,0,0,0,/b/bamboo_forest/00001604.jpg
11116,189.Red_bellied_Woodpecker/Red_Bellied_Woodpecker_0110_181188.jpg,0,0,0,0,/f/forest/broadleaf/00000582.jpg
8911,152.Blue_headed_Vireo/Blue_Headed_Vireo_0095_156092.jpg,0,0,0,0,/f/forest/broadleaf/00000460.jpg
6580,113.Baird_Sparrow/Baird_Sparrow_0025_794564.jpg,0,0,0,0,/b/bamboo_forest/00004166.jpg
1004,019.Gray_Catbird/Gray_Catbird_0048_20558.jpg,0,0,0,0,/f/forest/broadleaf/00002797.jpg
7940,136.Barn_Swallow/Barn_Swallow_0069_130368.jpg,0,0,0,0,/f/forest/broadleaf/00000113.jpg
8057,138.Tree_Swallow/Tree_Swallow_0071_136749.jpg,0,0,0,0,/f/forest/broadleaf/00001701.jpg
10197,174.Palm_Warbler/Palm_Warbler_0056_168740.jpg,0,0,0,0,/b/bamboo_forest/00004532.jpg
5323,091.Mockingbird/Mockingbird_0108_81908.jpg,0,0,0,0,/f/forest/broadleaf/00004224.jpg
4000,069.Rufous_Hummingbird/Rufous_Hummingbird_0024_59636.jpg,0,0,0,0,/b/bamboo_forest/00001242.jpg
11736,200.Common_Yellowthroat/Common_Yellowthroat_0003_190521.jpg,0,0,0,0,/f/forest/broadleaf/00000251.jpg
7197,123.Henslow_Sparrow/Henslow_Sparrow_0098_796601.jpg,0,0,0,0,/f/forest/broadleaf/00000046.jpg
1007,019.Gray_Catbird/Gray_Catbird_0111_19550.jpg,0,0,0,0,/b/bamboo_forest/00000148.jpg
11333,193.Bewick_Wren/Bewick_Wren_0039_184989.jpg,0,0,0,0,/b/bamboo_forest/00002264.jpg
9753,166.Golden_winged_Warbler/Golden_Winged_Warbler_0044_794836.jpg,0,0,0,0,/f/forest/broadleaf/00000452.jpg
8677,148.Green_tailed_Towhee/Green_Tailed_Towhee_0018_154825.jpg,0,0,0,0,/f/forest/broadleaf/00000347.jpg
4964,085.Horned_Lark/Horned_Lark_0025_75003.jpg,0,0,0,0,/b/bamboo_forest/00004260.jpg
1519,027.Shiny_Cowbird/Shiny_Cowbird_0024_24281.jpg,0,0,0,0,/f/forest/broadleaf/00000361.jpg
7503,128.Seaside_Sparrow/Seaside_Sparrow_0011_120820.jpg,0,0,0,0,/b/bamboo_forest/00001722.jpg
10630,181.Worm_eating_Warbler/Worm_Eating_Warbler_0018_795546.jpg,0,0,0,0,/b/bamboo_forest/00003230.jpg
11561,197.Marsh_Wren/Marsh_Wren_0133_188565.jpg,0,0,0,0,/f/forest/broadleaf/00003479.jpg
7751,133.White_throated_Sparrow/White_Throated_Sparrow_0034_129054.jpg,0,0,0,0,/f/forest/broadleaf/00003263.jpg
4920,085.Horned_Lark/Horned_Lark_0013_74374.jpg,0,0,0,0,/b/bamboo_forest/00003463.jpg
2775,049.Boat_tailed_Grackle/Boat_Tailed_Grackle_0086_33818.jpg,0,0,0,0,/f/forest/broadleaf/00004137.jpg
7304,125.Lincoln_Sparrow/Lincoln_Sparrow_0084_117492.jpg,0,0,0,0,/b/bamboo_forest/00001996.jpg
1764,032.Mangrove_Cuckoo/Mangrove_Cuckoo_0041_26370.jpg,0,0,0,0,/b/bamboo_forest/00003287.jpg
545,011.Rusty_Blackbird/Rusty_Blackbird_0113_6664.jpg,0,0,0,0,/b/bamboo_forest/00003464.jpg
1858,033.Yellow_billed_Cuckoo/Yellow_Billed_Cuckoo_0019_26803.jpg,0,0,0,0,/f/forest/broadleaf/00003499.jpg
2177,039.Least_Flycatcher/Least_Flycatcher_0096_30233.jpg,0,0,0,0,/f/forest/broadleaf/00002618.jpg
7598,130.Tree_Sparrow/Tree_Sparrow_0039_124140.jpg,0,0,0,0,/f/forest/broadleaf/00002676.jpg
7652,131.Vesper_Sparrow/Vesper_Sparrow_0013_109937.jpg,0,0,0,0,/f/forest/broadleaf/00001029.jpg
8131,139.Scarlet_Tanager/Scarlet_Tanager_0132_138001.jpg,0,0,0,0,/f/forest/broadleaf/00002191.jpg
2432,043.Yellow_bellied_Flycatcher/Yellow_Bellied_Flycatcher_0057_795485.jpg,0,0,0,0,/f/forest/broadleaf/00003590.jpg
5747,099.Ovenbird/Ovenbird_0032_93199.jpg,0,0,0,0,/f/forest/broadleaf/00000137.jpg
1757,031.Black_billed_Cuckoo/Black_Billed_Cuckoo_0090_26311.jpg,0,0,0,0,/b/bamboo_forest/00004959.jpg
3274,057.Rose_breasted_Grosbeak/Rose_Breasted_Grosbeak_0042_39158.jpg,0,0,0,0,/f/forest/broadleaf/00002094.jpg
7111,122.Harris_Sparrow/Harris_Sparrow_0081_116574.jpg,0,0,0,0,/b/bamboo_forest/00003036.jpg
4563,079.Belted_Kingfisher/Belted_Kingfisher_0087_70724.jpg,0,0,0,0,/f/forest/broadleaf/00001294.jpg
10867,185.Bohemian_Waxwing/Bohemian_Waxwing_0022_177642.jpg,0,0,0,0,/f/forest/broadleaf/00001489.jpg
5781,099.Ovenbird/Ovenbird_0098_93032.jpg,0,0,0,0,/b/bamboo_forest/00001186.jpg
6555,112.Great_Grey_Shrike/Great_Grey_Shrike_0057_106681.jpg,0,0,0,0,/b/bamboo_forest/00000517.jpg
10171,173.Orange_crowned_Warbler/Orange_Crowned_Warbler_0034_168185.jpg,0,0,0,0,/b/bamboo_forest/00004750.jpg
11423,194.Cactus_Wren/Cactus_Wren_0098_185637.jpg,0,0,0,0,/b/bamboo_forest/00001063.jpg
476,009.Brewer_Blackbird/Brewer_Blackbird_0097_2322.jpg,0,0,0,0,/b/bamboo_forest/00002920.jpg
6943,119.Field_Sparrow/Field_Sparrow_0105_113822.jpg,0,0,0,0,/b/bamboo_forest/00001401.jpg
10670,182.Yellow_Warbler/Yellow_Warbler_0018_176674.jpg,0,0,0,0,/f/forest/broadleaf/00003488.jpg
11261,192.Downy_Woodpecker/Downy_Woodpecker_0038_184418.jpg,0,0,0,0,/f/forest/broadleaf/00003311.jpg
1754,031.Black_billed_Cuckoo/Black_Billed_Cuckoo_0019_795329.jpg,0,0,0,0,/b/bamboo_forest/00003003.jpg
10559,180.Wilson_Warbler/Wilson_Warbler_0059_175249.jpg,0,0,0,0,/f/forest/broadleaf/00000003.jpg
7764,133.White_throated_Sparrow/White_Throated_Sparrow_0023_129179.jpg,0,0,0,0,/b/bamboo_forest/00003206.jpg
6810,117.Clay_colored_Sparrow/Clay_Colored_Sparrow_0064_110664.jpg,0,0,0,0,/f/forest/broadleaf/00000881.jpg
11008,187.American_Three_toed_Woodpecker/American_Three_Toed_Woodpecker_0021_179832.jpg,0,0,0,0,/f/forest/broadleaf/00002143.jpg
11294,192.Downy_Woodpecker/Downy_Woodpecker_0031_184120.jpg,0,0,0,0,/f/forest/broadleaf/00000858.jpg
10566,180.Wilson_Warbler/Wilson_Warbler_0117_175262.jpg,0,0,0,0,/f/forest/broadleaf/00001402.jpg
9225,157.Yellow_throated_Vireo/Yellow_Throated_Vireo_0063_159677.jpg,0,0,0,0,/b/bamboo_forest/00004173.jpg
1802,032.Mangrove_Cuckoo/Mangrove_Cuckoo_0016_794607.jpg,0,0,0,0,/b/bamboo_forest/00002060.jpg
1444,026.Bronzed_Cowbird/Bronzed_Cowbird_0053_24170.jpg,0,0,0,0,/f/forest/broadleaf/00000617.jpg
11013,188.Pileated_Woodpecker/Pileated_Woodpecker_0125_179971.jpg,0,0,0,0,/f/forest/broadleaf/00001297.jpg
5289,091.Mockingbird/Mockingbird_0010_79955.jpg,0,0,0,0,/f/forest/broadleaf/00003169.jpg
4551,078.Gray_Kingbird/Gray_Kingbird_0040_70313.jpg,0,0,0,0,/f/forest/broadleaf/00001603.jpg
10750,183.Northern_Waterthrush/Northern_Waterthrush_0090_177283.jpg,0,0,0,0,/f/forest/broadleaf/00000070.jpg
7057,121.Grasshopper_Sparrow/Grasshopper_Sparrow_0081_116326.jpg,0,0,0,0,/b/bamboo_forest/00000527.jpg
3998,069.Rufous_Hummingbird/Rufous_Hummingbird_0006_59621.jpg,0,0,0,0,/b/bamboo_forest/00000144.jpg
6668,114.Black_throated_Sparrow/Black_Throated_Sparrow_0078_107298.jpg,0,0,0,0,/f/forest/broadleaf/00004710.jpg
2771,049.Boat_tailed_Grackle/Boat_Tailed_Grackle_0073_33723.jpg,0,0,0,0,/b/bamboo_forest/00004344.jpg
1706,031.Black_billed_Cuckoo/Black_Billed_Cuckoo_0084_26175.jpg,0,0,0,0,/b/bamboo_forest/00000710.jpg
10674,182.Yellow_Warbler/Yellow_Warbler_0013_176437.jpg,0,0,0,0,/b/bamboo_forest/00000478.jpg
6043,104.American_Pipit/American_Pipit_0114_100380.jpg,0,0,0,0,/f/forest/broadleaf/00001081.jpg
2012,036.Northern_Flicker/Northern_Flicker_0078_28338.jpg,0,0,0,0,/b/bamboo_forest/00002967.jpg
7700,132.White_crowned_Sparrow/White_Crowned_Sparrow_0113_128095.jpg,0,0,0,0,/f/forest/broadleaf/00000472.jpg
6031,103.Sayornis/Sayornis_0020_98727.jpg,0,0,0,0,/b/bamboo_forest/00003016.jpg
10265,175.Pine_Warbler/Pine_Warbler_0083_171117.jpg,0,0,0,0,/f/forest/broadleaf/00001743.jpg
5606,096.Hooded_Oriole/Hooded_Oriole_0049_89955.jpg,0,0,0,0,/f/forest/broadleaf/00001232.jpg
6922,119.Field_Sparrow/Field_Sparrow_0127_114087.jpg,0,0,0,0,/f/forest/broadleaf/00002458.jpg
7957,136.Barn_Swallow/Barn_Swallow_0049_130181.jpg,0,0,0,0,/f/forest/broadleaf/00003859.jpg
11753,200.Common_Yellowthroat/Common_Yellowthroat_0092_190573.jpg,0,0,0,0,/b/bamboo_forest/00003328.jpg
9022,154.Red_eyed_Vireo/Red_Eyed_Vireo_0058_156965.jpg,0,0,0,0,/f/forest/broadleaf/00001976.jpg
5462,094.White_breasted_Nuthatch/White_Breasted_Nuthatch_0040_86127.jpg,0,0,0,0,/b/bamboo_forest/00000641.jpg
2202,039.Least_Flycatcher/Least_Flycatcher_0076_30117.jpg,0,0,0,0,/b/bamboo_forest/00001162.jpg
4531,078.Gray_Kingbird/Gray_Kingbird_0037_70050.jpg,0,0,0,0,/f/forest/broadleaf/00001379.jpg
2013,036.Northern_Flicker/Northern_Flicker_0077_28341.jpg,0,0,0,0,/f/forest/broadleaf/00001246.jpg
9029,154.Red_eyed_Vireo/Red_Eyed_Vireo_0101_156988.jpg,0,0,0,0,/f/forest/broadleaf/00003494.jpg
8202,140.Summer_Tanager/Summer_Tanager_0032_140425.jpg,0,0,0,0,/b/bamboo_forest/00000960.jpg
2080,037.Acadian_Flycatcher/Acadian_Flycatcher_0068_795590.jpg,0,0,0,0,/f/forest/broadleaf/00001384.jpg
9793,167.Hooded_Warbler/Hooded_Warbler_0021_165057.jpg,0,0,0,0,/b/bamboo_forest/00004448.jpg
7744,132.White_crowned_Sparrow/White_Crowned_Sparrow_0124_128082.jpg,0,0,0,0,/b/bamboo_forest/00003641.jpg
11330,193.Bewick_Wren/Bewick_Wren_0112_184956.jpg,0,0,0,0,/b/bamboo_forest/00000282.jpg
6605,113.Baird_Sparrow/Baird_Sparrow_0027_794590.jpg,0,0,0,0,/f/forest/broadleaf/00001945.jpg
6585,113.Baird_Sparrow/Baird_Sparrow_0030_794569.jpg,0,0,0,0,/f/forest/broadleaf/00004319.jpg
8933,152.Blue_headed_Vireo/Blue_Headed_Vireo_0039_156397.jpg,0,0,0,0,/b/bamboo_forest/00004424.jpg
1864,033.Yellow_billed_Cuckoo/Yellow_Billed_Cuckoo_0059_26828.jpg,0,0,0,0,/f/forest/broadleaf/00002984.jpg
966,018.Spotted_Catbird/Spotted_Catbird_0045_796814.jpg,0,0,0,0,/b/bamboo_forest/00001244.jpg
1938,035.Purple_Finch/Purple_Finch_0050_27702.jpg,0,0,0,0,/b/bamboo_forest/00003536.jpg
8206,140.Summer_Tanager/Summer_Tanager_0001_139289.jpg,0,0,0,0,/b/bamboo_forest/00003423.jpg
4343,075.Green_Jay/Green_Jay_0051_65662.jpg,0,0,0,0,/b/bamboo_forest/00004910.jpg
5761,099.Ovenbird/Ovenbird_0128_93366.jpg,0,0,0,0,/f/forest/broadleaf/00004248.jpg
9875,168.Kentucky_Warbler/Kentucky_Warbler_0080_165351.jpg,0,0,0,0,/f/forest/broadleaf/00001657.jpg
784,015.Lazuli_Bunting/Lazuli_Bunting_0034_14864.jpg,0,0,0,0,/b/bamboo_forest/00004026.jpg
7194,123.Henslow_Sparrow/Henslow_Sparrow_0031_796594.jpg,0,0,0,0,/f/forest/broadleaf/00001290.jpg
1541,028.Brown_Creeper/Brown_Creeper_0032_24800.jpg,0,0,0,0,/f/forest/broadleaf/00002897.jpg
7147,122.Harris_Sparrow/Harris_Sparrow_0088_116445.jpg,0,0,0,0,/b/bamboo_forest/00004444.jpg
694,013.Bobolink/Bobolink_0059_10041.jpg,0,0,0,0,/b/bamboo_forest/00003860.jpg
8666,148.Green_tailed_Towhee/Green_Tailed_Towhee_0064_154771.jpg,0,0,0,0,/b/bamboo_forest/00004934.jpg
5359,092.Nighthawk/Nighthawk_0068_82368.jpg,0,0,0,0,/f/forest/broadleaf/00000035.jpg
495,010.Red_winged_Blackbird/Red_Winged_Blackbird_0049_5598.jpg,0,0,0,0,/b/bamboo_forest/00002746.jpg
7900,135.Bank_Swallow/Bank_Swallow_0067_129959.jpg,0,0,0,0,/b/bamboo_forest/00000362.jpg
6292,108.White_necked_Raven/White_Necked_Raven_0026_797357.jpg,0,0,0,0,/f/forest/broadleaf/00004530.jpg
2007,036.Northern_Flicker/Northern_Flicker_0132_28313.jpg,0,0,0,0,/f/forest/broadleaf/00002872.jpg
5444,093.Clark_Nutcracker/Clark_Nutcracker_0136_85490.jpg,0,0,0,0,/f/forest/broadleaf/00002295.jpg
6223,107.Common_Raven/Common_Raven_0007_102020.jpg,0,0,0,0,/f/forest/broadleaf/00004475.jpg
10144,173.Orange_crowned_Warbler/Orange_Crowned_Warbler_0052_168013.jpg,0,0,0,0,/f/forest/broadleaf/00002006.jpg
541,010.Red_winged_Blackbird/Red_Winged_Blackbird_0044_5621.jpg,0,0,0,0,/f/forest/broadleaf/00004805.jpg
9480,162.Canada_Warbler/Canada_Warbler_0039_162330.jpg,0,0,0,0,/f/forest/broadleaf/00000445.jpg
7556,129.Song_Sparrow/Song_Sparrow_0116_121211.jpg,0,0,0,0,/b/bamboo_forest/00000170.jpg
1875,034.Gray_crowned_Rosy_Finch/Gray_Crowned_Rosy_Finch_0042_27143.jpg,0,0,0,0,/b/bamboo_forest/00000083.jpg
9138,156.White_eyed_Vireo/White_Eyed_Vireo_0110_158947.jpg,0,0,0,0,/f/forest/broadleaf/00004697.jpg
6283,108.White_necked_Raven/White_Necked_Raven_0025_797346.jpg,0,0,0,0,/b/bamboo_forest/00000573.jpg
4211,073.Blue_Jay/Blue_Jay_0102_61494.jpg,0,0,0,0,/b/bamboo_forest/00004909.jpg
1749,031.Black_billed_Cuckoo/Black_Billed_Cuckoo_0057_795323.jpg,0,0,0,0,/b/bamboo_forest/00003915.jpg
9682,165.Chestnut_sided_Warbler/Chestnut_Sided_Warbler_0128_163696.jpg,0,0,0,0,/f/forest/broadleaf/00001191.jpg
8167,140.Summer_Tanager/Summer_Tanager_0034_139781.jpg,0,0,0,0,/f/forest/broadleaf/00002036.jpg
10333,176.Prairie_Warbler/Prairie_Warbler_0047_173210.jpg,0,0,0,0,/f/forest/broadleaf/00003077.jpg
6103,105.Whip_poor_Will/Whip_Poor_Will_0016_796424.jpg,0,0,0,0,/f/forest/broadleaf/00002961.jpg
9224,157.Yellow_throated_Vireo/Yellow_Throated_Vireo_0046_159668.jpg,0,0,0,0,/f/forest/broadleaf/00004473.jpg
11510,196.House_Wren/House_Wren_0063_188076.jpg,0,0,0,0,/f/forest/broadleaf/00004872.jpg
7200,123.Henslow_Sparrow/Henslow_Sparrow_0006_796607.jpg,0,0,0,0,/b/bamboo_forest/00000384.jpg
9221,157.Yellow_throated_Vireo/Yellow_Throated_Vireo_0084_159639.jpg,0,0,0,0,/b/bamboo_forest/00004180.jpg
7875,135.Bank_Swallow/Bank_Swallow_0036_129567.jpg,0,0,0,0,/f/forest/broadleaf/00002592.jpg
1069,020.Yellow_breasted_Chat/Yellow_Breasted_Chat_0005_21828.jpg,0,0,0,0,/b/bamboo_forest/00002465.jpg
1208,022.Chuck_will_Widow/Chuck_Will_Widow_0018_796980.jpg,0,0,0,0,/f/forest/broadleaf/00004000.jpg
5599,096.Hooded_Oriole/Hooded_Oriole_0067_90416.jpg,0,0,0,0,/f/forest/broadleaf/00002784.jpg
10992,187.American_Three_toed_Woodpecker/American_Three_Toed_Woodpecker_0018_179831.jpg,0,0,0,0,/b/bamboo_forest/00003207.jpg
8101,138.Tree_Swallow/Tree_Swallow_0069_135148.jpg,0,0,0,0,/b/bamboo_forest/00003453.jpg
4699,081.Pied_Kingfisher/Pied_Kingfisher_0106_71404.jpg,0,0,0,0,/b/bamboo_forest/00000419.jpg
6130,105.Whip_poor_Will/Whip_Poor_Will_0026_100456.jpg,0,0,0,0,/b/bamboo_forest/00002072.jpg
9674,165.Chestnut_sided_Warbler/Chestnut_Sided_Warbler_0110_164023.jpg,0,0,0,0,/b/bamboo_forest/00004038.jpg
11624,198.Rock_Wren/Rock_Wren_0069_188969.jpg,0,0,0,0,/b/bamboo_forest/00004146.jpg
2706,047.American_Goldfinch/American_Goldfinch_0026_32222.jpg,0,0,0,0,/b/bamboo_forest/00004631.jpg
8875,152.Blue_headed_Vireo/Blue_Headed_Vireo_0060_156171.jpg,0,0,0,0,/f/forest/broadleaf/00002166.jpg
6503,112.Great_Grey_Shrike/Great_Grey_Shrike_0056_106752.jpg,0,0,0,0,/f/forest/broadleaf/00004962.jpg
8083,138.Tree_Swallow/Tree_Swallow_0017_135062.jpg,0,0,0,0,/f/forest/broadleaf/00000124.jpg
941,017.Cardinal/Cardinal_0039_17597.jpg,0,0,0,0,/b/bamboo_forest/00000575.jpg
11394,194.Cactus_Wren/Cactus_Wren_0025_185696.jpg,0,0,0,0,/f/forest/broadleaf/00003121.jpg
706,013.Bobolink/Bobolink_0069_9085.jpg,0,0,0,0,/b/bamboo_forest/00002669.jpg
5581,096.Hooded_Oriole/Hooded_Oriole_0091_90821.jpg,0,0,0,0,/f/forest/broadleaf/00001672.jpg
10571,180.Wilson_Warbler/Wilson_Warbler_0054_175285.jpg,0,0,0,0,/f/forest/broadleaf/00000019.jpg
11545,196.House_Wren/House_Wren_0045_187374.jpg,0,0,0,0,/f/forest/broadleaf/00003738.jpg
2113,038.Great_Crested_Flycatcher/Great_Crested_Flycatcher_0004_29701.jpg,0,0,0,0,/b/bamboo_forest/00001535.jpg
4726,081.Pied_Kingfisher/Pied_Kingfisher_0011_72143.jpg,0,0,0,0,/b/bamboo_forest/00003318.jpg
4057,070.Green_Violetear/Green_Violetear_0028_60800.jpg,0,0,0,0,/f/forest/broadleaf/00003069.jpg
5341,092.Nighthawk/Nighthawk_0061_82509.jpg,0,0,0,0,/f/forest/broadleaf/00003229.jpg
10524,179.Tennessee_Warbler/Tennessee_Warbler_0061_174775.jpg,0,0,0,0,/f/forest/broadleaf/00002476.jpg
10511,179.Tennessee_Warbler/Tennessee_Warbler_0004_174997.jpg,0,0,0,0,/f/forest/broadleaf/00001286.jpg
9360,160.Black_throated_Blue_Warbler/Black_Throated_Blue_Warbler_0083_161462.jpg,0,0,0,0,/b/bamboo_forest/00002739.jpg
4956,085.Horned_Lark/Horned_Lark_0095_74640.jpg,0,0,0,0,/f/forest/broadleaf/00000115.jpg
3962,069.Rufous_Hummingbird/Rufous_Hummingbird_0031_58391.jpg,0,0,0,0,/b/bamboo_forest/00004239.jpg
11439,195.Carolina_Wren/Carolina_Wren_0086_186431.jpg,0,0,0,0,/b/bamboo_forest/00001891.jpg
9274,158.Bay_breasted_Warbler/Bay_Breasted_Warbler_0105_797143.jpg,0,0,0,0,/b/bamboo_forest/00004109.jpg
7185,123.Henslow_Sparrow/Henslow_Sparrow_0037_796579.jpg,0,0,0,0,/f/forest/broadleaf/00003666.jpg
9822,167.Hooded_Warbler/Hooded_Warbler_0011_164801.jpg,0,0,0,0,/f/forest/broadleaf/00000834.jpg
9725,166.Golden_winged_Warbler/Golden_Winged_Warbler_0003_164469.jpg,0,0,0,0,/b/bamboo_forest/00004751.jpg
4325,075.Green_Jay/Green_Jay_0039_66118.jpg,0,0,0,0,/f/forest/broadleaf/00000866.jpg
8889,152.Blue_headed_Vireo/Blue_Headed_Vireo_0110_155952.jpg,0,0,0,0,/f/forest/broadleaf/00002621.jpg
9833,168.Kentucky_Warbler/Kentucky_Warbler_0038_795909.jpg,0,0,0,0,/b/bamboo_forest/00001395.jpg
4030,070.Green_Violetear/Green_Violetear_0105_795694.jpg,0,0,0,0,/f/forest/broadleaf/00004724.jpg
1714,031.Black_billed_Cuckoo/Black_Billed_Cuckoo_0096_26204.jpg,0,0,0,0,/b/bamboo_forest/00003286.jpg
10531,179.Tennessee_Warbler/Tennessee_Warbler_0022_174799.jpg,0,0,0,0,/b/bamboo_forest/00002402.jpg
975,018.Spotted_Catbird/Spotted_Catbird_0029_796825.jpg,0,0,0,0,/f/forest/broadleaf/00002925.jpg
7983,136.Barn_Swallow/Barn_Swallow_0035_131832.jpg,0,0,0,0,/b/bamboo_forest/00003529.jpg
11354,193.Bewick_Wren/Bewick_Wren_0110_185216.jpg,0,0,0,0,/f/forest/broadleaf/00002099.jpg
1932,034.Gray_crowned_Rosy_Finch/Gray_Crowned_Rosy_Finch_0063_27123.jpg,0,0,0,0,/b/bamboo_forest/00001431.jpg
1037,019.Gray_Catbird/Gray_Catbird_0094_21303.jpg,0,0,0,0,/b/bamboo_forest/00003575.jpg
5436,093.Clark_Nutcracker/Clark_Nutcracker_0117_84912.jpg,0,0,0,0,/f/forest/broadleaf/00002065.jpg
7988,137.Cliff_Swallow/Cliff_Swallow_0088_134188.jpg,0,0,0,0,/f/forest/broadleaf/00002226.jpg
2022,036.Northern_Flicker/Northern_Flicker_0054_28913.jpg,0,0,0,0,/f/forest/broadleaf/00003106.jpg
1535,028.Brown_Creeper/Brown_Creeper_0053_24451.jpg,0,0,0,0,/f/forest/broadleaf/00001347.jpg
1903,034.Gray_crowned_Rosy_Finch/Gray_Crowned_Rosy_Finch_0015_797291.jpg,0,0,0,0,/f/forest/broadleaf/00003246.jpg
1185,022.Chuck_will_Widow/Chuck_Will_Widow_0004_796957.jpg,0,0,0,0,/b/bamboo_forest/00000956.jpg
11473,195.Carolina_Wren/Carolina_Wren_0099_186237.jpg,0,0,0,0,/f/forest/broadleaf/00002545.jpg
502,010.Red_winged_Blackbird/Red_Winged_Blackbird_0061_4196.jpg,0,0,0,0,/f/forest/broadleaf/00002225.jpg
9067,155.Warbling_Vireo/Warbling_Vireo_0073_158315.jpg,0,0,0,0,/f/forest/broadleaf/00003504.jpg
1808,032.Mangrove_Cuckoo/Mangrove_Cuckoo_0004_794614.jpg,0,0,0,0,/b/bamboo_forest/00003400.jpg
744,014.Indigo_Bunting/Indigo_Bunting_0056_12637.jpg,0,0,0,0,/b/bamboo_forest/00004539.jpg
10579,180.Wilson_Warbler/Wilson_Warbler_0073_175876.jpg,0,0,0,0,/f/forest/broadleaf/00001607.jpg
10888,185.Bohemian_Waxwing/Bohemian_Waxwing_0042_177887.jpg,0,0,0,0,/f/forest/broadleaf/00001877.jpg
987,018.Spotted_Catbird/Spotted_Catbird_0034_19437.jpg,0,0,0,0,/f/forest/broadleaf/00001091.jpg
7698,132.White_crowned_Sparrow/White_Crowned_Sparrow_0115_126027.jpg,0,0,0,0,/f/forest/broadleaf/00001462.jpg
5441,093.Clark_Nutcracker/Clark_Nutcracker_0062_85464.jpg,0,0,0,0,/b/bamboo_forest/00003342.jpg
10424,177.Prothonotary_Warbler/Prothonotary_Warbler_0097_174554.jpg,0,0,0,0,/f/forest/broadleaf/00001712.jpg
3109,054.Blue_Grosbeak/Blue_Grosbeak_0072_36774.jpg,0,0,0,0,/b/bamboo_forest/00004928.jpg
1489,027.Shiny_Cowbird/Shiny_Cowbird_0014_24214.jpg,0,0,0,0,/b/bamboo_forest/00000872.jpg
7643,131.Vesper_Sparrow/Vesper_Sparrow_0029_125498.jpg,0,0,0,0,/b/bamboo_forest/00000005.jpg
10429,178.Swainson_Warbler/Swainson_Warbler_0025_794881.jpg,0,0,0,0,/b/bamboo_forest/00003306.jpg
5522,095.Baltimore_Oriole/Baltimore_Oriole_0045_88178.jpg,0,0,0,0,/b/bamboo_forest/00001143.jpg
9516,162.Canada_Warbler/Canada_Warbler_0041_162418.jpg,0,0,0,0,/b/bamboo_forest/00003361.jpg
5982,103.Sayornis/Sayornis_0070_99354.jpg,0,0,0,0,/f/forest/broadleaf/00004680.jpg
10628,181.Worm_eating_Warbler/Worm_Eating_Warbler_0085_795540.jpg,0,0,0,0,/f/forest/broadleaf/00002255.jpg
10682,182.Yellow_Warbler/Yellow_Warbler_0034_176204.jpg,0,0,0,0,/b/bamboo_forest/00000008.jpg
10213,174.Palm_Warbler/Palm_Warbler_0136_170276.jpg,0,0,0,0,/f/forest/broadleaf/00003814.jpg
11355,193.Bewick_Wren/Bewick_Wren_0047_184707.jpg,0,0,0,0,/f/forest/broadleaf/00002927.jpg
7530,129.Song_Sparrow/Song_Sparrow_0112_121027.jpg,0,0,0,0,/f/forest/broadleaf/00001034.jpg
7367,126.Nelson_Sharp_tailed_Sparrow/Nelson_Sharp_Tailed_Sparrow_0074_796901.jpg,0,0,0,0,/f/forest/broadleaf/00002919.jpg
9950,170.Mourning_Warbler/Mourning_Warbler_0036_166432.jpg,0,0,0,0,/f/forest/broadleaf/00004312.jpg
7429,127.Savannah_Sparrow/Savannah_Sparrow_0029_119621.jpg,0,0,0,0,/b/bamboo_forest/00002972.jpg
625,012.Yellow_headed_Blackbird/Yellow_Headed_Blackbird_0040_7514.jpg,0,0,0,0,/b/bamboo_forest/00004761.jpg
829,015.Lazuli_Bunting/Lazuli_Bunting_0082_15047.jpg,0,0,0,0,/f/forest/broadleaf/00001575.jpg
9315,159.Black_and_white_Warbler/Black_And_White_Warbler_0077_160440.jpg,0,0,0,0,/f/forest/broadleaf/00004333.jpg
6568,113.Baird_Sparrow/Baird_Sparrow_0002_794551.jpg,0,0,0,0,/b/bamboo_forest/00001554.jpg
7382,126.Nelson_Sharp_tailed_Sparrow/Nelson_Sharp_Tailed_Sparrow_0015_796922.jpg,0,0,0,0,/b/bamboo_forest/00004882.jpg
6345,109.American_Redstart/American_Redstart_0116_103631.jpg,0,0,0,0,/f/forest/broadleaf/00004109.jpg
6335,109.American_Redstart/American_Redstart_0077_104042.jpg,0,0,0,0,/f/forest/broadleaf/00004455.jpg
6435,110.Geococcyx/Geococcyx_0075_104334.jpg,0,0,0,0,/f/forest/broadleaf/00003070.jpg
6520,112.Great_Grey_Shrike/Great_Grey_Shrike_0079_797018.jpg,0,0,0,0,/b/bamboo_forest/00001285.jpg
1992,035.Purple_Finch/Purple_Finch_0036_27641.jpg,0,0,0,0,/f/forest/broadleaf/00004278.jpg
2654,047.American_Goldfinch/American_Goldfinch_0133_32802.jpg,0,0,0,0,/f/forest/broadleaf/00002537.jpg
11014,188.Pileated_Woodpecker/Pileated_Woodpecker_0119_180030.jpg,0,0,0,0,/b/bamboo_forest/00003737.jpg
9970,170.Mourning_Warbler/Mourning_Warbler_0026_166538.jpg,0,0,0,0,/f/forest/broadleaf/00000408.jpg
7003,120.Fox_Sparrow/Fox_Sparrow_0075_114920.jpg,0,0,0,0,/b/bamboo_forest/00004861.jpg
11236,191.Red_headed_Woodpecker/Red_Headed_Woodpecker_0007_182728.jpg,0,0,0,0,/b/bamboo_forest/00000390.jpg
6633,114.Black_throated_Sparrow/Black_Throated_Sparrow_0017_107355.jpg,0,0,0,0,/b/bamboo_forest/00002395.jpg
11705,199.Winter_Wren/Winter_Wren_0033_189635.jpg,0,0,0,0,/b/bamboo_forest/00002519.jpg
10969,187.American_Three_toed_Woodpecker/American_Three_Toed_Woodpecker_0031_796172.jpg,0,0,0,0,/f/forest/broadleaf/00001586.jpg
6730,115.Brewer_Sparrow/Brewer_Sparrow_0066_107510.jpg,0,0,0,0,/b/bamboo_forest/00001473.jpg
6326,109.American_Redstart/American_Redstart_0111_102945.jpg,0,0,0,0,/b/bamboo_forest/00001002.jpg
6452,111.Loggerhead_Shrike/Loggerhead_Shrike_0071_105040.jpg,0,0,0,0,/b/bamboo_forest/00002735.jpg
9112,155.Warbling_Vireo/Warbling_Vireo_0007_158717.jpg,0,0,0,0,/f/forest/broadleaf/00004878.jpg
7936,136.Barn_Swallow/Barn_Swallow_0094_132154.jpg,0,0,0,0,/f/forest/broadleaf/00004002.jpg
10561,180.Wilson_Warbler/Wilson_Warbler_0129_175256.jpg,0,0,0,0,/b/bamboo_forest/00000914.jpg
1810,032.Mangrove_Cuckoo/Mangrove_Cuckoo_0046_794616.jpg,0,0,0,0,/f/forest/broadleaf/00000467.jpg
486,010.Red_winged_Blackbird/Red_Winged_Blackbird_0054_4625.jpg,0,0,0,0,/f/forest/broadleaf/00002385.jpg
8698,148.Green_tailed_Towhee/Green_Tailed_Towhee_0071_154870.jpg,0,0,0,0,/b/bamboo_forest/00002599.jpg
10691,182.Yellow_Warbler/Yellow_Warbler_0007_176616.jpg,0,0,0,0,/f/forest/broadleaf/00002638.jpg
9829,167.Hooded_Warbler/Hooded_Warbler_0085_164846.jpg,0,0,0,0,/f/forest/broadleaf/00004151.jpg
4821,083.White_breasted_Kingfisher/White_Breasted_Kingfisher_0103_73316.jpg,0,0,0,0,/f/forest/broadleaf/00002125.jpg
7156,123.Henslow_Sparrow/Henslow_Sparrow_0009_796611.jpg,0,0,0,0,/b/bamboo_forest/00001361.jpg
10165,173.Orange_crowned_Warbler/Orange_Crowned_Warbler_0118_167640.jpg,0,0,0,0,/f/forest/broadleaf/00004469.jpg
9691,165.Chestnut_sided_Warbler/Chestnut_Sided_Warbler_0105_163996.jpg,0,0,0,0,/f/forest/broadleaf/00003196.jpg
10411,177.Prothonotary_Warbler/Prothonotary_Warbler_0055_173419.jpg,0,0,0,0,/b/bamboo_forest/00002782.jpg
10479,178.Swainson_Warbler/Swainson_Warbler_0004_794874.jpg,0,0,0,0,/b/bamboo_forest/00002329.jpg
810,015.Lazuli_Bunting/Lazuli_Bunting_0015_14690.jpg,0,0,0,0,/b/bamboo_forest/00001673.jpg
5281,091.Mockingbird/Mockingbird_0077_81470.jpg,0,0,0,0,/f/forest/broadleaf/00002305.jpg
1464,027.Shiny_Cowbird/Shiny_Cowbird_0019_24323.jpg,0,0,0,0,/b/bamboo_forest/00000836.jpg
6681,115.Brewer_Sparrow/Brewer_Sparrow_0032_796702.jpg,0,0,0,0,/f/forest/broadleaf/00004209.jpg
7619,130.Tree_Sparrow/Tree_Sparrow_0035_123211.jpg,0,0,0,0,/b/bamboo_forest/00004685.jpg
9002,154.Red_eyed_Vireo/Red_Eyed_Vireo_0112_156742.jpg,0,0,0,0,/f/forest/broadleaf/00004476.jpg
4076,070.Green_Violetear/Green_Violetear_0009_795647.jpg,0,0,0,0,/b/bamboo_forest/00001729.jpg
4657,080.Green_Kingfisher/Green_Kingfisher_0005_71352.jpg,0,0,0,0,/f/forest/broadleaf/00001511.jpg
7276,125.Lincoln_Sparrow/Lincoln_Sparrow_0083_117272.jpg,0,0,0,0,/f/forest/broadleaf/00003800.jpg
1055,019.Gray_Catbird/Gray_Catbird_0126_19446.jpg,0,0,0,0,/b/bamboo_forest/00002679.jpg
518,010.Red_winged_Blackbird/Red_Winged_Blackbird_0032_4004.jpg,0,0,0,0,/f/forest/broadleaf/00004614.jpg
2719,048.European_Goldfinch/European_Goldfinch_0012_794646.jpg,0,0,0,0,/b/bamboo_forest/00001622.jpg
4617,080.Green_Kingfisher/Green_Kingfisher_0010_71191.jpg,0,0,0,0,/f/forest/broadleaf/00001220.jpg
6022,103.Sayornis/Sayornis_0133_99129.jpg,0,0,0,0,/b/bamboo_forest/00001916.jpg
2002,036.Northern_Flicker/Northern_Flicker_0050_28284.jpg,0,0,0,0,/b/bamboo_forest/00000344.jpg
1604,029.American_Crow/American_Crow_0116_25199.jpg,0,0,0,0,/b/bamboo_forest/00000389.jpg
1499,027.Shiny_Cowbird/Shiny_Cowbird_0044_24239.jpg,0,0,0,0,/b/bamboo_forest/00004274.jpg
1403,026.Bronzed_Cowbird/Bronzed_Cowbird_0027_24022.jpg,0,0,0,0,/b/bamboo_forest/00004879.jpg
6316,108.White_necked_Raven/White_Necked_Raven_0072_797391.jpg,0,0,0,0,/b/bamboo_forest/00002304.jpg
4297,074.Florida_Jay/Florida_Jay_0021_64698.jpg,0,0,0,0,/f/forest/broadleaf/00002884.jpg
10636,181.Worm_eating_Warbler/Worm_Eating_Warbler_0055_795555.jpg,0,0,0,0,/b/bamboo_forest/00000228.jpg
8731,149.Brown_Thrasher/Brown_Thrasher_0081_155256.jpg,0,0,0,0,/b/bamboo_forest/00001253.jpg
4839,083.White_breasted_Kingfisher/White_Breasted_Kingfisher_0109_73683.jpg,0,0,0,0,/f/forest/broadleaf/00001486.jpg
505,010.Red_winged_Blackbird/Red_Winged_Blackbird_0028_4709.jpg,0,0,0,0,/f/forest/broadleaf/00003497.jpg
3256,057.Rose_breasted_Grosbeak/Rose_Breasted_Grosbeak_0088_39035.jpg,0,0,0,0,/f/forest/broadleaf/00002717.jpg
2684,047.American_Goldfinch/American_Goldfinch_0045_31974.jpg,0,0,0,0,/f/forest/broadleaf/00000632.jpg
2342,041.Scissor_tailed_Flycatcher/Scissor_Tailed_Flycatcher_0062_41952.jpg,0,0,0,0,/b/bamboo_forest/00004621.jpg
3270,057.Rose_breasted_Grosbeak/Rose_Breasted_Grosbeak_0086_39658.jpg,0,0,0,0,/f/forest/broadleaf/00004672.jpg
6699,115.Brewer_Sparrow/Brewer_Sparrow_0074_107408.jpg,0,0,0,0,/b/bamboo_forest/00000406.jpg
10410,177.Prothonotary_Warbler/Prothonotary_Warbler_0037_173418.jpg,0,0,0,0,/b/bamboo_forest/00004625.jpg
4341,075.Green_Jay/Green_Jay_0003_65767.jpg,0,0,0,0,/b/bamboo_forest/00003187.jpg
11112,189.Red_bellied_Woodpecker/Red_Bellied_Woodpecker_0042_181062.jpg,0,0,0,0,/b/bamboo_forest/00004363.jpg
10788,184.Louisiana_Waterthrush/Louisiana_Waterthrush_0004_177455.jpg,0,0,0,0,/b/bamboo_forest/00002603.jpg
11734,200.Common_Yellowthroat/Common_Yellowthroat_0090_190503.jpg,0,0,0,0,/f/forest/broadleaf/00001497.jpg
5340,092.Nighthawk/Nighthawk_0043_84039.jpg,0,0,0,0,/f/forest/broadleaf/00000880.jpg
6998,120.Fox_Sparrow/Fox_Sparrow_0118_114884.jpg,0,0,0,0,/b/bamboo_forest/00004878.jpg
4354,075.Green_Jay/Green_Jay_0014_65825.jpg,0,0,0,0,/b/bamboo_forest/00004284.jpg
1470,027.Shiny_Cowbird/Shiny_Cowbird_0066_24358.jpg,0,0,0,0,/b/bamboo_forest/00002075.jpg
2050,036.Northern_Flicker/Northern_Flicker_0069_28924.jpg,0,0,0,0,/f/forest/broadleaf/00003790.jpg
8163,139.Scarlet_Tanager/Scarlet_Tanager_0131_138740.jpg,0,0,0,0,/b/bamboo_forest/00001496.jpg
10403,177.Prothonotary_Warbler/Prothonotary_Warbler_0096_174372.jpg,0,0,0,0,/f/forest/broadleaf/00002910.jpg
10321,176.Prairie_Warbler/Prairie_Warbler_0054_172602.jpg,0,0,0,0,/b/bamboo_forest/00004123.jpg
11179,190.Red_cockaded_Woodpecker/Red_Cockaded_Woodpecker_0060_182377.jpg,0,0,0,0,/f/forest/broadleaf/00001085.jpg
4848,083.White_breasted_Kingfisher/White_Breasted_Kingfisher_0118_73511.jpg,0,0,0,0,/b/bamboo_forest/00000064.jpg
2340,041.Scissor_tailed_Flycatcher/Scissor_Tailed_Flycatcher_0077_41688.jpg,0,0,0,0,/b/bamboo_forest/00003080.jpg
11755,200.Common_Yellowthroat/Common_Yellowthroat_0009_190578.jpg,0,0,0,0,/f/forest/broadleaf/00001788.jpg
6099,105.Whip_poor_Will/Whip_Poor_Will_0008_796420.jpg,0,0,0,0,/b/bamboo_forest/00001178.jpg
7316,125.Lincoln_Sparrow/Lincoln_Sparrow_0064_117602.jpg,0,0,0,0,/b/bamboo_forest/00001254.jpg
8172,140.Summer_Tanager/Summer_Tanager_0018_139290.jpg,0,0,0,0,/b/bamboo_forest/00003312.jpg
2422,043.Yellow_bellied_Flycatcher/Yellow_Bellied_Flycatcher_0006_795473.jpg,0,0,0,0,/b/bamboo_forest/00000013.jpg
4248,073.Blue_Jay/Blue_Jay_0054_61656.jpg,0,0,0,0,/f/forest/broadleaf/00003747.jpg
8047,138.Tree_Swallow/Tree_Swallow_0117_134925.jpg,0,0,0,0,/b/bamboo_forest/00000545.jpg
3865,067.Anna_Hummingbird/Anna_Hummingbird_0112_56353.jpg,0,0,0,0,/b/bamboo_forest/00002162.jpg
5400,093.Clark_Nutcracker/Clark_Nutcracker_0101_85656.jpg,0,0,0,0,/f/forest/broadleaf/00000329.jpg
4542,078.Gray_Kingbird/Gray_Kingbird_0026_70089.jpg,0,0,0,0,/b/bamboo_forest/00001904.jpg
677,013.Bobolink/Bobolink_0013_9367.jpg,0,0,0,0,/f/forest/broadleaf/00000485.jpg
10507,179.Tennessee_Warbler/Tennessee_Warbler_0023_174977.jpg,0,0,0,0,/b/bamboo_forest/00000277.jpg
10345,176.Prairie_Warbler/Prairie_Warbler_0073_172771.jpg,0,0,0,0,/b/bamboo_forest/00002667.jpg
10968,187.American_Three_toed_Woodpecker/American_Three_Toed_Woodpecker_0008_179850.jpg,0,0,0,0,/b/bamboo_forest/00000736.jpg
6627,114.Black_throated_Sparrow/Black_Throated_Sparrow_0034_107327.jpg,0,0,0,0,/b/bamboo_forest/00003669.jpg
9207,157.Yellow_throated_Vireo/Yellow_Throated_Vireo_0041_794998.jpg,0,0,0,0,/b/bamboo_forest/00000199.jpg
6926,119.Field_Sparrow/Field_Sparrow_0100_113503.jpg,0,0,0,0,/b/bamboo_forest/00004549.jpg
7868,135.Bank_Swallow/Bank_Swallow_0048_129546.jpg,0,0,0,0,/b/bamboo_forest/00001871.jpg
3160,055.Evening_Grosbeak/Evening_Grosbeak_0041_37928.jpg,0,0,0,0,/b/bamboo_forest/00004394.jpg
741,014.Indigo_Bunting/Indigo_Bunting_0018_11883.jpg,0,0,0,0,/f/forest/broadleaf/00003316.jpg
4439,077.Tropical_Kingbird/Tropical_Kingbird_0102_69654.jpg,0,0,0,0,/f/forest/broadleaf/00002766.jpg
10237,174.Palm_Warbler/Palm_Warbler_0049_169885.jpg,0,0,0,0,/b/bamboo_forest/00002436.jpg
6006,103.Sayornis/Sayornis_0114_98976.jpg,0,0,0,0,/f/forest/broadleaf/00001717.jpg
9884,168.Kentucky_Warbler/Kentucky_Warbler_0068_795893.jpg,0,0,0,0,/b/bamboo_forest/00000767.jpg
10904,186.Cedar_Waxwing/Cedar_Waxwing_0060_178190.jpg,0,0,0,0,/b/bamboo_forest/00000916.jpg
10246,174.Palm_Warbler/Palm_Warbler_0010_169452.jpg,0,0,0,0,/b/bamboo_forest/00001039.jpg
7872,135.Bank_Swallow/Bank_Swallow_0066_129559.jpg,0,0,0,0,/b/bamboo_forest/00000236.jpg
4251,073.Blue_Jay/Blue_Jay_0048_62433.jpg,0,0,0,0,/f/forest/broadleaf/00003101.jpg
5418,093.Clark_Nutcracker/Clark_Nutcracker_0067_85302.jpg,0,0,0,0,/b/bamboo_forest/00000429.jpg
11743,200.Common_Yellowthroat/Common_Yellowthroat_0106_190989.jpg,0,0,0,0,/b/bamboo_forest/00000071.jpg
4534,078.Gray_Kingbird/Gray_Kingbird_0050_70056.jpg,0,0,0,0,/b/bamboo_forest/00001978.jpg
3134,055.Evening_Grosbeak/Evening_Grosbeak_0011_37913.jpg,0,0,0,0,/f/forest/broadleaf/00001277.jpg
10808,184.Louisiana_Waterthrush/Louisiana_Waterthrush_0044_177526.jpg,0,0,0,0,/b/bamboo_forest/00004355.jpg
645,012.Yellow_headed_Blackbird/Yellow_Headed_Blackbird_0007_8366.jpg,0,0,0,0,/b/bamboo_forest/00003128.jpg
8075,138.Tree_Swallow/Tree_Swallow_0105_134648.jpg,0,0,0,0,/b/bamboo_forest/00001176.jpg
2152,038.Great_Crested_Flycatcher/Great_Crested_Flycatcher_0136_29490.jpg,0,0,0,0,/f/forest/broadleaf/00000579.jpg
11507,196.House_Wren/House_Wren_0001_188047.jpg,0,0,0,0,/f/forest/broadleaf/00002752.jpg
8201,140.Summer_Tanager/Summer_Tanager_0125_139399.jpg,0,0,0,0,/b/bamboo_forest/00004427.jpg
9806,167.Hooded_Warbler/Hooded_Warbler_0008_164641.jpg,0,0,0,0,/b/bamboo_forest/00000679.jpg
11776,200.Common_Yellowthroat/Common_Yellowthroat_0080_190663.jpg,0,0,0,0,/b/bamboo_forest/00002543.jpg
10513,179.Tennessee_Warbler/Tennessee_Warbler_0043_175003.jpg,0,0,0,0,/f/forest/broadleaf/00003979.jpg
6277,108.White_necked_Raven/White_Necked_Raven_0018_102746.jpg,0,0,0,0,/f/forest/broadleaf/00004763.jpg
5416,093.Clark_Nutcracker/Clark_Nutcracker_0017_84777.jpg,0,0,0,0,/f/forest/broadleaf/00002824.jpg
4608,079.Belted_Kingfisher/Belted_Kingfisher_0035_70644.jpg,0,0,0,0,/f/forest/broadleaf/00001494.jpg
7270,125.Lincoln_Sparrow/Lincoln_Sparrow_0108_117773.jpg,0,0,0,0,/b/bamboo_forest/00004270.jpg
10967,187.American_Three_toed_Woodpecker/American_Three_Toed_Woodpecker_0033_796169.jpg,0,0,0,0,/b/bamboo_forest/00001461.jpg
5773,099.Ovenbird/Ovenbird_0130_92452.jpg,0,0,0,0,/f/forest/broadleaf/00000182.jpg
8831,151.Black_capped_Vireo/Black_Capped_Vireo_0005_797453.jpg,0,0,0,0,/b/bamboo_forest/00001029.jpg
461,009.Brewer_Blackbird/Brewer_Blackbird_0030_2268.jpg,0,0,0,0,/f/forest/broadleaf/00002960.jpg
10940,186.Cedar_Waxwing/Cedar_Waxwing_0103_179559.jpg,0,0,0,0,/f/forest/broadleaf/00004372.jpg
4554,079.Belted_Kingfisher/Belted_Kingfisher_0011_70923.jpg,0,0,0,0,/b/bamboo_forest/00001937.jpg
3094,054.Blue_Grosbeak/Blue_Grosbeak_0092_36711.jpg,0,0,0,0,/b/bamboo_forest/00000803.jpg
10126,172.Nashville_Warbler/Nashville_Warbler_0064_167411.jpg,0,0,0,0,/f/forest/broadleaf/00001540.jpg
9729,166.Golden_winged_Warbler/Golden_Winged_Warbler_0012_164496.jpg,0,0,0,0,/b/bamboo_forest/00004261.jpg
9562,163.Cape_May_Warbler/Cape_May_Warbler_0081_162936.jpg,0,0,0,0,/b/bamboo_forest/00004147.jpg
3862,067.Anna_Hummingbird/Anna_Hummingbird_0109_57022.jpg,0,0,0,0,/b/bamboo_forest/00001635.jpg
11009,187.American_Three_toed_Woodpecker/American_Three_Toed_Woodpecker_0046_796153.jpg,0,0,0,0,/b/bamboo_forest/00004218.jpg
10018,171.Myrtle_Warbler/Myrtle_Warbler_0072_166702.jpg,0,0,0,0,/b/bamboo_forest/00000558.jpg
8687,148.Green_tailed_Towhee/Green_Tailed_Towhee_0011_797410.jpg,0,0,0,0,/b/bamboo_forest/00004611.jpg
11524,196.House_Wren/House_Wren_0112_187355.jpg,0,0,0,0,/b/bamboo_forest/00000931.jpg
8970,153.Philadelphia_Vireo/Philadelphia_Vireo_0012_794785.jpg,0,0,0,0,/f/forest/broadleaf/00002564.jpg
8767,150.Sage_Thrasher/Sage_Thrasher_0018_796443.jpg,0,0,0,0,/f/forest/broadleaf/00004895.jpg
8852,151.Black_capped_Vireo/Black_Capped_Vireo_0053_797478.jpg,0,0,0,0,/f/forest/broadleaf/00000802.jpg
10823,184.Louisiana_Waterthrush/Louisiana_Waterthrush_0041_795279.jpg,0,0,0,0,/b/bamboo_forest/00002560.jpg
7792,133.White_throated_Sparrow/White_Throated_Sparrow_0071_128915.jpg,0,0,0,0,/f/forest/broadleaf/00002335.jpg
917,017.Cardinal/Cardinal_0089_18005.jpg,0,0,0,0,/b/bamboo_forest/00001678.jpg
10378,177.Prothonotary_Warbler/Prothonotary_Warbler_0109_174121.jpg,0,0,0,0,/b/bamboo_forest/00002545.jpg
6447,111.Loggerhead_Shrike/Loggerhead_Shrike_0046_104998.jpg,0,0,0,0,/b/bamboo_forest/00004298.jpg
11584,197.Marsh_Wren/Marsh_Wren_0005_188235.jpg,0,0,0,0,/f/forest/broadleaf/00003816.jpg
8209,140.Summer_Tanager/Summer_Tanager_0058_139427.jpg,0,0,0,0,/f/forest/broadleaf/00000983.jpg
4197,073.Blue_Jay/Blue_Jay_0015_62916.jpg,0,0,0,0,/b/bamboo_forest/00000293.jpg
6264,108.White_necked_Raven/White_Necked_Raven_0059_102668.jpg,0,0,0,0,/b/bamboo_forest/00004303.jpg
6782,116.Chipping_Sparrow/Chipping_Sparrow_0053_109774.jpg,0,0,0,0,/b/bamboo_forest/00004264.jpg
11511,196.House_Wren/House_Wren_0134_188077.jpg,0,0,0,0,/f/forest/broadleaf/00003421.jpg
8055,138.Tree_Swallow/Tree_Swallow_0060_134961.jpg,0,0,0,0,/f/forest/broadleaf/00001272.jpg
6395,110.Geococcyx/Geococcyx_0114_104136.jpg,0,0,0,0,/b/bamboo_forest/00003763.jpg
8798,150.Sage_Thrasher/Sage_Thrasher_0093_155501.jpg,0,0,0,0,/b/bamboo_forest/00001650.jpg
1767,032.Mangrove_Cuckoo/Mangrove_Cuckoo_0020_794629.jpg,0,0,0,0,/f/forest/broadleaf/00002311.jpg
9519,162.Canada_Warbler/Canada_Warbler_0075_162428.jpg,0,0,0,0,/b/bamboo_forest/00002860.jpg
8918,152.Blue_headed_Vireo/Blue_Headed_Vireo_0089_156062.jpg,0,0,0,0,/b/bamboo_forest/00000967.jpg
10460,178.Swainson_Warbler/Swainson_Warbler_0054_174689.jpg,0,0,0,0,/f/forest/broadleaf/00001902.jpg
3141,055.Evening_Grosbeak/Evening_Grosbeak_0001_37437.jpg,0,0,0,0,/f/forest/broadleaf/00002704.jpg
1765,032.Mangrove_Cuckoo/Mangrove_Cuckoo_0051_794627.jpg,0,0,0,0,/b/bamboo_forest/00004973.jpg
6878,118.House_Sparrow/House_Sparrow_0030_111387.jpg,0,0,0,0,/f/forest/broadleaf/00004559.jpg
7327,125.Lincoln_Sparrow/Lincoln_Sparrow_0022_117759.jpg,0,0,0,0,/b/bamboo_forest/00002131.jpg
3167,055.Evening_Grosbeak/Evening_Grosbeak_0033_37707.jpg,0,0,0,0,/b/bamboo_forest/00001550.jpg
2439,043.Yellow_bellied_Flycatcher/Yellow_Bellied_Flycatcher_0018_795494.jpg,0,0,0,0,/b/bamboo_forest/00001571.jpg
7662,131.Vesper_Sparrow/Vesper_Sparrow_0007_125630.jpg,0,0,0,0,/b/bamboo_forest/00002394.jpg
1557,028.Brown_Creeper/Brown_Creeper_0120_24955.jpg,0,0,0,0,/b/bamboo_forest/00001482.jpg
8790,150.Sage_Thrasher/Sage_Thrasher_0060_155728.jpg,0,0,0,0,/b/bamboo_forest/00003359.jpg
11036,188.Pileated_Woodpecker/Pileated_Woodpecker_0004_180307.jpg,0,0,0,0,/f/forest/broadleaf/00001239.jpg
7959,136.Barn_Swallow/Barn_Swallow_0077_130707.jpg,0,0,0,0,/b/bamboo_forest/00002757.jpg
974,018.Spotted_Catbird/Spotted_Catbird_0006_796823.jpg,0,0,0,0,/b/bamboo_forest/00004045.jpg
8839,151.Black_capped_Vireo/Black_Capped_Vireo_0028_155799.jpg,0,0,0,0,/f/forest/broadleaf/00002687.jpg
4329,075.Green_Jay/Green_Jay_0036_65660.jpg,0,0,0,0,/f/forest/broadleaf/00001417.jpg
1905,034.Gray_crowned_Rosy_Finch/Gray_Crowned_Rosy_Finch_0056_797293.jpg,0,0,0,0,/b/bamboo_forest/00004465.jpg
1584,029.American_Crow/American_Crow_0119_25610.jpg,0,0,0,0,/b/bamboo_forest/00002026.jpg
6027,103.Sayornis/Sayornis_0019_98636.jpg,0,0,0,0,/b/bamboo_forest/00000848.jpg
2138,038.Great_Crested_Flycatcher/Great_Crested_Flycatcher_0085_29812.jpg,0,0,0,0,/b/bamboo_forest/00003371.jpg
9210,157.Yellow_throated_Vireo/Yellow_Throated_Vireo_0066_795007.jpg,0,0,0,0,/f/forest/broadleaf/00003135.jpg
823,015.Lazuli_Bunting/Lazuli_Bunting_0031_15018.jpg,0,0,0,0,/f/forest/broadleaf/00002287.jpg
9429,161.Blue_winged_Warbler/Blue_Winged_Warbler_0034_161861.jpg,0,0,0,0,/f/forest/broadleaf/00003932.jpg
7827,134.Cape_Glossy_Starling/Cape_Glossy_Starling_0043_129358.jpg,0,0,0,0,/b/bamboo_forest/00003530.jpg
4299,074.Florida_Jay/Florida_Jay_0095_64707.jpg,0,0,0,0,/b/bamboo_forest/00004208.jpg
6035,104.American_Pipit/American_Pipit_0039_99841.jpg,0,0,0,0,/b/bamboo_forest/00001591.jpg
3199,056.Pine_Grosbeak/Pine_Grosbeak_0048_38434.jpg,0,0,0,0,/f/forest/broadleaf/00000272.jpg
7489,128.Seaside_Sparrow/Seaside_Sparrow_0024_120751.jpg,0,0,0,0,/f/forest/broadleaf/00004658.jpg
5339,092.Nighthawk/Nighthawk_0046_82246.jpg,0,0,0,0,/b/bamboo_forest/00001418.jpg
894,016.Painted_Bunting/Painted_Bunting_0060_15224.jpg,0,0,0,0,/f/forest/broadleaf/00000804.jpg
11218,191.Red_headed_Woodpecker/Red_Headed_Woodpecker_0103_183571.jpg,0,0,0,0,/f/forest/broadleaf/00002679.jpg
1930,034.Gray_crowned_Rosy_Finch/Gray_Crowned_Rosy_Finch_0055_27112.jpg,0,0,0,0,/b/bamboo_forest/00001353.jpg
3839,067.Anna_Hummingbird/Anna_Hummingbird_0052_56344.jpg,0,0,0,0,/f/forest/broadleaf/00003320.jpg
8787,150.Sage_Thrasher/Sage_Thrasher_0051_155464.jpg,0,0,0,0,/f/forest/broadleaf/00002233.jpg
10692,182.Yellow_Warbler/Yellow_Warbler_0043_176247.jpg,0,0,0,0,/f/forest/broadleaf/00000437.jpg
4947,085.Horned_Lark/Horned_Lark_0049_74574.jpg,0,0,0,0,/f/forest/broadleaf/00000868.jpg
11754,200.Common_Yellowthroat/Common_Yellowthroat_0006_190576.jpg,0,0,0,0,/f/forest/broadleaf/00002851.jpg
1824,033.Yellow_billed_Cuckoo/Yellow_Billed_Cuckoo_0050_26424.jpg,0,0,0,0,/b/bamboo_forest/00003249.jpg
10708,182.Yellow_Warbler/Yellow_Warbler_0067_176856.jpg,0,0,0,0,/f/forest/broadleaf/00004105.jpg
9055,155.Warbling_Vireo/Warbling_Vireo_0116_158740.jpg,0,0,0,0,/b/bamboo_forest/00004810.jpg
2137,038.Great_Crested_Flycatcher/Great_Crested_Flycatcher_0006_29362.jpg,0,0,0,0,/b/bamboo_forest/00001758.jpg
4792,082.Ringed_Kingfisher/Ringed_Kingfisher_0071_72958.jpg,0,0,0,0,/b/bamboo_forest/00000110.jpg
7850,134.Cape_Glossy_Starling/Cape_Glossy_Starling_0034_129455.jpg,0,0,0,0,/f/forest/broadleaf/00002599.jpg
2372,042.Vermilion_Flycatcher/Vermilion_Flycatcher_0006_42564.jpg,0,0,0,0,/f/forest/broadleaf/00000608.jpg
6552,112.Great_Grey_Shrike/Great_Grey_Shrike_0029_106668.jpg,0,0,0,0,/b/bamboo_forest/00002194.jpg
1002,019.Gray_Catbird/Gray_Catbird_0127_20034.jpg,0,0,0,0,/f/forest/broadleaf/00003647.jpg
1599,029.American_Crow/American_Crow_0093_25694.jpg,0,0,0,0,/f/forest/broadleaf/00003002.jpg
11509,196.House_Wren/House_Wren_0119_187552.jpg,0,0,0,0,/b/bamboo_forest/00000856.jpg
3165,055.Evening_Grosbeak/Evening_Grosbeak_0101_37697.jpg,0,0,0,0,/b/bamboo_forest/00000900.jpg
8023,137.Cliff_Swallow/Cliff_Swallow_0050_134054.jpg,0,0,0,0,/f/forest/broadleaf/00001854.jpg
4230,073.Blue_Jay/Blue_Jay_0017_62854.jpg,0,0,0,0,/f/forest/broadleaf/00003584.jpg
2461,043.Yellow_bellied_Flycatcher/Yellow_Bellied_Flycatcher_0008_42703.jpg,0,0,0,0,/b/bamboo_forest/00002518.jpg
7339,126.Nelson_Sharp_tailed_Sparrow/Nelson_Sharp_Tailed_Sparrow_0049_118033.jpg,0,0,0,0,/b/bamboo_forest/00000365.jpg
11069,188.Pileated_Woodpecker/Pileated_Woodpecker_0087_179959.jpg,0,0,0,0,/b/bamboo_forest/00002403.jpg
7779,133.White_throated_Sparrow/White_Throated_Sparrow_0119_128827.jpg,0,0,0,0,/f/forest/broadleaf/00004487.jpg
6614,114.Black_throated_Sparrow/Black_Throated_Sparrow_0095_107268.jpg,0,0,0,0,/f/forest/broadleaf/00002032.jpg
680,013.Bobolink/Bobolink_0119_10430.jpg,0,0,0,0,/f/forest/broadleaf/00002748.jpg
4737,082.Ringed_Kingfisher/Ringed_Kingfisher_0044_72976.jpg,0,0,0,0,/f/forest/broadleaf/00000505.jpg
7495,128.Seaside_Sparrow/Seaside_Sparrow_0036_120785.jpg,0,0,0,0,/f/forest/broadleaf/00002822.jpg
867,016.Painted_Bunting/Painted_Bunting_0076_16765.jpg,0,0,0,0,/b/bamboo_forest/00001184.jpg
3089,054.Blue_Grosbeak/Blue_Grosbeak_0107_36696.jpg,0,0,0,0,/b/bamboo_forest/00001310.jpg
9840,168.Kentucky_Warbler/Kentucky_Warbler_0079_165339.jpg,0,0,0,0,/b/bamboo_forest/00004799.jpg
10512,179.Tennessee_Warbler/Tennessee_Warbler_0067_174999.jpg,0,0,0,0,/b/bamboo_forest/00004009.jpg
7621,130.Tree_Sparrow/Tree_Sparrow_0052_123869.jpg,0,0,0,0,/f/forest/broadleaf/00002929.jpg
9871,168.Kentucky_Warbler/Kentucky_Warbler_0052_795874.jpg,0,0,0,0,/b/bamboo_forest/00002894.jpg
1406,026.Bronzed_Cowbird/Bronzed_Cowbird_0055_24076.jpg,0,0,0,0,/b/bamboo_forest/00000510.jpg
11516,196.House_Wren/House_Wren_0133_187101.jpg,0,0,0,0,/b/bamboo_forest/00001137.jpg
2758,048.European_Goldfinch/European_Goldfinch_0078_33170.jpg,0,0,0,0,/b/bamboo_forest/00001855.jpg
11030,188.Pileated_Woodpecker/Pileated_Woodpecker_0077_180286.jpg,0,0,0,0,/f/forest/broadleaf/00004555.jpg
6570,113.Baird_Sparrow/Baird_Sparrow_0032_794553.jpg,0,0,0,0,/f/forest/broadleaf/00002767.jpg
6909,118.House_Sparrow/House_Sparrow_0011_112099.jpg,0,0,0,0,/b/bamboo_forest/00002983.jpg
10071,172.Nashville_Warbler/Nashville_Warbler_0040_167454.jpg,0,0,0,0,/b/bamboo_forest/00002489.jpg
1019,019.Gray_Catbird/Gray_Catbird_0131_19633.jpg,0,0,0,0,/f/forest/broadleaf/00003218.jpg
1675,030.Fish_Crow/Fish_Crow_0058_25999.jpg,0,0,0,0,/f/forest/broadleaf/00004751.jpg
1914,034.Gray_crowned_Rosy_Finch/Gray_Crowned_Rosy_Finch_0038_797309.jpg,0,0,0,0,/b/bamboo_forest/00002774.jpg
7052,121.Grasshopper_Sparrow/Grasshopper_Sparrow_0068_115799.jpg,0,0,0,0,/b/bamboo_forest/00002730.jpg
762,014.Indigo_Bunting/Indigo_Bunting_0026_11964.jpg,0,0,0,0,/b/bamboo_forest/00003129.jpg
4018,070.Green_Violetear/Green_Violetear_0017_795652.jpg,0,0,0,0,/b/bamboo_forest/00003067.jpg
10436,178.Swainson_Warbler/Swainson_Warbler_0032_174728.jpg,0,0,0,0,/b/bamboo_forest/00002006.jpg
2347,041.Scissor_tailed_Flycatcher/Scissor_Tailed_Flycatcher_0092_41767.jpg,0,0,0,0,/b/bamboo_forest/00003000.jpg
10311,176.Prairie_Warbler/Prairie_Warbler_0034_172549.jpg,0,0,0,0,/f/forest/broadleaf/00004861.jpg
3932,068.Ruby_throated_Hummingbird/Ruby_Throated_Hummingbird_0111_58141.jpg,0,0,0,0,/b/bamboo_forest/00000861.jpg
7343,126.Nelson_Sharp_tailed_Sparrow/Nelson_Sharp_Tailed_Sparrow_0030_118064.jpg,0,0,0,0,/b/bamboo_forest/00004085.jpg
5482,094.White_breasted_Nuthatch/White_Breasted_Nuthatch_0064_86324.jpg,0,0,0,0,/b/bamboo_forest/00004267.jpg
4072,070.Green_Violetear/Green_Violetear_0084_795641.jpg,0,0,0,0,/f/forest/broadleaf/00000244.jpg
4729,081.Pied_Kingfisher/Pied_Kingfisher_0046_72156.jpg,0,0,0,0,/f/forest/broadleaf/00000357.jpg
9751,166.Golden_winged_Warbler/Golden_Winged_Warbler_0018_164558.jpg,0,0,0,0,/b/bamboo_forest/00000458.jpg
11082,189.Red_bellied_Woodpecker/Red_Bellied_Woodpecker_0099_180766.jpg,0,0,0,0,/b/bamboo_forest/00003568.jpg
6706,115.Brewer_Sparrow/Brewer_Sparrow_0014_107435.jpg,0,0,0,0,/f/forest/broadleaf/00001248.jpg
8810,150.Sage_Thrasher/Sage_Thrasher_0019_107436.jpg,0,0,0,0,/b/bamboo_forest/00001590.jpg
2663,047.American_Goldfinch/American_Goldfinch_0087_32363.jpg,0,0,0,0,/b/bamboo_forest/00003866.jpg
3248,056.Pine_Grosbeak/Pine_Grosbeak_0054_38953.jpg,0,0,0,0,/f/forest/broadleaf/00002198.jpg
2228,039.Least_Flycatcher/Least_Flycatcher_0080_30457.jpg,0,0,0,0,/f/forest/broadleaf/00000654.jpg
10466,178.Swainson_Warbler/Swainson_Warbler_0039_794859.jpg,0,0,0,0,/b/bamboo_forest/00000667.jpg
11018,188.Pileated_Woodpecker/Pileated_Woodpecker_0078_180236.jpg,0,0,0,0,/b/bamboo_forest/00002093.jpg
7231,124.Le_Conte_Sparrow/Le_Conte_Sparrow_0058_795181.jpg,0,0,0,0,/f/forest/broadleaf/00004776.jpg
1488,027.Shiny_Cowbird/Shiny_Cowbird_0047_24210.jpg,0,0,0,0,/b/bamboo_forest/00004077.jpg
9414,161.Blue_winged_Warbler/Blue_Winged_Warbler_0043_161804.jpg,0,0,0,0,/b/bamboo_forest/00000918.jpg
4039,070.Green_Violetear/Green_Violetear_0082_795706.jpg,0,0,0,0,/b/bamboo_forest/00003514.jpg
7837,134.Cape_Glossy_Starling/Cape_Glossy_Starling_0096_129388.jpg,0,0,0,0,/f/forest/broadleaf/00004415.jpg
504,010.Red_winged_Blackbird/Red_Winged_Blackbird_0101_6244.jpg,0,0,0,0,/b/bamboo_forest/00001915.jpg
2034,036.Northern_Flicker/Northern_Flicker_0138_28476.jpg,0,0,0,0,/b/bamboo_forest/00003748.jpg
9461,161.Blue_winged_Warbler/Blue_Winged_Warbler_0051_161766.jpg,0,0,0,0,/f/forest/broadleaf/00004832.jpg
3941,068.Ruby_throated_Hummingbird/Ruby_Throated_Hummingbird_0059_58210.jpg,0,0,0,0,/f/forest/broadleaf/00004668.jpg
10789,184.Louisiana_Waterthrush/Louisiana_Waterthrush_0035_177457.jpg,0,0,0,0,/f/forest/broadleaf/00000481.jpg
11006,187.American_Three_toed_Woodpecker/American_Three_Toed_Woodpecker_0041_796150.jpg,0,0,0,0,/b/bamboo_forest/00003380.jpg
6918,119.Field_Sparrow/Field_Sparrow_0029_113434.jpg,0,0,0,0,/f/forest/broadleaf/00001464.jpg
9157,156.White_eyed_Vireo/White_Eyed_Vireo_0033_159079.jpg,0,0,0,0,/b/bamboo_forest/00004322.jpg
2391,042.Vermilion_Flycatcher/Vermilion_Flycatcher_0034_42356.jpg,0,0,0,0,/f/forest/broadleaf/00000103.jpg
9585,163.Cape_May_Warbler/Cape_May_Warbler_0040_163036.jpg,0,0,0,0,/b/bamboo_forest/00001640.jpg
11351,193.Bewick_Wren/Bewick_Wren_0004_185202.jpg,0,0,0,0,/b/bamboo_forest/00004276.jpg
10724,183.Northern_Waterthrush/Northern_Waterthrush_0089_177167.jpg,0,0,0,0,/f/forest/broadleaf/00001719.jpg
230,004.Groove_billed_Ani/Groove_Billed_Ani_0006_1763.jpg,0,0,0,0,/b/bamboo_forest/00000769.jpg
7599,130.Tree_Sparrow/Tree_Sparrow_0057_123665.jpg,0,0,0,0,/b/bamboo_forest/00002470.jpg
4706,081.Pied_Kingfisher/Pied_Kingfisher_0093_72465.jpg,0,0,0,0,/b/bamboo_forest/00002790.jpg
4476,077.Tropical_Kingbird/Tropical_Kingbird_0044_69815.jpg,0,0,0,0,/f/forest/broadleaf/00002596.jpg
10248,175.Pine_Warbler/Pine_Warbler_0007_171523.jpg,0,0,0,0,/f/forest/broadleaf/00001360.jpg
456,009.Brewer_Blackbird/Brewer_Blackbird_0109_2232.jpg,0,0,0,0,/f/forest/broadleaf/00002589.jpg
182,004.Groove_billed_Ani/Groove_Billed_Ani_0069_1546.jpg,0,0,0,0,/f/forest/broadleaf/00001048.jpg
9107,155.Warbling_Vireo/Warbling_Vireo_0016_158681.jpg,0,0,0,0,/b/bamboo_forest/00003823.jpg
7274,125.Lincoln_Sparrow/Lincoln_Sparrow_0119_117270.jpg,0,0,0,0,/b/bamboo_forest/00004904.jpg
8901,152.Blue_headed_Vireo/Blue_Headed_Vireo_0026_156245.jpg,0,0,0,0,/f/forest/broadleaf/00004950.jpg
8907,152.Blue_headed_Vireo/Blue_Headed_Vireo_0119_156259.jpg,0,0,0,0,/f/forest/broadleaf/00003553.jpg
10842,185.Bohemian_Waxwing/Bohemian_Waxwing_0010_796672.jpg,0,0,0,0,/b/bamboo_forest/00002890.jpg
6239,107.Common_Raven/Common_Raven_0037_101096.jpg,0,0,0,0,/b/bamboo_forest/00003082.jpg
828,015.Lazuli_Bunting/Lazuli_Bunting_0055_15043.jpg,0,0,0,0,/b/bamboo_forest/00000683.jpg
5429,093.Clark_Nutcracker/Clark_Nutcracker_0063_84869.jpg,0,0,0,0,/b/bamboo_forest/00003054.jpg
9940,169.Magnolia_Warbler/Magnolia_Warbler_0076_165832.jpg,0,0,0,0,/b/bamboo_forest/00004999.jpg
7555,129.Song_Sparrow/Song_Sparrow_0121_121203.jpg,0,0,0,0,/b/bamboo_forest/00003189.jpg
4236,073.Blue_Jay/Blue_Jay_0010_61939.jpg,0,0,0,0,/b/bamboo_forest/00000798.jpg
11293,192.Downy_Woodpecker/Downy_Woodpecker_0032_184622.jpg,0,0,0,0,/b/bamboo_forest/00001691.jpg
3866,067.Anna_Hummingbird/Anna_Hummingbird_0127_56520.jpg,0,0,0,0,/b/bamboo_forest/00004496.jpg
2089,037.Acadian_Flycatcher/Acadian_Flycatcher_0007_795600.jpg,0,0,0,0,/b/bamboo_forest/00003096.jpg
8648,148.Green_tailed_Towhee/Green_Tailed_Towhee_0069_797441.jpg,0,0,0,0,/b/bamboo_forest/00003785.jpg
11059,188.Pileated_Woodpecker/Pileated_Woodpecker_0059_180177.jpg,0,0,0,0,/b/bamboo_forest/00000688.jpg
429,009.Brewer_Blackbird/Brewer_Blackbird_0135_2607.jpg,0,0,0,0,/b/bamboo_forest/00000919.jpg
1533,028.Brown_Creeper/Brown_Creeper_0127_24656.jpg,0,0,0,0,/f/forest/broadleaf/00001122.jpg
11663,198.Rock_Wren/Rock_Wren_0009_189162.jpg,0,0,0,0,/f/forest/broadleaf/00004377.jpg
3860,067.Anna_Hummingbird/Anna_Hummingbird_0042_55990.jpg,0,0,0,0,/f/forest/broadleaf/00001955.jpg
9551,163.Cape_May_Warbler/Cape_May_Warbler_0049_162909.jpg,0,0,0,0,/b/bamboo_forest/00000287.jpg
10190,174.Palm_Warbler/Palm_Warbler_0024_170501.jpg,0,0,0,0,/b/bamboo_forest/00002214.jpg
3177,055.Evening_Grosbeak/Evening_Grosbeak_0046_37280.jpg,0,0,0,0,/f/forest/broadleaf/00003076.jpg
7826,134.Cape_Glossy_Starling/Cape_Glossy_Starling_0059_129357.jpg,0,0,0,0,/f/forest/broadleaf/00003245.jpg
3967,069.Rufous_Hummingbird/Rufous_Hummingbird_0106_60465.jpg,0,0,0,0,/f/forest/broadleaf/00003440.jpg
7423,127.Savannah_Sparrow/Savannah_Sparrow_0049_119596.jpg,0,0,0,0,/f/forest/broadleaf/00004047.jpg
1953,035.Purple_Finch/Purple_Finch_0014_27322.jpg,0,0,0,0,/b/bamboo_forest/00002447.jpg
8954,153.Philadelphia_Vireo/Philadelphia_Vireo_0068_794763.jpg,0,0,0,0,/f/forest/broadleaf/00004736.jpg
8024,137.Cliff_Swallow/Cliff_Swallow_0054_133287.jpg,0,0,0,0,/b/bamboo_forest/00004419.jpg
5443,093.Clark_Nutcracker/Clark_Nutcracker_0083_85480.jpg,0,0,0,0,/f/forest/broadleaf/00001031.jpg
9185,157.Yellow_throated_Vireo/Yellow_Throated_Vireo_0079_159576.jpg,0,0,0,0,/f/forest/broadleaf/00002077.jpg
2762,048.European_Goldfinch/European_Goldfinch_0046_33307.jpg,0,0,0,0,/b/bamboo_forest/00002540.jpg
7050,121.Grasshopper_Sparrow/Grasshopper_Sparrow_0035_116049.jpg,0,0,0,0,/b/bamboo_forest/00003277.jpg
635,012.Yellow_headed_Blackbird/Yellow_Headed_Blackbird_0077_8332.jpg,0,0,0,0,/f/forest/broadleaf/00003918.jpg
1441,026.Bronzed_Cowbird/Bronzed_Cowbird_0086_796259.jpg,0,0,0,0,/f/forest/broadleaf/00000126.jpg
9955,170.Mourning_Warbler/Mourning_Warbler_0008_166467.jpg,0,0,0,0,/f/forest/broadleaf/00000012.jpg
10124,172.Nashville_Warbler/Nashville_Warbler_0076_167389.jpg,0,0,0,0,/b/bamboo_forest/00000412.jpg
6612,113.Baird_Sparrow/Baird_Sparrow_0049_787324.jpg,0,0,0,0,/f/forest/broadleaf/00000321.jpg
9134,156.White_eyed_Vireo/White_Eyed_Vireo_0102_159420.jpg,0,0,0,0,/b/bamboo_forest/00003048.jpg
10776,183.Northern_Waterthrush/Northern_Waterthrush_0048_177129.jpg,0,0,0,0,/f/forest/broadleaf/00004944.jpg
11428,194.Cactus_Wren/Cactus_Wren_0117_185591.jpg,0,0,0,0,/b/bamboo_forest/00004908.jpg
213,004.Groove_billed_Ani/Groove_Billed_Ani_0047_1706.jpg,0,0,0,0,/b/bamboo_forest/00003513.jpg
9023,154.Red_eyed_Vireo/Red_Eyed_Vireo_0071_156967.jpg,0,0,0,0,/f/forest/broadleaf/00002791.jpg
2359,042.Vermilion_Flycatcher/Vermilion_Flycatcher_0042_42266.jpg,0,0,0,0,/f/forest/broadleaf/00003472.jpg
2786,049.Boat_tailed_Grackle/Boat_Tailed_Grackle_0070_33612.jpg,0,0,0,0,/b/bamboo_forest/00000454.jpg
5545,095.Baltimore_Oriole/Baltimore_Oriole_0100_89908.jpg,0,0,0,0,/b/bamboo_forest/00003721.jpg
8014,137.Cliff_Swallow/Cliff_Swallow_0075_134516.jpg,0,0,0,0,/b/bamboo_forest/00000616.jpg
2698,047.American_Goldfinch/American_Goldfinch_0014_32154.jpg,0,0,0,0,/f/forest/broadleaf/00000302.jpg
599,011.Rusty_Blackbird/Rusty_Blackbird_0093_6628.jpg,0,0,0,0,/b/bamboo_forest/00000470.jpg
7080,121.Grasshopper_Sparrow/Grasshopper_Sparrow_0026_115915.jpg,0,0,0,0,/f/forest/broadleaf/00001858.jpg
5404,093.Clark_Nutcracker/Clark_Nutcracker_0137_85172.jpg,0,0,0,0,/b/bamboo_forest/00001506.jpg
9531,163.Cape_May_Warbler/Cape_May_Warbler_0001_139008.jpg,0,0,0,0,/f/forest/broadleaf/00000476.jpg
3850,067.Anna_Hummingbird/Anna_Hummingbird_0069_56933.jpg,0,0,0,0,/b/bamboo_forest/00003337.jpg
10002,170.Mourning_Warbler/Mourning_Warbler_0072_795379.jpg,0,0,0,0,/f/forest/broadleaf/00003946.jpg
7572,130.Tree_Sparrow/Tree_Sparrow_0129_124960.jpg,0,0,0,0,/f/forest/broadleaf/00001263.jpg
4283,074.Florida_Jay/Florida_Jay_0047_65088.jpg,0,0,0,0,/f/forest/broadleaf/00000792.jpg
6303,108.White_necked_Raven/White_Necked_Raven_0023_797371.jpg,0,0,0,0,/b/bamboo_forest/00002741.jpg
1549,028.Brown_Creeper/Brown_Creeper_0049_24911.jpg,0,0,0,0,/f/forest/broadleaf/00004721.jpg
11224,191.Red_headed_Woodpecker/Red_Headed_Woodpecker_0014_183701.jpg,0,0,0,0,/f/forest/broadleaf/00002201.jpg
2174,039.Least_Flycatcher/Least_Flycatcher_0001_30221.jpg,0,0,0,0,/f/forest/broadleaf/00002126.jpg
10757,183.Northern_Waterthrush/Northern_Waterthrush_0011_177311.jpg,0,0,0,0,/b/bamboo_forest/00004883.jpg
6749,116.Chipping_Sparrow/Chipping_Sparrow_0073_108881.jpg,0,0,0,0,/f/forest/broadleaf/00001923.jpg
9664,165.Chestnut_sided_Warbler/Chestnut_Sided_Warbler_0073_163868.jpg,0,0,0,0,/f/forest/broadleaf/00004731.jpg
6636,114.Black_throated_Sparrow/Black_Throated_Sparrow_0081_107111.jpg,0,0,0,0,/f/forest/broadleaf/00003390.jpg
2385,042.Vermilion_Flycatcher/Vermilion_Flycatcher_0002_42390.jpg,0,0,0,0,/b/bamboo_forest/00000518.jpg
427,009.Brewer_Blackbird/Brewer_Blackbird_0140_2586.jpg,0,0,0,0,/f/forest/broadleaf/00002950.jpg
10818,184.Louisiana_Waterthrush/Louisiana_Waterthrush_0062_177285.jpg,0,0,0,0,/b/bamboo_forest/00001158.jpg
10104,172.Nashville_Warbler/Nashville_Warbler_0051_167250.jpg,0,0,0,0,/b/bamboo_forest/00002605.jpg
6877,118.House_Sparrow/House_Sparrow_0086_111385.jpg,0,0,0,0,/f/forest/broadleaf/00000142.jpg
3214,056.Pine_Grosbeak/Pine_Grosbeak_0097_38735.jpg,0,0,0,0,/f/forest/broadleaf/00002083.jpg
1763,032.Mangrove_Cuckoo/Mangrove_Cuckoo_0022_794625.jpg,0,0,0,0,/b/bamboo_forest/00002732.jpg
6318,108.White_necked_Raven/White_Necked_Raven_0068_102610.jpg,0,0,0,0,/f/forest/broadleaf/00001766.jpg
6224,107.Common_Raven/Common_Raven_0069_101825.jpg,0,0,0,0,/f/forest/broadleaf/00004407.jpg
7214,124.Le_Conte_Sparrow/Le_Conte_Sparrow_0007_795148.jpg,0,0,0,0,/f/forest/broadleaf/00004624.jpg
6243,107.Common_Raven/Common_Raven_0099_102534.jpg,0,0,0,0,/b/bamboo_forest/00004965.jpg
6835,117.Clay_colored_Sparrow/Clay_Colored_Sparrow_0091_110768.jpg,0,0,0,0,/f/forest/broadleaf/00003827.jpg
6933,119.Field_Sparrow/Field_Sparrow_0059_113759.jpg,0,0,0,0,/b/bamboo_forest/00004410.jpg
2720,048.European_Goldfinch/European_Goldfinch_0025_794647.jpg,0,0,0,0,/f/forest/broadleaf/00000342.jpg
4539,078.Gray_Kingbird/Gray_Kingbird_0080_70077.jpg,0,0,0,0,/b/bamboo_forest/00002689.jpg
9178,157.Yellow_throated_Vireo/Yellow_Throated_Vireo_0052_794973.jpg,0,0,0,0,/b/bamboo_forest/00001022.jpg
4268,074.Florida_Jay/Florida_Jay_0075_65093.jpg,0,0,0,0,/b/bamboo_forest/00003507.jpg
3931,068.Ruby_throated_Hummingbird/Ruby_Throated_Hummingbird_0117_58092.jpg,0,0,0,0,/f/forest/broadleaf/00002095.jpg
5286,091.Mockingbird/Mockingbird_0004_81991.jpg,0,0,0,0,/b/bamboo_forest/00004080.jpg
6879,118.House_Sparrow/House_Sparrow_0053_111388.jpg,0,0,0,0,/b/bamboo_forest/00000681.jpg
775,014.Indigo_Bunting/Indigo_Bunting_0006_14317.jpg,0,0,1,1,/l/lake/natural/00004754.jpg
5612,096.Hooded_Oriole/Hooded_Oriole_0111_89988.jpg,0,0,1,1,/o/ocean/00004267.jpg
4029,070.Green_Violetear/Green_Violetear_0025_795692.jpg,0,0,1,1,/o/ocean/00001440.jpg
497,010.Red_winged_Blackbird/Red_Winged_Blackbird_0093_5948.jpg,0,0,1,1,/o/ocean/00002531.jpg
1196,022.Chuck_will_Widow/Chuck_Will_Widow_0008_796968.jpg,0,0,1,1,/o/ocean/00003345.jpg
4429,076.Dark_eyed_Junco/Dark_Eyed_Junco_0132_66476.jpg,0,0,1,1,/o/ocean/00004229.jpg
2176,039.Least_Flycatcher/Least_Flycatcher_0024_30230.jpg,0,0,1,1,/l/lake/natural/00000674.jpg
4570,079.Belted_Kingfisher/Belted_Kingfisher_0013_70753.jpg,0,0,1,1,/l/lake/natural/00002498.jpg
4777,082.Ringed_Kingfisher/Ringed_Kingfisher_0103_72894.jpg,0,0,1,1,/l/lake/natural/00001528.jpg
11382,194.Cactus_Wren/Cactus_Wren_0078_185899.jpg,0,0,1,1,/o/ocean/00000676.jpg
5583,096.Hooded_Oriole/Hooded_Oriole_0126_90319.jpg,0,0,1,1,/l/lake/natural/00004642.jpg
11626,198.Rock_Wren/Rock_Wren_0121_188974.jpg,0,0,1,1,/o/ocean/00000738.jpg
11738,200.Common_Yellowthroat/Common_Yellowthroat_0081_190525.jpg,0,0,1,1,/o/ocean/00003733.jpg
5562,095.Baltimore_Oriole/Baltimore_Oriole_0039_88027.jpg,0,0,1,1,/l/lake/natural/00001427.jpg
7437,127.Savannah_Sparrow/Savannah_Sparrow_0109_119674.jpg,0,0,1,1,/l/lake/natural/00004444.jpg
7467,128.Seaside_Sparrow/Seaside_Sparrow_0042_796528.jpg,0,0,1,1,/l/lake/natural/00004128.jpg
9788,167.Hooded_Warbler/Hooded_Warbler_0104_164982.jpg,0,0,1,1,/o/ocean/00000665.jpg
1877,034.Gray_crowned_Rosy_Finch/Gray_Crowned_Rosy_Finch_0074_27156.jpg,0,0,1,1,/o/ocean/00003999.jpg
748,014.Indigo_Bunting/Indigo_Bunting_0022_12781.jpg,0,0,1,1,/o/ocean/00004720.jpg
4361,075.Green_Jay/Green_Jay_0016_65864.jpg,0,0,1,1,/l/lake/natural/00002089.jpg
7129,122.Harris_Sparrow/Harris_Sparrow_0020_116379.jpg,0,0,1,1,/l/lake/natural/00002184.jpg
2167,038.Great_Crested_Flycatcher/Great_Crested_Flycatcher_0089_29592.jpg,0,0,1,1,/l/lake/natural/00003008.jpg
2722,048.European_Goldfinch/European_Goldfinch_0088_794651.jpg,0,0,1,1,/o/ocean/00002595.jpg
6285,108.White_necked_Raven/White_Necked_Raven_0044_797348.jpg,0,0,1,1,/l/lake/natural/00004611.jpg
10186,173.Orange_crowned_Warbler/Orange_Crowned_Warbler_0087_168439.jpg,0,0,1,1,/l/lake/natural/00004526.jpg
7076,121.Grasshopper_Sparrow/Grasshopper_Sparrow_0114_116160.jpg,0,0,1,1,/l/lake/natural/00003376.jpg
10893,185.Bohemian_Waxwing/Bohemian_Waxwing_0028_796647.jpg,0,0,1,1,/o/ocean/00001844.jpg
7718,132.White_crowned_Sparrow/White_Crowned_Sparrow_0034_126199.jpg,0,0,1,1,/o/ocean/00002117.jpg
11151,190.Red_cockaded_Woodpecker/Red_Cockaded_Woodpecker_0004_182340.jpg,0,0,1,1,/l/lake/natural/00004766.jpg
220,004.Groove_billed_Ani/Groove_Billed_Ani_0023_1485.jpg,0,0,1,1,/o/ocean/00001730.jpg
9373,160.Black_throated_Blue_Warbler/Black_Throated_Blue_Warbler_0006_161557.jpg,0,0,1,1,/o/ocean/00003842.jpg
11083,189.Red_bellied_Woodpecker/Red_Bellied_Woodpecker_0021_182303.jpg,0,0,1,1,/l/lake/natural/00003389.jpg
2245,040.Olive_sided_Flycatcher/Olive_Sided_Flycatcher_0033_30532.jpg,0,0,1,1,/o/ocean/00004561.jpg
2196,039.Least_Flycatcher/Least_Flycatcher_0021_30355.jpg,0,0,1,1,/o/ocean/00000406.jpg
8704,149.Brown_Thrasher/Brown_Thrasher_0034_155139.jpg,0,0,1,1,/l/lake/natural/00003220.jpg
11127,189.Red_bellied_Woodpecker/Red_Bellied_Woodpecker_0009_180961.jpg,0,0,1,1,/o/ocean/00002441.jpg
1114,020.Yellow_breasted_Chat/Yellow_Breasted_Chat_0097_21748.jpg,0,0,1,1,/o/ocean/00003937.jpg
9017,154.Red_eyed_Vireo/Red_Eyed_Vireo_0019_156921.jpg,0,0,1,1,/o/ocean/00004321.jpg
3849,067.Anna_Hummingbird/Anna_Hummingbird_0054_56419.jpg,0,0,1,1,/o/ocean/00000698.jpg
5507,095.Baltimore_Oriole/Baltimore_Oriole_0027_87561.jpg,0,0,1,1,/l/lake/natural/00001094.jpg
9677,165.Chestnut_sided_Warbler/Chestnut_Sided_Warbler_0063_163927.jpg,0,0,1,1,/l/lake/natural/00002506.jpg
5397,093.Clark_Nutcracker/Clark_Nutcracker_0071_85125.jpg,0,0,1,1,/o/ocean/00002839.jpg
1017,019.Gray_Catbird/Gray_Catbird_0080_20139.jpg,0,0,1,1,/l/lake/natural/00001017.jpg
3238,056.Pine_Grosbeak/Pine_Grosbeak_0019_38845.jpg,0,0,1,1,/o/ocean/00002753.jpg
6273,108.White_necked_Raven/White_Necked_Raven_0004_102714.jpg,0,0,1,1,/o/ocean/00000478.jpg
1868,033.Yellow_billed_Cuckoo/Yellow_Billed_Cuckoo_0069_26597.jpg,0,0,1,1,/l/lake/natural/00000094.jpg
1635,029.American_Crow/American_Crow_0039_25061.jpg,0,0,1,1,/o/ocean/00003767.jpg
9869,168.Kentucky_Warbler/Kentucky_Warbler_0071_165342.jpg,0,0,1,1,/l/lake/natural/00000756.jpg
7834,134.Cape_Glossy_Starling/Cape_Glossy_Starling_0024_129384.jpg,0,0,1,1,/o/ocean/00000805.jpg
1110,020.Yellow_breasted_Chat/Yellow_Breasted_Chat_0077_21986.jpg,0,0,1,1,/l/lake/natural/00003130.jpg
5770,099.Ovenbird/Ovenbird_0003_92910.jpg,0,0,1,1,/o/ocean/00001822.jpg
1837,033.Yellow_billed_Cuckoo/Yellow_Billed_Cuckoo_0097_26713.jpg,0,0,1,1,/o/ocean/00004390.jpg
5327,092.Nighthawk/Nighthawk_0041_82183.jpg,0,0,1,1,/o/ocean/00003312.jpg
6667,114.Black_throated_Sparrow/Black_Throated_Sparrow_0102_107243.jpg,0,0,1,1,/o/ocean/00004373.jpg
10280,175.Pine_Warbler/Pine_Warbler_0056_172064.jpg,0,0,1,1,/o/ocean/00004896.jpg
11061,188.Pileated_Woodpecker/Pileated_Woodpecker_0112_180439.jpg,0,0,1,1,/o/ocean/00002222.jpg
7371,126.Nelson_Sharp_tailed_Sparrow/Nelson_Sharp_Tailed_Sparrow_0014_796906.jpg,0,0,1,1,/o/ocean/00001264.jpg
1475,027.Shiny_Cowbird/Shiny_Cowbird_0002_24380.jpg,0,0,1,1,/l/lake/natural/00000088.jpg
9367,160.Black_throated_Blue_Warbler/Black_Throated_Blue_Warbler_0106_161523.jpg,0,0,1,1,/o/ocean/00004709.jpg
1059,020.Yellow_breasted_Chat/Yellow_Breasted_Chat_0073_21932.jpg,0,0,1,1,/o/ocean/00001380.jpg
10735,183.Northern_Waterthrush/Northern_Waterthrush_0105_176970.jpg,0,0,1,1,/o/ocean/00001245.jpg
1752,031.Black_billed_Cuckoo/Black_Billed_Cuckoo_0061_795327.jpg,0,0,1,1,/l/lake/natural/00001708.jpg
11599,197.Marsh_Wren/Marsh_Wren_0109_188329.jpg,0,0,1,1,/o/ocean/00004456.jpg
7678,131.Vesper_Sparrow/Vesper_Sparrow_0015_125653.jpg,0,0,1,1,/o/ocean/00000391.jpg
11302,192.Downy_Woodpecker/Downy_Woodpecker_0044_184170.jpg,0,0,1,1,/l/lake/natural/00000863.jpg
11173,190.Red_cockaded_Woodpecker/Red_Cockaded_Woodpecker_0062_182371.jpg,0,0,1,1,/o/ocean/00000710.jpg
8217,140.Summer_Tanager/Summer_Tanager_0030_139210.jpg,0,0,1,1,/o/ocean/00003143.jpg
2819,049.Boat_tailed_Grackle/Boat_Tailed_Grackle_0047_33500.jpg,0,0,1,1,/l/lake/natural/00001236.jpg
813,015.Lazuli_Bunting/Lazuli_Bunting_0107_14705.jpg,0,0,1,1,/l/lake/natural/00004218.jpg
2429,043.Yellow_bellied_Flycatcher/Yellow_Bellied_Flycatcher_0020_795482.jpg,0,0,1,1,/o/ocean/00001976.jpg
7626,130.Tree_Sparrow/Tree_Sparrow_0074_124408.jpg,0,0,1,1,/l/lake/natural/00000785.jpg
4573,079.Belted_Kingfisher/Belted_Kingfisher_0031_70506.jpg,0,0,1,1,/o/ocean/00001182.jpg
1897,034.Gray_crowned_Rosy_Finch/Gray_Crowned_Rosy_Finch_0006_797284.jpg,0,0,1,1,/l/lake/natural/00003676.jpg
6306,108.White_necked_Raven/White_Necked_Raven_0003_797376.jpg,0,0,1,1,/o/ocean/00002767.jpg
11484,195.Carolina_Wren/Carolina_Wren_0033_186848.jpg,0,0,1,1,/o/ocean/00000625.jpg
6088,104.American_Pipit/American_Pipit_0081_99785.jpg,0,0,1,1,/l/lake/natural/00001867.jpg
834,015.Lazuli_Bunting/Lazuli_Bunting_0039_15081.jpg,0,0,1,1,/l/lake/natural/00000462.jpg
10046,171.Myrtle_Warbler/Myrtle_Warbler_0073_166798.jpg,0,0,1,1,/l/lake/natural/00002085.jpg
6654,114.Black_throated_Sparrow/Black_Throated_Sparrow_0055_107213.jpg,0,0,1,1,/o/ocean/00003198.jpg
4452,077.Tropical_Kingbird/Tropical_Kingbird_0097_69436.jpg,0,0,1,1,/l/lake/natural/00002731.jpg
4254,073.Blue_Jay/Blue_Jay_0086_63394.jpg,0,0,1,1,/l/lake/natural/00002709.jpg
9779,167.Hooded_Warbler/Hooded_Warbler_0003_164915.jpg,0,0,1,1,/l/lake/natural/00004429.jpg
920,017.Cardinal/Cardinal_0079_19044.jpg,0,0,1,1,/o/ocean/00001808.jpg
1632,029.American_Crow/American_Crow_0025_25522.jpg,0,0,1,1,/l/lake/natural/00003541.jpg
7079,121.Grasshopper_Sparrow/Grasshopper_Sparrow_0115_115914.jpg,0,0,1,1,/o/ocean/00001290.jpg
10660,181.Worm_eating_Warbler/Worm_Eating_Warbler_0049_795561.jpg,0,0,1,1,/l/lake/natural/00002687.jpg
10245,174.Palm_Warbler/Palm_Warbler_0003_170474.jpg,0,0,1,1,/o/ocean/00002831.jpg
10394,177.Prothonotary_Warbler/Prothonotary_Warbler_0076_174118.jpg,0,0,1,1,/l/lake/natural/00001102.jpg
7797,133.White_throated_Sparrow/White_Throated_Sparrow_0069_128951.jpg,0,0,1,1,/o/ocean/00002556.jpg
10613,181.Worm_eating_Warbler/Worm_Eating_Warbler_0060_175969.jpg,0,0,1,1,/o/ocean/00001349.jpg
491,010.Red_winged_Blackbird/Red_Winged_Blackbird_0005_5636.jpg,0,0,1,1,/o/ocean/00003321.jpg
2103,037.Acadian_Flycatcher/Acadian_Flycatcher_0053_795620.jpg,0,0,1,1,/o/ocean/00001981.jpg
7763,133.White_throated_Sparrow/White_Throated_Sparrow_0016_129158.jpg,0,0,1,1,/l/lake/natural/00004731.jpg
547,011.Rusty_Blackbird/Rusty_Blackbird_0054_6676.jpg,0,0,1,1,/l/lake/natural/00002635.jpg
7561,129.Song_Sparrow/Song_Sparrow_0135_121261.jpg,0,0,1,1,/l/lake/natural/00001363.jpg
9372,160.Black_throated_Blue_Warbler/Black_Throated_Blue_Warbler_0123_161542.jpg,0,0,1,1,/o/ocean/00003559.jpg
9967,170.Mourning_Warbler/Mourning_Warbler_0062_166531.jpg,0,0,1,1,/o/ocean/00004083.jpg
8099,138.Tree_Swallow/Tree_Swallow_0127_135912.jpg,0,0,1,1,/l/lake/natural/00000882.jpg
6919,119.Field_Sparrow/Field_Sparrow_0121_113455.jpg,0,0,1,1,/l/lake/natural/00001692.jpg
8734,149.Brown_Thrasher/Brown_Thrasher_0013_155329.jpg,0,0,1,1,/l/lake/natural/00001313.jpg
11440,195.Carolina_Wren/Carolina_Wren_0038_186436.jpg,0,0,1,1,/l/lake/natural/00000611.jpg
6080,104.American_Pipit/American_Pipit_0087_99996.jpg,0,0,1,1,/o/ocean/00001501.jpg
6847,117.Clay_colored_Sparrow/Clay_Colored_Sparrow_0061_110830.jpg,0,0,1,1,/o/ocean/00003592.jpg
8711,149.Brown_Thrasher/Brown_Thrasher_0021_155160.jpg,0,0,1,1,/l/lake/natural/00001578.jpg
7838,134.Cape_Glossy_Starling/Cape_Glossy_Starling_0048_129397.jpg,0,0,1,1,/l/lake/natural/00000819.jpg
6547,112.Great_Grey_Shrike/Great_Grey_Shrike_0043_106818.jpg,0,0,1,1,/l/lake/natural/00001148.jpg
9749,166.Golden_winged_Warbler/Golden_Winged_Warbler_0078_794827.jpg,0,0,1,1,/o/ocean/00000611.jpg
2197,039.Least_Flycatcher/Least_Flycatcher_0065_30357.jpg,0,0,1,1,/o/ocean/00001841.jpg
4432,076.Dark_eyed_Junco/Dark_Eyed_Junco_0090_69051.jpg,0,0,1,1,/l/lake/natural/00003554.jpg
5994,103.Sayornis/Sayornis_0111_98406.jpg,0,0,1,1,/l/lake/natural/00000893.jpg
4716,081.Pied_Kingfisher/Pied_Kingfisher_0071_72576.jpg,0,0,1,1,/l/lake/natural/00003952.jpg
10414,177.Prothonotary_Warbler/Prothonotary_Warbler_0084_173939.jpg,0,0,1,1,/l/lake/natural/00001822.jpg
8146,139.Scarlet_Tanager/Scarlet_Tanager_0130_138661.jpg,0,0,1,1,/o/ocean/00001126.jpg
8820,150.Sage_Thrasher/Sage_Thrasher_0071_155642.jpg,0,0,1,1,/l/lake/natural/00001518.jpg
11364,193.Bewick_Wren/Bewick_Wren_0099_185288.jpg,0,0,1,1,/o/ocean/00001818.jpg
10430,178.Swainson_Warbler/Swainson_Warbler_0038_794882.jpg,0,0,1,1,/l/lake/natural/00000812.jpg
1039,019.Gray_Catbird/Gray_Catbird_0117_21333.jpg,0,0,1,1,/o/ocean/00001236.jpg
5750,099.Ovenbird/Ovenbird_0022_92702.jpg,0,0,1,1,/l/lake/natural/00004441.jpg
10014,171.Myrtle_Warbler/Myrtle_Warbler_0026_166680.jpg,0,0,1,1,/o/ocean/00004937.jpg
6261,107.Common_Raven/Common_Raven_0116_101350.jpg,0,0,1,1,/o/ocean/00002172.jpg
9192,157.Yellow_throated_Vireo/Yellow_Throated_Vireo_0009_794976.jpg,0,0,1,1,/o/ocean/00001694.jpg
9995,170.Mourning_Warbler/Mourning_Warbler_0074_795367.jpg,0,0,1,1,/l/lake/natural/00002994.jpg
3196,056.Pine_Grosbeak/Pine_Grosbeak_0104_38362.jpg,0,0,1,1,/o/ocean/00001611.jpg
2017,036.Northern_Flicker/Northern_Flicker_0085_28378.jpg,0,0,1,1,/l/lake/natural/00002637.jpg
5450,094.White_breasted_Nuthatch/White_Breasted_Nuthatch_0068_86033.jpg,0,0,1,1,/l/lake/natural/00001003.jpg
6663,114.Black_throated_Sparrow/Black_Throated_Sparrow_0066_106974.jpg,0,0,1,1,/o/ocean/00001572.jpg
812,015.Lazuli_Bunting/Lazuli_Bunting_0045_14954.jpg,0,0,1,1,/l/lake/natural/00002921.jpg
5648,097.Orchard_Oriole/Orchard_Oriole_0035_92003.jpg,0,0,1,1,/o/ocean/00002266.jpg
11347,193.Bewick_Wren/Bewick_Wren_0010_185142.jpg,0,0,1,1,/l/lake/natural/00001127.jpg
7880,135.Bank_Swallow/Bank_Swallow_0010_129592.jpg,0,0,1,1,/l/lake/natural/00002230.jpg
10324,176.Prairie_Warbler/Prairie_Warbler_0137_172610.jpg,0,0,1,1,/o/ocean/00002196.jpg
8944,153.Philadelphia_Vireo/Philadelphia_Vireo_0030_156533.jpg,0,0,1,1,/l/lake/natural/00004682.jpg
4686,081.Pied_Kingfisher/Pied_Kingfisher_0122_71789.jpg,0,0,1,1,/o/ocean/00003444.jpg
8000,137.Cliff_Swallow/Cliff_Swallow_0015_133176.jpg,0,0,1,1,/l/lake/natural/00000652.jpg
7628,131.Vesper_Sparrow/Vesper_Sparrow_0040_125441.jpg,0,0,1,1,/o/ocean/00004693.jpg
7854,134.Cape_Glossy_Starling/Cape_Glossy_Starling_0039_129469.jpg,0,0,1,1,/l/lake/natural/00002940.jpg
6448,111.Loggerhead_Shrike/Loggerhead_Shrike_0041_105002.jpg,0,0,1,1,/l/lake/natural/00001490.jpg
7456,128.Seaside_Sparrow/Seaside_Sparrow_0017_796513.jpg,0,0,1,1,/o/ocean/00004514.jpg
10278,175.Pine_Warbler/Pine_Warbler_0022_172197.jpg,0,0,1,1,/o/ocean/00004542.jpg
9000,154.Red_eyed_Vireo/Red_Eyed_Vireo_0003_157226.jpg,0,0,1,1,/l/lake/natural/00001536.jpg
8094,138.Tree_Swallow/Tree_Swallow_0058_134987.jpg,0,0,1,1,/o/ocean/00003711.jpg
7544,129.Song_Sparrow/Song_Sparrow_0007_121133.jpg,0,0,1,1,/o/ocean/00002537.jpg
9881,168.Kentucky_Warbler/Kentucky_Warbler_0041_795888.jpg,0,0,1,1,/o/ocean/00001800.jpg
10624,181.Worm_eating_Warbler/Worm_Eating_Warbler_0078_795532.jpg,0,0,1,1,/o/ocean/00000402.jpg
1231,022.Chuck_will_Widow/Chuck_Will_Widow_0054_22782.jpg,0,0,1,1,/l/lake/natural/00000027.jpg
11092,189.Red_bellied_Woodpecker/Red_Bellied_Woodpecker_0077_182334.jpg,0,0,1,1,/l/lake/natural/00003555.jpg
10340,176.Prairie_Warbler/Prairie_Warbler_0135_172745.jpg,0,0,1,1,/l/lake/natural/00004585.jpg
2373,042.Vermilion_Flycatcher/Vermilion_Flycatcher_0023_42565.jpg,0,0,1,1,/o/ocean/00001239.jpg
4024,070.Green_Violetear/Green_Violetear_0047_795677.jpg,0,0,1,1,/l/lake/natural/00002212.jpg
6102,105.Whip_poor_Will/Whip_Poor_Will_0009_796423.jpg,0,0,1,1,/o/ocean/00003023.jpg
5278,091.Mockingbird/Mockingbird_0103_79659.jpg,0,0,1,1,/l/lake/natural/00004517.jpg
8038,137.Cliff_Swallow/Cliff_Swallow_0065_133858.jpg,0,0,1,1,/o/ocean/00002414.jpg
10036,171.Myrtle_Warbler/Myrtle_Warbler_0084_166747.jpg,0,0,1,1,/o/ocean/00004515.jpg
3236,056.Pine_Grosbeak/Pine_Grosbeak_0035_38729.jpg,0,0,1,1,/o/ocean/00000412.jpg
9361,160.Black_throated_Blue_Warbler/Black_Throated_Blue_Warbler_0090_161507.jpg,0,0,1,1,/o/ocean/00003647.jpg
1834,033.Yellow_billed_Cuckoo/Yellow_Billed_Cuckoo_0028_26446.jpg,0,0,1,1,/o/ocean/00002699.jpg
8012,137.Cliff_Swallow/Cliff_Swallow_0071_133742.jpg,0,0,1,1,/l/lake/natural/00001837.jpg
2455,043.Yellow_bellied_Flycatcher/Yellow_Bellied_Flycatcher_0049_42593.jpg,0,0,1,1,/l/lake/natural/00000705.jpg
5729,098.Scott_Oriole/Scott_Oriole_0022_92356.jpg,0,0,1,1,/o/ocean/00000400.jpg
4951,085.Horned_Lark/Horned_Lark_0088_74590.jpg,0,0,1,1,/l/lake/natural/00002390.jpg
11322,193.Bewick_Wren/Bewick_Wren_0054_184902.jpg,0,0,1,1,/o/ocean/00001000.jpg
2398,042.Vermilion_Flycatcher/Vermilion_Flycatcher_0016_42196.jpg,0,0,1,1,/l/lake/natural/00004724.jpg
10148,173.Orange_crowned_Warbler/Orange_Crowned_Warbler_0042_167614.jpg,0,0,1,1,/l/lake/natural/00001760.jpg
5385,092.Nighthawk/Nighthawk_0076_82686.jpg,0,0,1,1,/l/lake/natural/00004915.jpg
7332,126.Nelson_Sharp_tailed_Sparrow/Nelson_Sharp_Tailed_Sparrow_0079_796934.jpg,0,0,1,1,/l/lake/natural/00002821.jpg
5762,099.Ovenbird/Ovenbird_0136_92859.jpg,0,0,1,1,/l/lake/natural/00003134.jpg
6007,103.Sayornis/Sayornis_0085_99503.jpg,0,0,1,1,/o/ocean/00003452.jpg
1849,033.Yellow_billed_Cuckoo/Yellow_Billed_Cuckoo_0084_26761.jpg,0,0,1,1,/l/lake/natural/00002654.jpg
10281,175.Pine_Warbler/Pine_Warbler_0004_171215.jpg,0,0,1,1,/o/ocean/00004130.jpg
3867,067.Anna_Hummingbird/Anna_Hummingbird_0038_57036.jpg,0,0,1,1,/o/ocean/00000959.jpg
4342,075.Green_Jay/Green_Jay_0094_65775.jpg,0,0,1,1,/l/lake/natural/00000990.jpg
943,017.Cardinal/Cardinal_0012_18638.jpg,0,0,1,1,/o/ocean/00003704.jpg
9826,167.Hooded_Warbler/Hooded_Warbler_0130_164826.jpg,0,0,1,1,/l/lake/natural/00001725.jpg
10085,172.Nashville_Warbler/Nashville_Warbler_0048_167071.jpg,0,0,1,1,/o/ocean/00000760.jpg
7496,128.Seaside_Sparrow/Seaside_Sparrow_0066_120791.jpg,0,0,1,1,/o/ocean/00002679.jpg
6927,119.Field_Sparrow/Field_Sparrow_0074_113504.jpg,0,0,1,1,/o/ocean/00004606.jpg
4067,070.Green_Violetear/Green_Violetear_0050_795633.jpg,0,0,1,1,/o/ocean/00004552.jpg
2354,042.Vermilion_Flycatcher/Vermilion_Flycatcher_0025_42248.jpg,0,0,1,1,/o/ocean/00001638.jpg
5556,095.Baltimore_Oriole/Baltimore_Oriole_0111_87449.jpg,0,0,1,1,/o/ocean/00004331.jpg
431,009.Brewer_Blackbird/Brewer_Blackbird_0095_2610.jpg,0,0,1,1,/l/lake/natural/00001611.jpg
10208,174.Palm_Warbler/Palm_Warbler_0028_169670.jpg,0,0,1,1,/l/lake/natural/00000263.jpg
3293,057.Rose_breasted_Grosbeak/Rose_Breasted_Grosbeak_0114_39770.jpg,0,0,1,1,/l/lake/natural/00001007.jpg
10271,175.Pine_Warbler/Pine_Warbler_0102_171147.jpg,0,0,1,1,/l/lake/natural/00002094.jpg
9828,167.Hooded_Warbler/Hooded_Warbler_0016_164837.jpg,0,0,1,1,/l/lake/natural/00001497.jpg
10404,177.Prothonotary_Warbler/Prothonotary_Warbler_0079_173899.jpg,0,0,1,1,/o/ocean/00004372.jpg
946,017.Cardinal/Cardinal_0104_17122.jpg,0,0,1,1,/l/lake/natural/00004539.jpg
482,009.Brewer_Blackbird/Brewer_Blackbird_0079_2343.jpg,0,0,1,1,/l/lake/natural/00002922.jpg
228,004.Groove_billed_Ani/Groove_Billed_Ani_0065_1502.jpg,0,0,1,1,/o/ocean/00001746.jpg
4240,073.Blue_Jay/Blue_Jay_0080_61617.jpg,0,0,1,1,/o/ocean/00004300.jpg
3143,055.Evening_Grosbeak/Evening_Grosbeak_0051_37954.jpg,0,0,1,1,/l/lake/natural/00002769.jpg
564,011.Rusty_Blackbird/Rusty_Blackbird_0073_6744.jpg,0,0,1,1,/o/ocean/00000734.jpg
10143,173.Orange_crowned_Warbler/Orange_Crowned_Warbler_0128_168012.jpg,0,0,1,1,/l/lake/natural/00000086.jpg
9434,161.Blue_winged_Warbler/Blue_Winged_Warbler_0020_161875.jpg,0,0,1,1,/l/lake/natural/00003059.jpg
4572,079.Belted_Kingfisher/Belted_Kingfisher_0085_70503.jpg,0,0,1,1,/o/ocean/00001116.jpg
11108,189.Red_bellied_Woodpecker/Red_Bellied_Woodpecker_0017_181131.jpg,0,0,1,1,/l/lake/natural/00001418.jpg
5666,097.Orchard_Oriole/Orchard_Oriole_0061_91941.jpg,0,0,1,1,/l/lake/natural/00001786.jpg
5684,097.Orchard_Oriole/Orchard_Oriole_0009_91902.jpg,0,0,1,1,/l/lake/natural/00002272.jpg
7016,120.Fox_Sparrow/Fox_Sparrow_0091_115550.jpg,0,0,1,1,/l/lake/natural/00004385.jpg
11706,199.Winter_Wren/Winter_Wren_0066_189637.jpg,0,0,1,1,/l/lake/natural/00000179.jpg
6659,114.Black_throated_Sparrow/Black_Throated_Sparrow_0088_107220.jpg,0,0,1,1,/l/lake/natural/00000989.jpg
7360,126.Nelson_Sharp_tailed_Sparrow/Nelson_Sharp_Tailed_Sparrow_0045_118004.jpg,0,0,1,1,/l/lake/natural/00002716.jpg
7750,133.White_throated_Sparrow/White_Throated_Sparrow_0050_129051.jpg,0,0,1,1,/o/ocean/00004280.jpg
10108,172.Nashville_Warbler/Nashville_Warbler_0110_167268.jpg,0,0,1,1,/o/ocean/00002559.jpg
1701,030.Fish_Crow/Fish_Crow_0016_25854.jpg,0,0,1,1,/l/lake/natural/00003164.jpg
3237,056.Pine_Grosbeak/Pine_Grosbeak_0115_38330.jpg,0,0,1,1,/l/lake/natural/00003840.jpg
11569,197.Marsh_Wren/Marsh_Wren_0006_188126.jpg,0,0,1,1,/o/ocean/00002581.jpg
10376,177.Prothonotary_Warbler/Prothonotary_Warbler_0088_173606.jpg,0,0,1,1,/l/lake/natural/00003916.jpg
10191,174.Palm_Warbler/Palm_Warbler_0089_168968.jpg,0,0,1,1,/l/lake/natural/00004161.jpg
9538,163.Cape_May_Warbler/Cape_May_Warbler_0113_163130.jpg,0,0,1,1,/l/lake/natural/00003470.jpg
6513,112.Great_Grey_Shrike/Great_Grey_Shrike_0032_797021.jpg,0,0,1,1,/o/ocean/00001945.jpg
5732,098.Scott_Oriole/Scott_Oriole_0058_795849.jpg,0,0,1,1,/o/ocean/00004440.jpg
7370,126.Nelson_Sharp_tailed_Sparrow/Nelson_Sharp_Tailed_Sparrow_0022_796905.jpg,0,0,1,1,/o/ocean/00001659.jpg
10319,176.Prairie_Warbler/Prairie_Warbler_0051_172585.jpg,0,0,1,1,/o/ocean/00001606.jpg
3975,069.Rufous_Hummingbird/Rufous_Hummingbird_0025_59461.jpg,0,0,1,1,/l/lake/natural/00001956.jpg
8924,152.Blue_headed_Vireo/Blue_Headed_Vireo_0010_156344.jpg,0,0,1,1,/l/lake/natural/00000372.jpg
10957,186.Cedar_Waxwing/Cedar_Waxwing_0095_178163.jpg,0,0,1,1,/o/ocean/00001914.jpg
9391,160.Black_throated_Blue_Warbler/Black_Throated_Blue_Warbler_0005_161168.jpg,0,0,1,1,/o/ocean/00004506.jpg
6803,117.Clay_colored_Sparrow/Clay_Colored_Sparrow_0018_797246.jpg,0,0,1,1,/o/ocean/00001878.jpg
7461,128.Seaside_Sparrow/Seaside_Sparrow_0071_796519.jpg,0,0,1,1,/l/lake/natural/00004470.jpg
10263,175.Pine_Warbler/Pine_Warbler_0025_171110.jpg,0,0,1,1,/o/ocean/00004609.jpg
4428,076.Dark_eyed_Junco/Dark_Eyed_Junco_0056_67498.jpg,0,0,1,1,/o/ocean/00001984.jpg
4229,073.Blue_Jay/Blue_Jay_0085_62831.jpg,0,0,1,1,/o/ocean/00004588.jpg
11095,189.Red_bellied_Woodpecker/Red_Bellied_Woodpecker_0103_180803.jpg,0,0,1,1,/o/ocean/00004209.jpg
10487,179.Tennessee_Warbler/Tennessee_Warbler_0026_175118.jpg,0,0,1,1,/o/ocean/00004610.jpg
4677,081.Pied_Kingfisher/Pied_Kingfisher_0040_72739.jpg,0,0,1,1,/o/ocean/00003674.jpg
9896,169.Magnolia_Warbler/Magnolia_Warbler_0018_165958.jpg,0,0,1,1,/l/lake/natural/00004760.jpg
7468,128.Seaside_Sparrow/Seaside_Sparrow_0041_796529.jpg,0,0,1,1,/o/ocean/00003700.jpg
668,013.Bobolink/Bobolink_0094_9823.jpg,0,0,1,1,/l/lake/natural/00002513.jpg
10656,181.Worm_eating_Warbler/Worm_Eating_Warbler_0074_176093.jpg,0,0,1,1,/l/lake/natural/00000186.jpg
4414,076.Dark_eyed_Junco/Dark_Eyed_Junco_0071_67426.jpg,0,0,1,1,/o/ocean/00003770.jpg
3189,055.Evening_Grosbeak/Evening_Grosbeak_0122_37864.jpg,0,0,1,1,/o/ocean/00000593.jpg
10694,182.Yellow_Warbler/Yellow_Warbler_0004_176947.jpg,0,0,1,1,/l/lake/natural/00002755.jpg
3213,056.Pine_Grosbeak/Pine_Grosbeak_0100_38988.jpg,0,0,1,1,/o/ocean/00001918.jpg
4923,085.Horned_Lark/Horned_Lark_0133_73882.jpg,0,0,1,1,/l/lake/natural/00002101.jpg
7717,132.White_crowned_Sparrow/White_Crowned_Sparrow_0033_127728.jpg,0,0,1,1,/o/ocean/00001502.jpg
10420,177.Prothonotary_Warbler/Prothonotary_Warbler_0082_173970.jpg,0,0,1,1,/l/lake/natural/00002647.jpg
8191,140.Summer_Tanager/Summer_Tanager_0068_139875.jpg,0,0,1,1,/o/ocean/00004537.jpg
10212,174.Palm_Warbler/Palm_Warbler_0054_169175.jpg,0,0,1,1,/o/ocean/00001483.jpg
9948,170.Mourning_Warbler/Mourning_Warbler_0014_166427.jpg,0,0,1,1,/l/lake/natural/00003865.jpg
7525,129.Song_Sparrow/Song_Sparrow_0020_121490.jpg,0,0,1,1,/o/ocean/00001499.jpg
6124,105.Whip_poor_Will/Whip_Poor_Will_0031_100397.jpg,0,0,1,1,/l/lake/natural/00000066.jpg
6925,119.Field_Sparrow/Field_Sparrow_0055_113929.jpg,0,0,1,1,/l/lake/natural/00001257.jpg
2795,049.Boat_tailed_Grackle/Boat_Tailed_Grackle_0068_33387.jpg,0,0,1,1,/l/lake/natural/00000519.jpg
9988,170.Mourning_Warbler/Mourning_Warbler_0051_795352.jpg,0,0,1,1,/l/lake/natural/00000185.jpg
6235,107.Common_Raven/Common_Raven_0074_101576.jpg,0,0,1,1,/l/lake/natural/00004559.jpg
4374,076.Dark_eyed_Junco/Dark_Eyed_Junco_0087_68102.jpg,0,0,1,1,/l/lake/natural/00001939.jpg
1724,031.Black_billed_Cuckoo/Black_Billed_Cuckoo_0066_26303.jpg,0,0,1,1,/l/lake/natural/00003656.jpg
5631,097.Orchard_Oriole/Orchard_Oriole_0084_91658.jpg,0,0,1,1,/o/ocean/00002451.jpg
1637,029.American_Crow/American_Crow_0094_25576.jpg,0,0,1,1,/o/ocean/00004118.jpg
5676,097.Orchard_Oriole/Orchard_Oriole_0095_91345.jpg,0,0,1,1,/l/lake/natural/00000069.jpg
11359,193.Bewick_Wren/Bewick_Wren_0065_185247.jpg,0,0,1,1,/o/ocean/00002440.jpg
6934,119.Field_Sparrow/Field_Sparrow_0101_113762.jpg,0,0,1,1,/l/lake/natural/00003340.jpg
782,015.Lazuli_Bunting/Lazuli_Bunting_0102_14605.jpg,0,0,1,1,/l/lake/natural/00000181.jpg
4688,081.Pied_Kingfisher/Pied_Kingfisher_0017_72316.jpg,0,0,1,1,/o/ocean/00001693.jpg
5322,091.Mockingbird/Mockingbird_0087_79600.jpg,0,0,1,1,/o/ocean/00003553.jpg
9468,161.Blue_winged_Warbler/Blue_Winged_Warbler_0028_161787.jpg,0,0,1,1,/l/lake/natural/00003721.jpg
6288,108.White_necked_Raven/White_Necked_Raven_0055_797352.jpg,0,0,1,1,/l/lake/natural/00001206.jpg
4456,077.Tropical_Kingbird/Tropical_Kingbird_0001_69958.jpg,0,0,1,1,/o/ocean/00004336.jpg
9086,155.Warbling_Vireo/Warbling_Vireo_0107_158453.jpg,0,0,1,1,/l/lake/natural/00004592.jpg
951,017.Cardinal/Cardinal_0097_17396.jpg,0,0,1,1,/o/ocean/00002021.jpg
6058,104.American_Pipit/American_Pipit_0015_99932.jpg,0,0,1,1,/o/ocean/00001445.jpg
5501,094.White_breasted_Nuthatch/White_Breasted_Nuthatch_0106_85955.jpg,0,0,1,1,/l/lake/natural/00000102.jpg
1863,033.Yellow_billed_Cuckoo/Yellow_Billed_Cuckoo_0038_26912.jpg,0,0,1,1,/o/ocean/00000379.jpg
9924,169.Magnolia_Warbler/Magnolia_Warbler_0053_165682.jpg,0,0,1,1,/o/ocean/00003328.jpg
7635,131.Vesper_Sparrow/Vesper_Sparrow_0041_125458.jpg,0,0,1,1,/l/lake/natural/00003549.jpg
9890,169.Magnolia_Warbler/Magnolia_Warbler_0112_166406.jpg,0,0,1,1,/l/lake/natural/00001008.jpg
11465,195.Carolina_Wren/Carolina_Wren_0113_186675.jpg,0,0,1,1,/o/ocean/00002442.jpg
8121,139.Scarlet_Tanager/Scarlet_Tanager_0060_138384.jpg,0,0,1,1,/l/lake/natural/00003623.jpg
6228,107.Common_Raven/Common_Raven_0029_102039.jpg,0,0,1,1,/o/ocean/00002208.jpg
1205,022.Chuck_will_Widow/Chuck_Will_Widow_0003_796977.jpg,0,0,1,1,/o/ocean/00004724.jpg
10995,187.American_Three_toed_Woodpecker/American_Three_Toed_Woodpecker_0009_179919.jpg,0,0,1,1,/o/ocean/00003226.jpg
6233,107.Common_Raven/Common_Raven_0002_102582.jpg,0,0,1,1,/o/ocean/00001091.jpg
8117,139.Scarlet_Tanager/Scarlet_Tanager_0018_138294.jpg,0,0,1,1,/l/lake/natural/00000484.jpg
8961,153.Philadelphia_Vireo/Philadelphia_Vireo_0013_794772.jpg,0,0,1,1,/l/lake/natural/00003296.jpg
8673,148.Green_tailed_Towhee/Green_Tailed_Towhee_0060_154820.jpg,0,0,1,1,/o/ocean/00001223.jpg
7961,136.Barn_Swallow/Barn_Swallow_0045_130244.jpg,0,0,1,1,/o/ocean/00004411.jpg
4278,074.Florida_Jay/Florida_Jay_0085_65129.jpg,0,0,1,1,/l/lake/natural/00002756.jpg
8853,151.Black_capped_Vireo/Black_Capped_Vireo_0013_155815.jpg,0,0,1,1,/l/lake/natural/00001398.jpg
11345,193.Bewick_Wren/Bewick_Wren_0034_185130.jpg,0,0,1,1,/l/lake/natural/00002347.jpg
8782,150.Sage_Thrasher/Sage_Thrasher_0096_155449.jpg,0,0,1,1,/l/lake/natural/00004657.jpg
8738,149.Brown_Thrasher/Brown_Thrasher_0051_155344.jpg,0,0,1,1,/o/ocean/00003895.jpg
7229,124.Le_Conte_Sparrow/Le_Conte_Sparrow_0056_795178.jpg,0,0,1,1,/o/ocean/00003739.jpg
7286,125.Lincoln_Sparrow/Lincoln_Sparrow_0128_117851.jpg,0,0,1,1,/o/ocean/00003209.jpg
1091,020.Yellow_breasted_Chat/Yellow_Breasted_Chat_0103_21670.jpg,0,0,1,1,/o/ocean/00003942.jpg
4669,080.Green_Kingfisher/Green_Kingfisher_0020_71155.jpg,0,0,1,1,/l/lake/natural/00002873.jpg
9642,164.Cerulean_Warbler/Cerulean_Warbler_0076_163294.jpg,0,0,1,1,/o/ocean/00002629.jpg
10247,174.Palm_Warbler/Palm_Warbler_0134_168943.jpg,0,0,1,1,/l/lake/natural/00004145.jpg
2266,040.Olive_sided_Flycatcher/Olive_Sided_Flycatcher_0012_796876.jpg,0,0,1,1,/l/lake/natural/00002931.jpg
1564,028.Brown_Creeper/Brown_Creeper_0048_24976.jpg,0,0,1,1,/o/ocean/00002426.jpg
9281,158.Bay_breasted_Warbler/Bay_Breasted_Warbler_0097_159974.jpg,0,0,1,1,/o/ocean/00004813.jpg
9946,169.Magnolia_Warbler/Magnolia_Warbler_0123_166389.jpg,0,0,1,1,/o/ocean/00002182.jpg
432,009.Brewer_Blackbird/Brewer_Blackbird_0035_2611.jpg,0,0,1,1,/o/ocean/00002328.jpg
2241,040.Olive_sided_Flycatcher/Olive_Sided_Flycatcher_0002_30776.jpg,0,0,1,1,/l/lake/natural/00004281.jpg
2460,043.Yellow_bellied_Flycatcher/Yellow_Bellied_Flycatcher_0068_42701.jpg,0,0,1,1,/l/lake/natural/00000570.jpg
9810,167.Hooded_Warbler/Hooded_Warbler_0014_164672.jpg,0,0,1,1,/l/lake/natural/00004496.jpg
8681,148.Green_tailed_Towhee/Green_Tailed_Towhee_0058_797399.jpg,0,0,1,1,/l/lake/natural/00003474.jpg
1830,033.Yellow_billed_Cuckoo/Yellow_Billed_Cuckoo_0093_26432.jpg,0,0,1,1,/l/lake/natural/00004549.jpg
194,004.Groove_billed_Ani/Groove_Billed_Ani_0036_1604.jpg,0,0,1,1,/o/ocean/00003891.jpg
10795,184.Louisiana_Waterthrush/Louisiana_Waterthrush_0026_177503.jpg,0,0,1,1,/o/ocean/00000532.jpg
5285,091.Mockingbird/Mockingbird_0056_81986.jpg,0,0,1,1,/l/lake/natural/00004279.jpg
11178,190.Red_cockaded_Woodpecker/Red_Cockaded_Woodpecker_0032_182376.jpg,0,0,1,1,/o/ocean/00004264.jpg
9421,161.Blue_winged_Warbler/Blue_Winged_Warbler_0012_162086.jpg,0,0,1,1,/l/lake/natural/00001806.jpg
9116,156.White_eyed_Vireo/White_Eyed_Vireo_0094_158894.jpg,0,0,1,1,/l/lake/natural/00001143.jpg
995,018.Spotted_Catbird/Spotted_Catbird_0001_796797.jpg,0,0,1,1,/o/ocean/00002413.jpg
9336,159.Black_and_white_Warbler/Black_And_White_Warbler_0041_160639.jpg,0,0,1,1,/l/lake/natural/00004683.jpg
9261,158.Bay_breasted_Warbler/Bay_Breasted_Warbler_0087_797122.jpg,0,0,1,1,/o/ocean/00003365.jpg
4955,085.Horned_Lark/Horned_Lark_0113_74613.jpg,0,0,1,1,/o/ocean/00000183.jpg
5356,092.Nighthawk/Nighthawk_0012_84333.jpg,0,0,1,1,/l/lake/natural/00000647.jpg
8823,151.Black_capped_Vireo/Black_Capped_Vireo_0024_155905.jpg,0,0,1,1,/l/lake/natural/00002578.jpg
3142,055.Evening_Grosbeak/Evening_Grosbeak_0072_37301.jpg,0,0,1,1,/l/lake/natural/00004116.jpg
2069,037.Acadian_Flycatcher/Acadian_Flycatcher_0003_29094.jpg,0,0,1,1,/l/lake/natural/00000292.jpg
3210,056.Pine_Grosbeak/Pine_Grosbeak_0102_38216.jpg,0,0,1,1,/l/lake/natural/00000300.jpg
9326,159.Black_and_white_Warbler/Black_And_White_Warbler_0081_110906.jpg,0,0,1,1,/o/ocean/00000385.jpg
6490,111.Loggerhead_Shrike/Loggerhead_Shrike_0129_106389.jpg,0,0,1,1,/o/ocean/00003835.jpg
729,014.Indigo_Bunting/Indigo_Bunting_0044_14389.jpg,0,0,1,1,/o/ocean/00001640.jpg
11390,194.Cactus_Wren/Cactus_Wren_0041_185691.jpg,0,0,1,1,/o/ocean/00001246.jpg
10771,183.Northern_Waterthrush/Northern_Waterthrush_0066_177110.jpg,0,0,1,1,/l/lake/natural/00002316.jpg
7848,134.Cape_Glossy_Starling/Cape_Glossy_Starling_0030_129443.jpg,0,0,1,1,/l/lake/natural/00003099.jpg
10999,187.American_Three_toed_Woodpecker/American_Three_Toed_Woodpecker_0006_179838.jpg,0,0,1,1,/l/lake/natural/00004546.jpg
7023,120.Fox_Sparrow/Fox_Sparrow_0078_114582.jpg,0,0,1,1,/l/lake/natural/00003906.jpg
9118,156.White_eyed_Vireo/White_Eyed_Vireo_0074_159279.jpg,0,0,1,1,/l/lake/natural/00001300.jpg
6523,112.Great_Grey_Shrike/Great_Grey_Shrike_0049_797025.jpg,0,0,1,1,/l/lake/natural/00002685.jpg
7419,127.Savannah_Sparrow/Savannah_Sparrow_0094_119040.jpg,0,0,1,1,/l/lake/natural/00004729.jpg
1709,031.Black_billed_Cuckoo/Black_Billed_Cuckoo_0079_26180.jpg,0,0,1,1,/o/ocean/00000472.jpg
6969,119.Field_Sparrow/Field_Sparrow_0107_113659.jpg,0,0,1,1,/o/ocean/00003956.jpg
7617,130.Tree_Sparrow/Tree_Sparrow_0107_123822.jpg,0,0,1,1,/l/lake/natural/00004855.jpg
1508,027.Shiny_Cowbird/Shiny_Cowbird_0001_796860.jpg,0,0,1,1,/l/lake/natural/00003333.jpg
11407,194.Cactus_Wren/Cactus_Wren_0089_186023.jpg,0,0,1,1,/o/ocean/00000695.jpg
3950,068.Ruby_throated_Hummingbird/Ruby_Throated_Hummingbird_0084_58311.jpg,0,0,1,1,/l/lake/natural/00003280.jpg
2130,038.Great_Crested_Flycatcher/Great_Crested_Flycatcher_0099_29305.jpg,0,0,1,1,/l/lake/natural/00002372.jpg
11614,198.Rock_Wren/Rock_Wren_0086_188944.jpg,0,0,1,1,/o/ocean/00003407.jpg
9106,155.Warbling_Vireo/Warbling_Vireo_0029_158679.jpg,0,0,1,1,/o/ocean/00000488.jpg
719,013.Bobolink/Bobolink_0047_9204.jpg,0,0,1,1,/o/ocean/00000322.jpg
5702,098.Scott_Oriole/Scott_Oriole_0051_795807.jpg,0,0,1,1,/o/ocean/00000094.jpg
4445,077.Tropical_Kingbird/Tropical_Kingbird_0049_69933.jpg,0,0,1,1,/o/ocean/00001559.jpg
11598,197.Marsh_Wren/Marsh_Wren_0089_188318.jpg,0,0,1,1,/o/ocean/00003249.jpg
10791,184.Louisiana_Waterthrush/Louisiana_Waterthrush_0015_177515.jpg,0,0,1,1,/o/ocean/00004445.jpg
612,012.Yellow_headed_Blackbird/Yellow_Headed_Blackbird_0057_8236.jpg,0,0,1,1,/l/lake/natural/00000915.jpg
1586,029.American_Crow/American_Crow_0016_25112.jpg,0,0,1,1,/o/ocean/00004169.jpg
11074,189.Red_bellied_Woodpecker/Red_Bellied_Woodpecker_0066_182253.jpg,0,0,1,1,/o/ocean/00000410.jpg
8728,149.Brown_Thrasher/Brown_Thrasher_0010_155231.jpg,0,0,1,1,/l/lake/natural/00000998.jpg
452,009.Brewer_Blackbird/Brewer_Blackbird_0032_2214.jpg,0,0,1,1,/o/ocean/00000124.jpg
9083,155.Warbling_Vireo/Warbling_Vireo_0077_158427.jpg,0,0,1,1,/o/ocean/00004921.jpg
7696,132.White_crowned_Sparrow/White_Crowned_Sparrow_0122_128577.jpg,0,0,1,1,/o/ocean/00003600.jpg
6690,115.Brewer_Sparrow/Brewer_Sparrow_0063_796714.jpg,0,0,1,1,/o/ocean/00002361.jpg
9780,167.Hooded_Warbler/Hooded_Warbler_0129_90165.jpg,0,0,1,1,/o/ocean/00000011.jpg
7101,122.Harris_Sparrow/Harris_Sparrow_0035_116529.jpg,0,0,1,1,/o/ocean/00004430.jpg
9062,155.Warbling_Vireo/Warbling_Vireo_0118_158285.jpg,0,0,1,1,/o/ocean/00003980.jpg
5630,097.Orchard_Oriole/Orchard_Oriole_0098_91401.jpg,0,0,1,1,/o/ocean/00004035.jpg
5661,097.Orchard_Oriole/Orchard_Oriole_0004_91275.jpg,0,0,1,1,/o/ocean/00004831.jpg
5396,093.Clark_Nutcracker/Clark_Nutcracker_0138_85633.jpg,0,0,1,1,/o/ocean/00004434.jpg
7208,123.Henslow_Sparrow/Henslow_Sparrow_0085_116971.jpg,0,0,1,1,/l/lake/natural/00004594.jpg
2667,047.American_Goldfinch/American_Goldfinch_0092_32910.jpg,0,0,1,1,/l/lake/natural/00003930.jpg
11121,189.Red_bellied_Woodpecker/Red_Bellied_Woodpecker_0022_181969.jpg,0,0,1,1,/l/lake/natural/00003486.jpg
9305,159.Black_and_white_Warbler/Black_And_White_Warbler_0117_160369.jpg,0,0,1,1,/o/ocean/00002468.jpg
781,015.Lazuli_Bunting/Lazuli_Bunting_0074_14854.jpg,0,0,1,1,/l/lake/natural/00002508.jpg
4559,079.Belted_Kingfisher/Belted_Kingfisher_0099_70449.jpg,0,0,1,1,/o/ocean/00003629.jpg
6392,110.Geococcyx/Geococcyx_0084_104574.jpg,0,0,1,1,/l/lake/natural/00004643.jpg
6669,114.Black_throated_Sparrow/Black_Throated_Sparrow_0072_107255.jpg,0,0,1,1,/l/lake/natural/00004736.jpg
9021,154.Red_eyed_Vireo/Red_Eyed_Vireo_0038_156963.jpg,0,0,1,1,/o/ocean/00002541.jpg
9544,163.Cape_May_Warbler/Cape_May_Warbler_0068_163147.jpg,0,0,1,1,/o/ocean/00002747.jpg
6979,120.Fox_Sparrow/Fox_Sparrow_0044_114747.jpg,0,0,1,1,/o/ocean/00004074.jpg
10146,173.Orange_crowned_Warbler/Orange_Crowned_Warbler_0111_168040.jpg,0,0,1,1,/o/ocean/00000902.jpg
4760,082.Ringed_Kingfisher/Ringed_Kingfisher_0015_72835.jpg,0,0,1,1,/l/lake/natural/00003514.jpg
9031,154.Red_eyed_Vireo/Red_Eyed_Vireo_0115_157004.jpg,0,0,1,1,/l/lake/natural/00001551.jpg
11411,194.Cactus_Wren/Cactus_Wren_0066_186028.jpg,0,0,1,1,/o/ocean/00003040.jpg
7088,121.Grasshopper_Sparrow/Grasshopper_Sparrow_0019_115958.jpg,0,0,1,1,/l/lake/natural/00003744.jpg
3888,067.Anna_Hummingbird/Anna_Hummingbird_0021_55763.jpg,0,0,1,1,/l/lake/natural/00001224.jpg
6446,111.Loggerhead_Shrike/Loggerhead_Shrike_0036_105904.jpg,0,0,1,1,/l/lake/natural/00003202.jpg
1689,030.Fish_Crow/Fish_Crow_0060_26016.jpg,0,0,1,1,/o/ocean/00003421.jpg
10830,184.Louisiana_Waterthrush/Louisiana_Waterthrush_0031_177509.jpg,0,0,1,1,/l/lake/natural/00001131.jpg
2066,037.Acadian_Flycatcher/Acadian_Flycatcher_0065_29070.jpg,0,0,1,1,/l/lake/natural/00001569.jpg
4282,074.Florida_Jay/Florida_Jay_0088_65147.jpg,0,0,1,1,/o/ocean/00004448.jpg
2402,042.Vermilion_Flycatcher/Vermilion_Flycatcher_0065_42467.jpg,0,0,1,1,/l/lake/natural/00004763.jpg
10540,179.Tennessee_Warbler/Tennessee_Warbler_0052_175089.jpg,0,0,1,1,/o/ocean/00001812.jpg
1870,033.Yellow_billed_Cuckoo/Yellow_Billed_Cuckoo_0092_26859.jpg,0,0,1,1,/l/lake/natural/00003003.jpg
3297,057.Rose_breasted_Grosbeak/Rose_Breasted_Grosbeak_0019_39274.jpg,0,0,1,1,/o/ocean/00002163.jpg
4937,085.Horned_Lark/Horned_Lark_0046_73950.jpg,0,0,1,1,/l/lake/natural/00004954.jpg
1040,019.Gray_Catbird/Gray_Catbird_0125_19833.jpg,0,0,1,1,/l/lake/natural/00003813.jpg
5779,099.Ovenbird/Ovenbird_0034_93006.jpg,0,0,1,1,/o/ocean/00003168.jpg
4524,078.Gray_Kingbird/Gray_Kingbird_0068_70292.jpg,0,0,1,1,/l/lake/natural/00000391.jpg
7941,136.Barn_Swallow/Barn_Swallow_0047_130016.jpg,0,0,1,1,/l/lake/natural/00000310.jpg
2828,049.Boat_tailed_Grackle/Boat_Tailed_Grackle_0033_33524.jpg,0,0,1,1,/o/ocean/00001829.jpg
1794,032.Mangrove_Cuckoo/Mangrove_Cuckoo_0005_794599.jpg,0,0,1,1,/l/lake/natural/00002137.jpg
11643,198.Rock_Wren/Rock_Wren_0111_189443.jpg,0,0,1,1,/o/ocean/00002393.jpg
1186,022.Chuck_will_Widow/Chuck_Will_Widow_0007_796958.jpg,0,0,1,1,/o/ocean/00004833.jpg
5793,099.Ovenbird/Ovenbird_0077_92590.jpg,0,0,1,1,/l/lake/natural/00002776.jpg
5558,095.Baltimore_Oriole/Baltimore_Oriole_0104_86979.jpg,0,0,1,1,/l/lake/natural/00003132.jpg
9019,154.Red_eyed_Vireo/Red_Eyed_Vireo_0073_156944.jpg,0,0,1,1,/o/ocean/00001418.jpg
4450,077.Tropical_Kingbird/Tropical_Kingbird_0122_69687.jpg,0,0,1,1,/l/lake/natural/00001095.jpg
5701,098.Scott_Oriole/Scott_Oriole_0031_90270.jpg,0,0,1,1,/l/lake/natural/00002968.jpg
5635,097.Orchard_Oriole/Orchard_Oriole_0080_91417.jpg,0,0,1,1,/l/lake/natural/00001136.jpg
6128,105.Whip_poor_Will/Whip_Poor_Will_0024_100444.jpg,0,0,1,1,/o/ocean/00001750.jpg
9559,163.Cape_May_Warbler/Cape_May_Warbler_0028_163177.jpg,0,0,1,1,/o/ocean/00004476.jpg
9423,161.Blue_winged_Warbler/Blue_Winged_Warbler_0005_162095.jpg,0,0,1,1,/o/ocean/00001404.jpg
10004,170.Mourning_Warbler/Mourning_Warbler_0037_795381.jpg,0,0,1,1,/o/ocean/00000450.jpg
2078,037.Acadian_Flycatcher/Acadian_Flycatcher_0063_795585.jpg,0,0,1,1,/l/lake/natural/00002601.jpg
4459,077.Tropical_Kingbird/Tropical_Kingbird_0017_69715.jpg,0,0,1,1,/l/lake/natural/00003305.jpg
6777,116.Chipping_Sparrow/Chipping_Sparrow_0012_108576.jpg,0,0,1,1,/o/ocean/00001740.jpg
1951,035.Purple_Finch/Purple_Finch_0032_27305.jpg,0,0,1,1,/o/ocean/00004307.jpg
4513,078.Gray_Kingbird/Gray_Kingbird_0006_70268.jpg,0,0,1,1,/o/ocean/00002959.jpg
2326,041.Scissor_tailed_Flycatcher/Scissor_Tailed_Flycatcher_0115_42137.jpg,0,0,1,1,/l/lake/natural/00002300.jpg
10899,185.Bohemian_Waxwing/Bohemian_Waxwing_0040_177914.jpg,0,0,1,1,/l/lake/natural/00003346.jpg
204,004.Groove_billed_Ani/Groove_Billed_Ani_0076_1661.jpg,0,0,1,1,/l/lake/natural/00003654.jpg
2808,049.Boat_tailed_Grackle/Boat_Tailed_Grackle_0123_33695.jpg,0,0,1,1,/o/ocean/00000032.jpg
7804,133.White_throated_Sparrow/White_Throated_Sparrow_0123_129009.jpg,0,0,1,1,/o/ocean/00004326.jpg
1850,033.Yellow_billed_Cuckoo/Yellow_Billed_Cuckoo_0049_26766.jpg,0,0,1,1,/o/ocean/00001111.jpg
6848,117.Clay_colored_Sparrow/Clay_Colored_Sparrow_0005_110911.jpg,0,0,1,1,/o/ocean/00001991.jpg
9005,154.Red_eyed_Vireo/Red_Eyed_Vireo_0131_156765.jpg,0,0,1,1,/l/lake/natural/00000071.jpg
2324,041.Scissor_tailed_Flycatcher/Scissor_Tailed_Flycatcher_0119_41879.jpg,0,0,1,1,/l/lake/natural/00004286.jpg
9522,162.Canada_Warbler/Canada_Warbler_0047_162439.jpg,0,0,1,1,/o/ocean/00003177.jpg
4069,070.Green_Violetear/Green_Violetear_0036_795635.jpg,0,0,1,1,/l/lake/natural/00000814.jpg
7517,129.Song_Sparrow/Song_Sparrow_0044_121931.jpg,0,0,1,1,/l/lake/natural/00001187.jpg
981,018.Spotted_Catbird/Spotted_Catbird_0005_19411.jpg,0,0,1,1,/l/lake/natural/00001797.jpg
6986,120.Fox_Sparrow/Fox_Sparrow_0058_114789.jpg,0,0,1,1,/l/lake/natural/00004558.jpg
11363,193.Bewick_Wren/Bewick_Wren_0124_184771.jpg,0,0,1,1,/l/lake/natural/00001703.jpg
10170,173.Orange_crowned_Warbler/Orange_Crowned_Warbler_0001_167660.jpg,0,0,1,1,/l/lake/natural/00003594.jpg
895,016.Painted_Bunting/Painted_Bunting_0002_16887.jpg,0,0,1,1,/l/lake/natural/00001693.jpg
11229,191.Red_headed_Woodpecker/Red_Headed_Woodpecker_0052_182702.jpg,0,0,1,1,/l/lake/natural/00001821.jpg
2151,038.Great_Crested_Flycatcher/Great_Crested_Flycatcher_0066_29488.jpg,0,0,1,1,/o/ocean/00004521.jpg
4701,081.Pied_Kingfisher/Pied_Kingfisher_0061_72193.jpg,0,0,1,1,/o/ocean/00000200.jpg
8716,149.Brown_Thrasher/Brown_Thrasher_0045_155182.jpg,0,0,1,1,/l/lake/natural/00003817.jpg
6120,105.Whip_poor_Will/Whip_Poor_Will_0043_796442.jpg,0,0,1,1,/o/ocean/00001551.jpg
446,009.Brewer_Blackbird/Brewer_Blackbird_0014_2679.jpg,0,0,1,1,/o/ocean/00000570.jpg
822,015.Lazuli_Bunting/Lazuli_Bunting_0105_15017.jpg,0,0,1,1,/l/lake/natural/00001741.jpg
1201,022.Chuck_will_Widow/Chuck_Will_Widow_0055_796973.jpg,0,0,1,1,/o/ocean/00004752.jpg
10476,178.Swainson_Warbler/Swainson_Warbler_0047_794870.jpg,0,0,1,1,/o/ocean/00004012.jpg
6081,104.American_Pipit/American_Pipit_0062_100000.jpg,0,0,1,1,/l/lake/natural/00003941.jpg
11071,188.Pileated_Woodpecker/Pileated_Woodpecker_0051_179965.jpg,0,0,1,1,/l/lake/natural/00001782.jpg
6471,111.Loggerhead_Shrike/Loggerhead_Shrike_0048_106215.jpg,0,0,1,1,/l/lake/natural/00003165.jpg
7528,129.Song_Sparrow/Song_Sparrow_0107_120990.jpg,0,0,1,1,/o/ocean/00001202.jpg
11299,192.Downy_Woodpecker/Downy_Woodpecker_0101_184139.jpg,0,0,1,1,/o/ocean/00003966.jpg
4616,080.Green_Kingfisher/Green_Kingfisher_0018_71189.jpg,0,0,1,1,/l/lake/natural/00000047.jpg
1726,031.Black_billed_Cuckoo/Black_Billed_Cuckoo_0082_26241.jpg,0,0,1,1,/o/ocean/00000671.jpg
6916,119.Field_Sparrow/Field_Sparrow_0025_113683.jpg,0,0,1,1,/l/lake/natural/00001532.jpg
1994,036.Northern_Flicker/Northern_Flicker_0036_28681.jpg,0,0,1,1,/o/ocean/00003768.jpg
3255,057.Rose_breasted_Grosbeak/Rose_Breasted_Grosbeak_0097_39514.jpg,0,0,1,1,/o/ocean/00002935.jpg
2397,042.Vermilion_Flycatcher/Vermilion_Flycatcher_0055_42442.jpg,0,0,1,1,/o/ocean/00004733.jpg
9193,157.Yellow_throated_Vireo/Yellow_Throated_Vireo_0012_794977.jpg,0,0,1,1,/l/lake/natural/00004217.jpg
11542,196.House_Wren/House_Wren_0122_187331.jpg,0,0,1,1,/o/ocean/00002905.jpg
11426,194.Cactus_Wren/Cactus_Wren_0016_185582.jpg,0,0,1,1,/o/ocean/00003151.jpg
606,012.Yellow_headed_Blackbird/Yellow_Headed_Blackbird_0031_8456.jpg,0,0,1,1,/o/ocean/00002489.jpg
6214,107.Common_Raven/Common_Raven_0028_102452.jpg,0,0,1,1,/l/lake/natural/00002189.jpg
1023,019.Gray_Catbird/Gray_Catbird_0100_20674.jpg,0,0,1,1,/l/lake/natural/00004057.jpg
7570,130.Tree_Sparrow/Tree_Sparrow_0023_124956.jpg,0,0,1,1,/l/lake/natural/00004830.jpg
10933,186.Cedar_Waxwing/Cedar_Waxwing_0048_178960.jpg,0,0,1,1,/l/lake/natural/00000296.jpg
8089,138.Tree_Swallow/Tree_Swallow_0019_137073.jpg,0,0,1,1,/l/lake/natural/00004435.jpg
2781,049.Boat_tailed_Grackle/Boat_Tailed_Grackle_0126_33593.jpg,0,0,1,1,/o/ocean/00003525.jpg
11623,198.Rock_Wren/Rock_Wren_0019_188968.jpg,0,0,1,1,/l/lake/natural/00002292.jpg
4799,083.White_breasted_Kingfisher/White_Breasted_Kingfisher_0002_73491.jpg,0,0,1,1,/o/ocean/00003046.jpg
7084,121.Grasshopper_Sparrow/Grasshopper_Sparrow_0003_115676.jpg,0,0,1,1,/l/lake/natural/00004204.jpg
6634,114.Black_throated_Sparrow/Black_Throated_Sparrow_0023_107104.jpg,0,0,1,1,/l/lake/natural/00003608.jpg
7824,134.Cape_Glossy_Starling/Cape_Glossy_Starling_0010_129352.jpg,0,0,1,1,/o/ocean/00002971.jpg
6764,116.Chipping_Sparrow/Chipping_Sparrow_0080_108685.jpg,0,0,1,1,/l/lake/natural/00000808.jpg
7761,133.White_throated_Sparrow/White_Throated_Sparrow_0015_129138.jpg,0,0,1,1,/o/ocean/00004682.jpg
6127,105.Whip_poor_Will/Whip_Poor_Will_0038_100443.jpg,0,0,1,1,/l/lake/natural/00000461.jpg
1918,034.Gray_crowned_Rosy_Finch/Gray_Crowned_Rosy_Finch_0052_27032.jpg,0,0,1,1,/l/lake/natural/00003632.jpg
8142,139.Scarlet_Tanager/Scarlet_Tanager_0033_137603.jpg,0,0,1,1,/o/ocean/00001532.jpg
4416,076.Dark_eyed_Junco/Dark_Eyed_Junco_0012_66932.jpg,0,0,1,1,/l/lake/natural/00000764.jpg
9365,160.Black_throated_Blue_Warbler/Black_Throated_Blue_Warbler_0036_161517.jpg,0,0,1,1,/o/ocean/00002471.jpg
1015,019.Gray_Catbird/Gray_Catbird_0074_19601.jpg,0,0,1,1,/l/lake/natural/00001032.jpg
10220,174.Palm_Warbler/Palm_Warbler_0083_170281.jpg,0,0,1,1,/l/lake/natural/00003713.jpg
4380,076.Dark_eyed_Junco/Dark_Eyed_Junco_0043_68689.jpg,0,0,1,1,/o/ocean/00001682.jpg
11156,190.Red_cockaded_Woodpecker/Red_Cockaded_Woodpecker_0022_794700.jpg,0,0,1,1,/o/ocean/00001172.jpg
7634,131.Vesper_Sparrow/Vesper_Sparrow_0009_125713.jpg,0,0,1,1,/o/ocean/00001166.jpg
9898,169.Magnolia_Warbler/Magnolia_Warbler_0054_165965.jpg,0,0,1,1,/o/ocean/00000471.jpg
2665,047.American_Goldfinch/American_Goldfinch_0135_32107.jpg,0,0,1,1,/l/lake/natural/00003976.jpg
10914,186.Cedar_Waxwing/Cedar_Waxwing_0062_178788.jpg,0,0,1,1,/o/ocean/00003948.jpg
10783,184.Louisiana_Waterthrush/Louisiana_Waterthrush_0023_795269.jpg,0,0,1,1,/l/lake/natural/00000659.jpg
9635,164.Cerulean_Warbler/Cerulean_Warbler_0086_797214.jpg,0,0,1,1,/l/lake/natural/00004978.jpg
9340,159.Black_and_white_Warbler/Black_And_White_Warbler_0086_160836.jpg,0,0,1,1,/o/ocean/00000498.jpg
10215,174.Palm_Warbler/Palm_Warbler_0060_168686.jpg,0,0,1,1,/l/lake/natural/00001841.jpg
9051,154.Red_eyed_Vireo/Red_Eyed_Vireo_0109_157176.jpg,0,0,1,1,/o/ocean/00000062.jpg
490,010.Red_winged_Blackbird/Red_Winged_Blackbird_0075_4953.jpg,0,0,1,1,/l/lake/natural/00001580.jpg
4260,074.Florida_Jay/Florida_Jay_0063_64781.jpg,0,0,1,1,/o/ocean/00001684.jpg
7039,121.Grasshopper_Sparrow/Grasshopper_Sparrow_0040_115696.jpg,0,0,1,1,/l/lake/natural/00002929.jpg
1214,022.Chuck_will_Widow/Chuck_Will_Widow_0006_796986.jpg,0,0,1,1,/o/ocean/00000682.jpg
6734,116.Chipping_Sparrow/Chipping_Sparrow_0066_109187.jpg,0,0,1,1,/o/ocean/00000969.jpg
2147,038.Great_Crested_Flycatcher/Great_Crested_Flycatcher_0082_29445.jpg,0,0,1,1,/l/lake/natural/00000610.jpg
10315,176.Prairie_Warbler/Prairie_Warbler_0007_173081.jpg,0,0,1,1,/l/lake/natural/00002260.jpg
8721,149.Brown_Thrasher/Brown_Thrasher_0126_155199.jpg,0,0,1,1,/l/lake/natural/00000298.jpg
9792,167.Hooded_Warbler/Hooded_Warbler_0115_165041.jpg,0,0,1,1,/l/lake/natural/00004939.jpg
10184,173.Orange_crowned_Warbler/Orange_Crowned_Warbler_0057_168424.jpg,0,0,1,1,/l/lake/natural/00000304.jpg
11498,196.House_Wren/House_Wren_0046_187477.jpg,0,0,1,1,/l/lake/natural/00004649.jpg
1591,029.American_Crow/American_Crow_0111_25127.jpg,0,0,1,1,/o/ocean/00002231.jpg
1440,026.Bronzed_Cowbird/Bronzed_Cowbird_0029_796256.jpg,0,0,1,1,/o/ocean/00002986.jpg
3966,069.Rufous_Hummingbird/Rufous_Hummingbird_0035_59434.jpg,0,0,1,1,/l/lake/natural/00000569.jpg
196,004.Groove_billed_Ani/Groove_Billed_Ani_0018_1613.jpg,0,0,1,1,/l/lake/natural/00000011.jpg
7835,134.Cape_Glossy_Starling/Cape_Glossy_Starling_0042_129385.jpg,0,0,1,1,/o/ocean/00004319.jpg
2124,038.Great_Crested_Flycatcher/Great_Crested_Flycatcher_0105_29456.jpg,0,0,1,1,/o/ocean/00004744.jpg
471,009.Brewer_Blackbird/Brewer_Blackbird_0132_2293.jpg,0,0,1,1,/o/ocean/00000131.jpg
2688,047.American_Goldfinch/American_Goldfinch_0104_32540.jpg,0,0,1,1,/l/lake/natural/00004522.jpg
10681,182.Yellow_Warbler/Yellow_Warbler_0095_176202.jpg,0,0,1,1,/l/lake/natural/00002416.jpg
436,009.Brewer_Blackbird/Brewer_Blackbird_0087_2622.jpg,0,0,1,1,/o/ocean/00002392.jpg
5279,091.Mockingbird/Mockingbird_0050_80184.jpg,0,0,1,1,/o/ocean/00004931.jpg
1426,026.Bronzed_Cowbird/Bronzed_Cowbird_0040_24134.jpg,0,0,1,1,/o/ocean/00003324.jpg
4930,085.Horned_Lark/Horned_Lark_0127_74414.jpg,0,0,1,1,/l/lake/natural/00003269.jpg
9853,168.Kentucky_Warbler/Kentucky_Warbler_0050_165278.jpg,0,0,1,1,/l/lake/natural/00002027.jpg
8671,148.Green_tailed_Towhee/Green_Tailed_Towhee_0039_154802.jpg,0,0,1,1,/o/ocean/00001539.jpg
2332,041.Scissor_tailed_Flycatcher/Scissor_Tailed_Flycatcher_0023_42117.jpg,0,0,1,1,/o/ocean/00001567.jpg
4660,080.Green_Kingfisher/Green_Kingfisher_0037_71113.jpg,0,0,1,1,/o/ocean/00000297.jpg
955,018.Spotted_Catbird/Spotted_Catbird_0012_796802.jpg,0,0,1,1,/l/lake/natural/00003681.jpg
7106,122.Harris_Sparrow/Harris_Sparrow_0074_116539.jpg,0,0,1,1,/l/lake/natural/00002719.jpg
4784,082.Ringed_Kingfisher/Ringed_Kingfisher_0108_73169.jpg,0,0,1,1,/o/ocean/00002947.jpg
1514,027.Shiny_Cowbird/Shiny_Cowbird_0062_24271.jpg,0,0,1,1,/l/lake/natural/00001482.jpg
4713,081.Pied_Kingfisher/Pied_Kingfisher_0073_72508.jpg,0,0,1,1,/l/lake/natural/00004788.jpg
1881,034.Gray_crowned_Rosy_Finch/Gray_Crowned_Rosy_Finch_0043_26990.jpg,0,0,1,1,/o/ocean/00003649.jpg
6510,112.Great_Grey_Shrike/Great_Grey_Shrike_0064_106778.jpg,0,0,1,1,/l/lake/natural/00000593.jpg
9411,161.Blue_winged_Warbler/Blue_Winged_Warbler_0027_161795.jpg,0,0,1,1,/o/ocean/00004945.jpg
10273,175.Pine_Warbler/Pine_Warbler_0118_171152.jpg,0,0,1,1,/o/ocean/00000537.jpg
10626,181.Worm_eating_Warbler/Worm_Eating_Warbler_0013_795534.jpg,0,0,1,1,/o/ocean/00004650.jpg
8916,152.Blue_headed_Vireo/Blue_Headed_Vireo_0019_156311.jpg,0,0,1,1,/o/ocean/00000198.jpg
2408,042.Vermilion_Flycatcher/Vermilion_Flycatcher_0050_42479.jpg,0,0,1,1,/l/lake/natural/00001264.jpg
11731,200.Common_Yellowthroat/Common_Yellowthroat_0077_190990.jpg,0,0,1,1,/o/ocean/00003586.jpg
7097,122.Harris_Sparrow/Harris_Sparrow_0055_116512.jpg,0,0,1,1,/l/lake/natural/00001423.jpg
7886,135.Bank_Swallow/Bank_Swallow_0003_129623.jpg,0,0,1,1,/l/lake/natural/00001659.jpg
4324,075.Green_Jay/Green_Jay_0049_65600.jpg,0,0,1,1,/o/ocean/00002056.jpg
7059,121.Grasshopper_Sparrow/Grasshopper_Sparrow_0042_115638.jpg,0,0,1,1,/o/ocean/00002102.jpg
2441,043.Yellow_bellied_Flycatcher/Yellow_Bellied_Flycatcher_0037_795500.jpg,0,0,1,1,/o/ocean/00003074.jpg
992,018.Spotted_Catbird/Spotted_Catbird_0020_796794.jpg,0,0,1,1,/l/lake/natural/00004133.jpg
6208,107.Common_Raven/Common_Raven_0010_101390.jpg,0,0,1,1,/o/ocean/00004117.jpg
10060,171.Myrtle_Warbler/Myrtle_Warbler_0037_166690.jpg,0,0,1,1,/o/ocean/00000800.jpg
4708,081.Pied_Kingfisher/Pied_Kingfisher_0075_72581.jpg,0,0,1,1,/l/lake/natural/00003326.jpg
2314,041.Scissor_tailed_Flycatcher/Scissor_Tailed_Flycatcher_0068_41835.jpg,0,0,1,1,/o/ocean/00004210.jpg
568,011.Rusty_Blackbird/Rusty_Blackbird_0017_6755.jpg,0,0,1,1,/o/ocean/00001416.jpg
8804,150.Sage_Thrasher/Sage_Thrasher_0014_155541.jpg,0,0,1,1,/l/lake/natural/00000281.jpg
4328,075.Green_Jay/Green_Jay_0020_66168.jpg,0,0,1,1,/o/ocean/00004409.jpg
7921,135.Bank_Swallow/Bank_Swallow_0024_129779.jpg,0,0,1,1,/l/lake/natural/00001802.jpg
2768,048.European_Goldfinch/European_Goldfinch_0003_33066.jpg,0,0,1,1,/o/ocean/00001867.jpg
1554,028.Brown_Creeper/Brown_Creeper_0023_24940.jpg,0,0,1,1,/o/ocean/00004612.jpg
9960,170.Mourning_Warbler/Mourning_Warbler_0042_166493.jpg,0,0,1,1,/o/ocean/00003322.jpg
3092,054.Blue_Grosbeak/Blue_Grosbeak_0067_36965.jpg,0,0,1,1,/l/lake/natural/00003985.jpg
7093,122.Harris_Sparrow/Harris_Sparrow_0038_116610.jpg,0,0,1,1,/o/ocean/00004877.jpg
4316,074.Florida_Jay/Florida_Jay_0066_65018.jpg,0,0,1,1,/o/ocean/00003323.jpg
6529,112.Great_Grey_Shrike/Great_Grey_Shrike_0089_797036.jpg,0,0,1,1,/l/lake/natural/00003759.jpg
7029,120.Fox_Sparrow/Fox_Sparrow_0124_114662.jpg,0,0,1,1,/o/ocean/00001359.jpg
2690,047.American_Goldfinch/American_Goldfinch_0037_32071.jpg,0,0,1,1,/o/ocean/00002687.jpg
4574,079.Belted_Kingfisher/Belted_Kingfisher_0056_70516.jpg,0,0,1,1,/o/ocean/00004066.jpg
1741,031.Black_billed_Cuckoo/Black_Billed_Cuckoo_0070_795310.jpg,0,0,1,1,/l/lake/natural/00001439.jpg
2700,047.American_Goldfinch/American_Goldfinch_0106_32182.jpg,0,0,1,1,/o/ocean/00004950.jpg
1691,030.Fish_Crow/Fish_Crow_0024_26064.jpg,0,0,1,1,/l/lake/natural/00002139.jpg
735,014.Indigo_Bunting/Indigo_Bunting_0049_13641.jpg,0,0,1,1,/l/lake/natural/00003970.jpg
2742,048.European_Goldfinch/European_Goldfinch_0013_794687.jpg,0,0,1,1,/l/lake/natural/00002798.jpg
10373,177.Prothonotary_Warbler/Prothonotary_Warbler_0064_174106.jpg,0,0,1,1,/o/ocean/00000912.jpg
1229,022.Chuck_will_Widow/Chuck_Will_Widow_0050_22750.jpg,0,0,1,1,/o/ocean/00004051.jpg
2350,041.Scissor_tailed_Flycatcher/Scissor_Tailed_Flycatcher_0005_41727.jpg,0,0,1,1,/l/lake/natural/00003624.jpg
9237,158.Bay_breasted_Warbler/Bay_Breasted_Warbler_0062_159783.jpg,0,0,1,1,/l/lake/natural/00000267.jpg
10774,183.Northern_Waterthrush/Northern_Waterthrush_0051_177120.jpg,0,0,1,1,/o/ocean/00000578.jpg
7113,122.Harris_Sparrow/Harris_Sparrow_0073_116577.jpg,0,0,1,1,/l/lake/natural/00000543.jpg
10710,182.Yellow_Warbler/Yellow_Warbler_0087_176591.jpg,0,0,1,1,/o/ocean/00000276.jpg
8824,151.Black_capped_Vireo/Black_Capped_Vireo_0044_155819.jpg,0,0,1,1,/o/ocean/00001429.jpg
6773,116.Chipping_Sparrow/Chipping_Sparrow_0036_107695.jpg,0,0,1,1,/o/ocean/00002867.jpg
3864,067.Anna_Hummingbird/Anna_Hummingbird_0091_56004.jpg,0,0,1,1,/o/ocean/00003769.jpg
2787,049.Boat_tailed_Grackle/Boat_Tailed_Grackle_0030_33615.jpg,0,0,1,1,/o/ocean/00004342.jpg
10344,176.Prairie_Warbler/Prairie_Warbler_0136_172768.jpg,0,0,1,1,/o/ocean/00004005.jpg
8670,148.Green_tailed_Towhee/Green_Tailed_Towhee_0042_154801.jpg,0,0,1,1,/o/ocean/00000414.jpg
574,011.Rusty_Blackbird/Rusty_Blackbird_0011_7028.jpg,0,0,1,1,/o/ocean/00001676.jpg
4223,073.Blue_Jay/Blue_Jay_0051_63339.jpg,0,0,1,1,/l/lake/natural/00002435.jpg
1453,026.Bronzed_Cowbird/Bronzed_Cowbird_0017_24019.jpg,0,0,1,1,/l/lake/natural/00004902.jpg
798,015.Lazuli_Bunting/Lazuli_Bunting_0010_14915.jpg,0,0,1,1,/o/ocean/00003216.jpg
6230,107.Common_Raven/Common_Raven_0017_102044.jpg,0,0,1,1,/o/ocean/00003084.jpg
701,013.Bobolink/Bobolink_0131_9578.jpg,0,0,1,1,/o/ocean/00004711.jpg
10687,182.Yellow_Warbler/Yellow_Warbler_0119_176485.jpg,0,0,1,1,/o/ocean/00000284.jpg
6567,113.Baird_Sparrow/Baird_Sparrow_0014_794549.jpg,0,0,1,1,/o/ocean/00000899.jpg
3904,068.Ruby_throated_Hummingbird/Ruby_Throated_Hummingbird_0071_57886.jpg,0,0,1,1,/o/ocean/00004104.jpg
2465,043.Yellow_bellied_Flycatcher/Yellow_Bellied_Flycatcher_0054_42709.jpg,0,0,1,1,/l/lake/natural/00000400.jpg
11688,199.Winter_Wren/Winter_Wren_0119_189545.jpg,0,0,1,1,/l/lake/natural/00000362.jpg
6059,104.American_Pipit/American_Pipit_0027_100189.jpg,0,0,1,1,/l/lake/natural/00002909.jpg
10803,184.Louisiana_Waterthrush/Louisiana_Waterthrush_0077_795247.jpg,0,0,1,1,/o/ocean/00000127.jpg
5727,098.Scott_Oriole/Scott_Oriole_0040_795839.jpg,0,0,1,1,/l/lake/natural/00000625.jpg
7758,133.White_throated_Sparrow/White_Throated_Sparrow_0112_129101.jpg,0,0,1,1,/o/ocean/00001363.jpg
9442,161.Blue_winged_Warbler/Blue_Winged_Warbler_0076_161894.jpg,0,0,1,1,/o/ocean/00002625.jpg
8104,138.Tree_Swallow/Tree_Swallow_0102_135061.jpg,0,0,1,1,/l/lake/natural/00001849.jpg
10467,178.Swainson_Warbler/Swainson_Warbler_0040_794860.jpg,0,0,1,1,/l/lake/natural/00002997.jpg
2349,041.Scissor_tailed_Flycatcher/Scissor_Tailed_Flycatcher_0109_41720.jpg,0,0,1,1,/l/lake/natural/00003077.jpg
8120,139.Scarlet_Tanager/Scarlet_Tanager_0120_138344.jpg,0,0,1,1,/l/lake/natural/00000767.jpg
195,004.Groove_billed_Ani/Groove_Billed_Ani_0085_1612.jpg,0,0,1,1,/o/ocean/00003703.jpg
4044,070.Green_Violetear/Green_Violetear_0080_795716.jpg,0,0,1,1,/l/lake/natural/00004454.jpg
1751,031.Black_billed_Cuckoo/Black_Billed_Cuckoo_0069_795326.jpg,0,0,1,1,/l/lake/natural/00003959.jpg
6373,109.American_Redstart/American_Redstart_0087_103371.jpg,0,0,1,1,/o/ocean/00002456.jpg
11317,193.Bewick_Wren/Bewick_Wren_0023_185400.jpg,0,0,1,1,/l/lake/natural/00001832.jpg
4703,081.Pied_Kingfisher/Pied_Kingfisher_0051_71429.jpg,0,0,1,1,/l/lake/natural/00001111.jpg
6544,112.Great_Grey_Shrike/Great_Grey_Shrike_0022_797057.jpg,0,0,1,1,/l/lake/natural/00000189.jpg
9255,158.Bay_breasted_Warbler/Bay_Breasted_Warbler_0095_797113.jpg,0,0,1,1,/o/ocean/00000024.jpg
11489,195.Carolina_Wren/Carolina_Wren_0122_186365.jpg,0,0,1,1,/o/ocean/00001716.jpg
10354,176.Prairie_Warbler/Prairie_Warbler_0050_173281.jpg,0,0,1,1,/l/lake/natural/00004784.jpg
9681,165.Chestnut_sided_Warbler/Chestnut_Sided_Warbler_0043_164114.jpg,0,0,1,1,/l/lake/natural/00001678.jpg
7120,122.Harris_Sparrow/Harris_Sparrow_0041_116611.jpg,0,0,1,1,/o/ocean/00001960.jpg
2173,039.Least_Flycatcher/Least_Flycatcher_0060_30214.jpg,0,0,1,1,/l/lake/natural/00001766.jpg
6772,116.Chipping_Sparrow/Chipping_Sparrow_0110_108974.jpg,0,0,1,1,/o/ocean/00000905.jpg
1202,022.Chuck_will_Widow/Chuck_Will_Widow_0016_796974.jpg,0,0,1,1,/o/ocean/00003021.jpg
6370,109.American_Redstart/American_Redstart_0045_102823.jpg,0,0,1,1,/o/ocean/00001274.jpg
10542,179.Tennessee_Warbler/Tennessee_Warbler_0015_174847.jpg,0,0,1,1,/o/ocean/00003356.jpg
11718,199.Winter_Wren/Winter_Wren_0126_190342.jpg,0,0,1,1,/l/lake/natural/00003319.jpg
912,017.Cardinal/Cardinal_0051_17223.jpg,0,0,1,1,/o/ocean/00000288.jpg
9092,155.Warbling_Vireo/Warbling_Vireo_0028_158492.jpg,0,0,1,1,/o/ocean/00000157.jpg
1758,031.Black_billed_Cuckoo/Black_Billed_Cuckoo_0054_26313.jpg,0,0,1,1,/o/ocean/00002514.jpg
10461,178.Swainson_Warbler/Swainson_Warbler_0037_174691.jpg,0,0,1,1,/l/lake/natural/00001699.jpg
11113,189.Red_bellied_Woodpecker/Red_Bellied_Woodpecker_0120_181420.jpg,0,0,1,1,/o/ocean/00004064.jpg
2814,049.Boat_tailed_Grackle/Boat_Tailed_Grackle_0027_33743.jpg,0,0,1,1,/o/ocean/00003458.jpg
2275,040.Olive_sided_Flycatcher/Olive_Sided_Flycatcher_0009_796885.jpg,0,0,1,1,/l/lake/natural/00003148.jpg
7726,132.White_crowned_Sparrow/White_Crowned_Sparrow_0100_126267.jpg,0,0,1,1,/o/ocean/00000110.jpg
7604,130.Tree_Sparrow/Tree_Sparrow_0060_123743.jpg,0,0,1,1,/o/ocean/00004754.jpg
10909,186.Cedar_Waxwing/Cedar_Waxwing_0076_178732.jpg,0,0,1,1,/l/lake/natural/00003559.jpg
662,013.Bobolink/Bobolink_0104_10273.jpg,0,0,1,1,/l/lake/natural/00000260.jpg
6133,105.Whip_poor_Will/Whip_Poor_Will_0037_796405.jpg,0,0,1,1,/l/lake/natural/00000359.jpg
5452,094.White_breasted_Nuthatch/White_Breasted_Nuthatch_0054_86551.jpg,0,0,1,1,/o/ocean/00001299.jpg
8869,151.Black_capped_Vireo/Black_Capped_Vireo_0040_797463.jpg,0,0,1,1,/o/ocean/00002342.jpg
3120,054.Blue_Grosbeak/Blue_Grosbeak_0038_37095.jpg,0,0,1,1,/l/lake/natural/00003004.jpg
10832,184.Louisiana_Waterthrush/Louisiana_Waterthrush_0060_177583.jpg,0,0,1,1,/l/lake/natural/00002198.jpg
11752,200.Common_Yellowthroat/Common_Yellowthroat_0010_190572.jpg,0,0,1,1,/l/lake/natural/00004042.jpg
1608,029.American_Crow/American_Crow_0134_25206.jpg,0,0,1,1,/l/lake/natural/00003289.jpg
6781,116.Chipping_Sparrow/Chipping_Sparrow_0045_109985.jpg,0,0,1,1,/o/ocean/00003565.jpg
531,010.Red_winged_Blackbird/Red_Winged_Blackbird_0066_5070.jpg,0,0,1,1,/o/ocean/00000567.jpg
6096,105.Whip_poor_Will/Whip_Poor_Will_0048_796417.jpg,0,0,1,1,/o/ocean/00004845.jpg
115,002.Laysan_Albatross/Laysan_Albatross_0018_492.jpg,1,0,0,2,/f/forest/broadleaf/00004317.jpg
8251,141.Artic_Tern/Artic_Tern_0047_143549.jpg,1,0,0,2,/b/bamboo_forest/00003317.jpg
3402,059.California_Gull/California_Gull_0059_40764.jpg,1,0,0,2,/f/forest/broadleaf/00003242.jpg
243,005.Crested_Auklet/Crested_Auklet_0010_794907.jpg,1,0,0,2,/f/forest/broadleaf/00004863.jpg
5237,090.Red_breasted_Merganser/Red_Breasted_Merganser_0017_79224.jpg,1,0,0,2,/b/bamboo_forest/00003494.jpg
8551,146.Forsters_Tern/Forsters_Tern_0017_152696.jpg,1,0,0,2,/b/bamboo_forest/00001074.jpg
5887,101.White_Pelican/White_Pelican_0010_96876.jpg,1,0,0,2,/b/bamboo_forest/00004581.jpg
3343,058.Pigeon_Guillemot/Pigeon_Guillemot_0090_40090.jpg,1,0,0,2,/b/bamboo_forest/00002840.jpg
2526,044.Frigatebird/Frigatebird_0082_42989.jpg,1,0,0,2,/f/forest/broadleaf/00000067.jpg
5052,087.Mallard/Mallard_0121_77434.jpg,1,0,0,2,/b/bamboo_forest/00002961.jpg
8579,146.Forsters_Tern/Forsters_Tern_0123_151789.jpg,1,0,0,2,/b/bamboo_forest/00001296.jpg
3665,063.Ivory_Gull/Ivory_Gull_0067_49659.jpg,1,0,0,2,/b/bamboo_forest/00004583.jpg
415,008.Rhinoceros_Auklet/Rhinoceros_Auklet_0010_797545.jpg,1,0,0,2,/b/bamboo_forest/00002107.jpg
1355,025.Pelagic_Cormorant/Pelagic_Cormorant_0008_23602.jpg,1,0,0,2,/b/bamboo_forest/00003562.jpg
3047,053.Western_Grebe/Western_Grebe_0085_36224.jpg,1,0,0,2,/b/bamboo_forest/00000052.jpg
8339,142.Black_Tern/Black_Tern_0037_144110.jpg,1,0,0,2,/f/forest/broadleaf/00000133.jpg
8585,147.Least_Tern/Least_Tern_0016_153560.jpg,1,0,0,2,/f/forest/broadleaf/00001565.jpg
347,007.Parakeet_Auklet/Parakeet_Auklet_0062_795958.jpg,1,0,0,2,/b/bamboo_forest/00000528.jpg
5117,088.Western_Meadowlark/Western_Meadowlark_0015_78610.jpg,1,0,0,2,/b/bamboo_forest/00003714.jpg
5076,087.Mallard/Mallard_0022_77166.jpg,1,0,0,2,/b/bamboo_forest/00003118.jpg
4178,072.Pomarine_Jaeger/Pomarine_Jaeger_0004_795796.jpg,1,0,0,2,/f/forest/broadleaf/00002696.jpg
8401,143.Caspian_Tern/Caspian_Tern_0120_145650.jpg,1,0,0,2,/f/forest/broadleaf/00001831.jpg
2478,044.Frigatebird/Frigatebird_0119_43042.jpg,1,0,0,2,/b/bamboo_forest/00001597.jpg
3558,062.Herring_Gull/Herring_Gull_0141_47184.jpg,1,0,0,2,/f/forest/broadleaf/00000493.jpg
8297,142.Black_Tern/Black_Tern_0089_144174.jpg,1,0,0,2,/f/forest/broadleaf/00000049.jpg
264,005.Crested_Auklet/Crested_Auklet_0033_794964.jpg,1,0,0,2,/b/bamboo_forest/00003402.jpg
4894,084.Red_legged_Kittiwake/Red_Legged_Kittiwake_0021_73808.jpg,1,0,0,2,/f/forest/broadleaf/00001154.jpg
1151,021.Eastern_Towhee/Eastern_Towhee_0035_22223.jpg,1,0,0,2,/b/bamboo_forest/00001073.jpg
3422,059.California_Gull/California_Gull_0135_41383.jpg,1,0,0,2,/b/bamboo_forest/00003097.jpg
8459,144.Common_Tern/Common_Tern_0081_149228.jpg,1,0,0,2,/b/bamboo_forest/00002408.jpg
4158,072.Pomarine_Jaeger/Pomarine_Jaeger_0055_795762.jpg,1,0,0,2,/b/bamboo_forest/00000633.jpg
1165,021.Eastern_Towhee/Eastern_Towhee_0082_22330.jpg,1,0,0,2,/f/forest/broadleaf/00002308.jpg
3468,060.Glaucous_winged_Gull/Glaucous_Winged_Gull_0057_44807.jpg,1,0,0,2,/b/bamboo_forest/00004290.jpg
2939,051.Horned_Grebe/Horned_Grebe_0070_34514.jpg,1,0,0,2,/f/forest/broadleaf/00004119.jpg
3599,062.Herring_Gull/Herring_Gull_0004_48046.jpg,1,0,0,2,/b/bamboo_forest/00004331.jpg
2947,051.Horned_Grebe/Horned_Grebe_0040_34548.jpg,1,0,0,2,/b/bamboo_forest/00000033.jpg
5962,102.Western_Wood_Pewee/Western_Wood_Pewee_0008_795043.jpg,1,0,0,2,/f/forest/broadleaf/00003366.jpg
3792,066.Western_Gull/Western_Gull_0093_54925.jpg,1,0,0,2,/b/bamboo_forest/00002830.jpg
2537,045.Northern_Fulmar/Northern_Fulmar_0098_43578.jpg,1,0,0,2,/b/bamboo_forest/00003598.jpg
8452,144.Common_Tern/Common_Tern_0001_149721.jpg,1,0,0,2,/f/forest/broadleaf/00001102.jpg
1245,023.Brandt_Cormorant/Brandt_Cormorant_0038_23110.jpg,1,0,0,2,/b/bamboo_forest/00003452.jpg
3347,058.Pigeon_Guillemot/Pigeon_Guillemot_0095_39867.jpg,1,0,0,2,/f/forest/broadleaf/00002632.jpg
345,007.Parakeet_Auklet/Parakeet_Auklet_0047_795956.jpg,1,0,0,2,/b/bamboo_forest/00000810.jpg
5894,101.White_Pelican/White_Pelican_0081_96148.jpg,1,0,0,2,/b/bamboo_forest/00001551.jpg
6172,106.Horned_Puffin/Horned_Puffin_0007_100699.jpg,1,0,0,2,/b/bamboo_forest/00001713.jpg
248,005.Crested_Auklet/Crested_Auklet_0047_794918.jpg,1,0,0,2,/f/forest/broadleaf/00002716.jpg
3000,052.Pied_billed_Grebe/Pied_Billed_Grebe_0050_35530.jpg,1,0,0,2,/f/forest/broadleaf/00004652.jpg
8390,143.Caspian_Tern/Caspian_Tern_0116_145607.jpg,1,0,0,2,/f/forest/broadleaf/00003325.jpg
3746,065.Slaty_backed_Gull/Slaty_Backed_Gull_0033_796023.jpg,1,0,0,2,/f/forest/broadleaf/00001113.jpg
3728,065.Slaty_backed_Gull/Slaty_Backed_Gull_0081_53264.jpg,1,0,0,2,/b/bamboo_forest/00002376.jpg
78,002.Laysan_Albatross/Laysan_Albatross_0025_571.jpg,1,0,0,2,/f/forest/broadleaf/00000507.jpg
4157,072.Pomarine_Jaeger/Pomarine_Jaeger_0020_795761.jpg,1,0,0,2,/b/bamboo_forest/00000504.jpg
3776,065.Slaty_backed_Gull/Slaty_Backed_Gull_0026_53245.jpg,1,0,0,2,/b/bamboo_forest/00001521.jpg
3817,066.Western_Gull/Western_Gull_0073_54118.jpg,1,0,0,2,/f/forest/broadleaf/00003145.jpg
3366,058.Pigeon_Guillemot/Pigeon_Guillemot_0059_39929.jpg,1,0,0,2,/f/forest/broadleaf/00004260.jpg
2539,045.Northern_Fulmar/Northern_Fulmar_0050_43839.jpg,1,0,0,2,/b/bamboo_forest/00003294.jpg
2562,045.Northern_Fulmar/Northern_Fulmar_0070_43916.jpg,1,0,0,2,/f/forest/broadleaf/00000997.jpg
3431,060.Glaucous_winged_Gull/Glaucous_Winged_Gull_0078_44461.jpg,1,0,0,2,/b/bamboo_forest/00002397.jpg
8371,143.Caspian_Tern/Caspian_Tern_0096_145009.jpg,1,0,0,2,/b/bamboo_forest/00002055.jpg
5017,086.Pacific_Loon/Pacific_Loon_0011_75726.jpg,1,0,0,2,/f/forest/broadleaf/00002726.jpg
8550,146.Forsters_Tern/Forsters_Tern_0053_152175.jpg,1,0,0,2,/b/bamboo_forest/00000213.jpg
5235,090.Red_breasted_Merganser/Red_Breasted_Merganser_0016_79476.jpg,1,0,0,2,/b/bamboo_forest/00004884.jpg
295,006.Least_Auklet/Least_Auklet_0012_795074.jpg,1,0,0,2,/b/bamboo_forest/00002788.jpg
172,003.Sooty_Albatross/Sooty_Albatross_0079_796389.jpg,1,0,0,2,/f/forest/broadleaf/00003300.jpg
3761,065.Slaty_backed_Gull/Slaty_Backed_Gull_0032_796046.jpg,1,0,0,2,/b/bamboo_forest/00003770.jpg
2894,051.Horned_Grebe/Horned_Grebe_0055_35104.jpg,1,0,0,2,/b/bamboo_forest/00000669.jpg
2903,051.Horned_Grebe/Horned_Grebe_0112_34864.jpg,1,0,0,2,/f/forest/broadleaf/00001089.jpg
113,002.Laysan_Albatross/Laysan_Albatross_0029_482.jpg,1,0,0,2,/b/bamboo_forest/00003837.jpg
8562,146.Forsters_Tern/Forsters_Tern_0066_151478.jpg,1,0,0,2,/f/forest/broadleaf/00004966.jpg
8323,142.Black_Tern/Black_Tern_0069_144359.jpg,1,0,0,2,/f/forest/broadleaf/00001706.jpg
5217,090.Red_breasted_Merganser/Red_Breasted_Merganser_0049_79432.jpg,1,0,0,2,/b/bamboo_forest/00001517.jpg
8517,145.Elegant_Tern/Elegant_Tern_0065_151021.jpg,1,0,0,2,/f/forest/broadleaf/00002122.jpg
46,001.Black_footed_Albatross/Black_Footed_Albatross_0079_796122.jpg,1,0,0,2,/b/bamboo_forest/00003482.jpg
5067,087.Mallard/Mallard_0055_77102.jpg,1,0,0,2,/f/forest/broadleaf/00004354.jpg
302,006.Least_Auklet/Least_Auklet_0027_795091.jpg,1,0,0,2,/f/forest/broadleaf/00000745.jpg
4117,071.Long_tailed_Jaeger/Long_Tailed_Jaeger_0068_797093.jpg,1,0,0,2,/b/bamboo_forest/00001511.jpg
3394,059.California_Gull/California_Gull_0066_41188.jpg,1,0,0,2,/f/forest/broadleaf/00002446.jpg
1362,025.Pelagic_Cormorant/Pelagic_Cormorant_0080_23890.jpg,1,0,0,2,/f/forest/broadleaf/00002024.jpg
8419,144.Common_Tern/Common_Tern_0030_147825.jpg,1,0,0,2,/b/bamboo_forest/00000449.jpg
5930,102.Western_Wood_Pewee/Western_Wood_Pewee_0074_98282.jpg,1,0,0,2,/b/bamboo_forest/00002740.jpg
8572,146.Forsters_Tern/Forsters_Tern_0035_151757.jpg,1,0,0,2,/f/forest/broadleaf/00004900.jpg
5872,101.White_Pelican/White_Pelican_0056_97071.jpg,1,0,0,2,/f/forest/broadleaf/00004423.jpg
142,003.Sooty_Albatross/Sooty_Albatross_0074_1221.jpg,1,0,0,2,/f/forest/broadleaf/00002557.jpg
8532,146.Forsters_Tern/Forsters_Tern_0070_152107.jpg,1,0,0,2,/f/forest/broadleaf/00000669.jpg
89,002.Laysan_Albatross/Laysan_Albatross_0088_883.jpg,1,0,0,2,/b/bamboo_forest/00004230.jpg
8545,146.Forsters_Tern/Forsters_Tern_0034_152667.jpg,1,0,0,2,/b/bamboo_forest/00004092.jpg
2948,051.Horned_Grebe/Horned_Grebe_0011_34687.jpg,1,0,0,2,/f/forest/broadleaf/00000785.jpg
2586,045.Northern_Fulmar/Northern_Fulmar_0099_44015.jpg,1,0,0,2,/b/bamboo_forest/00003398.jpg
69,002.Laysan_Albatross/Laysan_Albatross_0081_800.jpg,1,0,0,2,/b/bamboo_forest/00000662.jpg
40,001.Black_footed_Albatross/Black_Footed_Albatross_0071_796113.jpg,1,0,0,2,/f/forest/broadleaf/00002835.jpg
2958,052.Pied_billed_Grebe/Pied_Billed_Grebe_0033_35379.jpg,1,0,0,2,/b/bamboo_forest/00003809.jpg
333,007.Parakeet_Auklet/Parakeet_Auklet_0035_795934.jpg,1,0,0,2,/f/forest/broadleaf/00002531.jpg
2888,050.Eared_Grebe/Eared_Grebe_0004_34277.jpg,1,0,0,2,/f/forest/broadleaf/00004361.jpg
3008,052.Pied_billed_Grebe/Pied_Billed_Grebe_0100_35310.jpg,1,0,0,2,/b/bamboo_forest/00003488.jpg
5184,089.Hooded_Merganser/Hooded_Merganser_0084_78954.jpg,1,0,0,2,/b/bamboo_forest/00003937.jpg
263,005.Crested_Auklet/Crested_Auklet_0003_794962.jpg,1,0,0,2,/b/bamboo_forest/00000915.jpg
3544,061.Heermann_Gull/Heermann_Gull_0024_45486.jpg,1,0,0,2,/b/bamboo_forest/00002999.jpg
3026,053.Western_Grebe/Western_Grebe_0057_36157.jpg,1,0,0,2,/f/forest/broadleaf/00001583.jpg
335,007.Parakeet_Auklet/Parakeet_Auklet_0069_795936.jpg,1,0,0,2,/b/bamboo_forest/00003178.jpg
3563,062.Herring_Gull/Herring_Gull_0129_46708.jpg,1,0,0,2,/b/bamboo_forest/00003437.jpg
2605,046.Gadwall/Gadwall_0096_31560.jpg,1,0,0,2,/b/bamboo_forest/00004056.jpg
5068,087.Mallard/Mallard_0103_77105.jpg,1,0,0,2,/b/bamboo_forest/00000020.jpg
5039,087.Mallard/Mallard_0119_76925.jpg,1,0,0,2,/b/bamboo_forest/00004627.jpg
5934,102.Western_Wood_Pewee/Western_Wood_Pewee_0026_98191.jpg,1,0,0,2,/b/bamboo_forest/00003005.jpg
3545,061.Heermann_Gull/Heermann_Gull_0015_41392.jpg,1,0,0,2,/f/forest/broadleaf/00003022.jpg
256,005.Crested_Auklet/Crested_Auklet_0045_794940.jpg,1,0,0,2,/f/forest/broadleaf/00004558.jpg
1123,021.Eastern_Towhee/Eastern_Towhee_0068_22194.jpg,1,0,0,2,/f/forest/broadleaf/00003133.jpg
1155,021.Eastern_Towhee/Eastern_Towhee_0073_22247.jpg,1,0,0,2,/b/bamboo_forest/00004818.jpg
4191,072.Pomarine_Jaeger/Pomarine_Jaeger_0041_61305.jpg,1,0,0,2,/f/forest/broadleaf/00002627.jpg
4897,084.Red_legged_Kittiwake/Red_Legged_Kittiwake_0030_73818.jpg,1,0,0,2,/b/bamboo_forest/00001660.jpg
8408,144.Common_Tern/Common_Tern_0125_148767.jpg,1,0,0,2,/b/bamboo_forest/00002080.jpg
3020,053.Western_Grebe/Western_Grebe_0004_36130.jpg,1,0,0,2,/f/forest/broadleaf/00002663.jpg
8514,145.Elegant_Tern/Elegant_Tern_0045_150752.jpg,1,0,0,2,/b/bamboo_forest/00003223.jpg
21,001.Black_footed_Albatross/Black_Footed_Albatross_0060_796076.jpg,1,0,0,2,/b/bamboo_forest/00000038.jpg
1276,023.Brandt_Cormorant/Brandt_Cormorant_0082_22978.jpg,1,0,0,2,/b/bamboo_forest/00001711.jpg
2990,052.Pied_billed_Grebe/Pied_Billed_Grebe_0114_35493.jpg,1,0,0,2,/b/bamboo_forest/00001910.jpg
1238,023.Brandt_Cormorant/Brandt_Cormorant_0025_22820.jpg,1,0,0,2,/f/forest/broadleaf/00003294.jpg
8498,145.Elegant_Tern/Elegant_Tern_0004_150948.jpg,1,0,0,2,/b/bamboo_forest/00004311.jpg
1370,025.Pelagic_Cormorant/Pelagic_Cormorant_0055_23415.jpg,1,0,0,2,/f/forest/broadleaf/00004819.jpg
1290,023.Brandt_Cormorant/Brandt_Cormorant_0062_23038.jpg,1,0,0,2,/b/bamboo_forest/00003056.jpg
3539,061.Heermann_Gull/Heermann_Gull_0043_45939.jpg,1,0,0,2,/f/forest/broadleaf/00000161.jpg
8354,143.Caspian_Tern/Caspian_Tern_0117_146009.jpg,1,0,0,2,/b/bamboo_forest/00003571.jpg
8636,147.Least_Tern/Least_Tern_0046_153006.jpg,1,0,0,2,/b/bamboo_forest/00004969.jpg
5967,102.Western_Wood_Pewee/Western_Wood_Pewee_0030_98272.jpg,1,0,0,2,/b/bamboo_forest/00000106.jpg
2593,046.Gadwall/Gadwall_0035_30985.jpg,1,0,0,2,/b/bamboo_forest/00001028.jpg
293,006.Least_Auklet/Least_Auklet_0045_795069.jpg,1,0,0,2,/f/forest/broadleaf/00003158.jpg
1173,021.Eastern_Towhee/Eastern_Towhee_0038_22399.jpg,1,0,0,2,/f/forest/broadleaf/00004213.jpg
296,006.Least_Auklet/Least_Auklet_0018_795077.jpg,1,0,0,2,/b/bamboo_forest/00004968.jpg
4136,071.Long_tailed_Jaeger/Long_Tailed_Jaeger_0032_61177.jpg,1,0,0,2,/f/forest/broadleaf/00002727.jpg
2871,050.Eared_Grebe/Eared_Grebe_0051_34209.jpg,1,0,0,2,/b/bamboo_forest/00001582.jpg
8373,143.Caspian_Tern/Caspian_Tern_0029_147589.jpg,1,0,0,2,/f/forest/broadleaf/00000163.jpg
2641,046.Gadwall/Gadwall_0031_30935.jpg,1,0,0,2,/b/bamboo_forest/00003993.jpg
8274,141.Artic_Tern/Artic_Tern_0099_141170.jpg,1,0,0,2,/b/bamboo_forest/00002870.jpg
3731,065.Slaty_backed_Gull/Slaty_Backed_Gull_0049_53318.jpg,1,0,0,2,/b/bamboo_forest/00003157.jpg
5831,100.Brown_Pelican/Brown_Pelican_0013_93589.jpg,1,0,0,2,/b/bamboo_forest/00002247.jpg
3373,059.California_Gull/California_Gull_0029_41506.jpg,1,0,0,2,/f/forest/broadleaf/00000341.jpg
8526,146.Forsters_Tern/Forsters_Tern_0118_151564.jpg,1,0,0,2,/b/bamboo_forest/00002492.jpg
3463,060.Glaucous_winged_Gull/Glaucous_Winged_Gull_0073_44253.jpg,1,0,0,2,/f/forest/broadleaf/00003736.jpg
7,001.Black_footed_Albatross/Black_Footed_Albatross_0031_100.jpg,1,0,0,2,/f/forest/broadleaf/00001387.jpg
1377,025.Pelagic_Cormorant/Pelagic_Cormorant_0047_23718.jpg,1,0,0,2,/f/forest/broadleaf/00003723.jpg
3532,061.Heermann_Gull/Heermann_Gull_0141_45391.jpg,1,0,0,2,/b/bamboo_forest/00000171.jpg
406,008.Rhinoceros_Auklet/Rhinoceros_Auklet_0050_797534.jpg,1,0,0,2,/b/bamboo_forest/00000807.jpg
250,005.Crested_Auklet/Crested_Auklet_0019_794925.jpg,1,0,0,2,/f/forest/broadleaf/00004920.jpg
3799,066.Western_Gull/Western_Gull_0080_53445.jpg,1,0,0,2,/b/bamboo_forest/00003198.jpg
3637,063.Ivory_Gull/Ivory_Gull_0035_49523.jpg,1,0,0,2,/f/forest/broadleaf/00001636.jpg
97,002.Laysan_Albatross/Laysan_Albatross_0096_673.jpg,1,0,0,2,/f/forest/broadleaf/00002825.jpg
4977,086.Pacific_Loon/Pacific_Loon_0066_75547.jpg,1,0,0,2,/b/bamboo_forest/00000897.jpg
3663,063.Ivory_Gull/Ivory_Gull_0020_49978.jpg,1,0,0,2,/f/forest/broadleaf/00001161.jpg
1288,023.Brandt_Cormorant/Brandt_Cormorant_0076_23021.jpg,1,0,0,2,/b/bamboo_forest/00001739.jpg
2943,051.Horned_Grebe/Horned_Grebe_0041_34535.jpg,1,0,0,2,/f/forest/broadleaf/00002850.jpg
317,006.Least_Auklet/Least_Auklet_0029_795122.jpg,1,0,0,2,/b/bamboo_forest/00003419.jpg
5951,102.Western_Wood_Pewee/Western_Wood_Pewee_0028_795057.jpg,1,0,0,2,/f/forest/broadleaf/00004314.jpg
324,007.Parakeet_Auklet/Parakeet_Auklet_0004_795921.jpg,1,0,0,2,/b/bamboo_forest/00004035.jpg
5123,088.Western_Meadowlark/Western_Meadowlark_0097_78239.jpg,1,0,0,2,/b/bamboo_forest/00003878.jpg
4887,084.Red_legged_Kittiwake/Red_Legged_Kittiwake_0010_73789.jpg,1,0,0,2,/b/bamboo_forest/00002082.jpg
3674,064.Ring_billed_Gull/Ring_Billed_Gull_0100_52779.jpg,1,0,0,2,/b/bamboo_forest/00000149.jpg
5206,090.Red_breasted_Merganser/Red_Breasted_Merganser_0080_79488.jpg,1,0,0,2,/b/bamboo_forest/00004513.jpg
5875,101.White_Pelican/White_Pelican_0009_97340.jpg,1,0,0,2,/b/bamboo_forest/00001448.jpg
8556,146.Forsters_Tern/Forsters_Tern_0016_152463.jpg,1,0,0,2,/b/bamboo_forest/00002322.jpg
5168,089.Hooded_Merganser/Hooded_Merganser_0034_796762.jpg,1,0,0,2,/f/forest/broadleaf/00004556.jpg
1340,024.Red_faced_Cormorant/Red_Faced_Cormorant_0060_23416.jpg,1,0,0,2,/b/bamboo_forest/00000193.jpg
5175,089.Hooded_Merganser/Hooded_Merganser_0006_796778.jpg,1,0,0,2,/b/bamboo_forest/00002310.jpg
2905,051.Horned_Grebe/Horned_Grebe_0031_34626.jpg,1,0,0,2,/b/bamboo_forest/00003784.jpg
5912,101.White_Pelican/White_Pelican_0053_96236.jpg,1,0,0,2,/b/bamboo_forest/00002776.jpg
8406,144.Common_Tern/Common_Tern_0084_147980.jpg,1,0,0,2,/b/bamboo_forest/00001538.jpg
254,005.Crested_Auklet/Crested_Auklet_0057_794932.jpg,1,0,0,2,/f/forest/broadleaf/00000202.jpg
5239,090.Red_breasted_Merganser/Red_Breasted_Merganser_0047_79486.jpg,1,0,0,2,/b/bamboo_forest/00004901.jpg
8430,144.Common_Tern/Common_Tern_0083_148096.jpg,1,0,0,2,/b/bamboo_forest/00004557.jpg
3697,064.Ring_billed_Gull/Ring_Billed_Gull_0095_50362.jpg,1,0,0,2,/b/bamboo_forest/00000090.jpg
3618,063.Ivory_Gull/Ivory_Gull_0045_49696.jpg,1,0,0,2,/b/bamboo_forest/00002675.jpg
5006,086.Pacific_Loon/Pacific_Loon_0025_75436.jpg,1,0,0,2,/f/forest/broadleaf/00003244.jpg
396,008.Rhinoceros_Auklet/Rhinoceros_Auklet_0018_797517.jpg,1,0,0,2,/f/forest/broadleaf/00000817.jpg
2877,050.Eared_Grebe/Eared_Grebe_0015_34231.jpg,1,0,0,2,/b/bamboo_forest/00003798.jpg
5953,102.Western_Wood_Pewee/Western_Wood_Pewee_0072_98035.jpg,1,0,0,2,/b/bamboo_forest/00000814.jpg
398,008.Rhinoceros_Auklet/Rhinoceros_Auklet_0026_797519.jpg,1,0,0,2,/f/forest/broadleaf/00003163.jpg
5888,101.White_Pelican/White_Pelican_0068_95635.jpg,1,0,0,2,/f/forest/broadleaf/00001900.jpg
3551,062.Herring_Gull/Herring_Gull_0105_46113.jpg,1,0,0,2,/f/forest/broadleaf/00000119.jpg
4893,084.Red_legged_Kittiwake/Red_Legged_Kittiwake_0071_73800.jpg,1,0,0,2,/f/forest/broadleaf/00001457.jpg
3504,061.Heermann_Gull/Heermann_Gull_0073_45714.jpg,1,0,0,2,/f/forest/broadleaf/00000390.jpg
3380,059.California_Gull/California_Gull_0103_41044.jpg,1,0,0,2,/b/bamboo_forest/00004315.jpg
2637,046.Gadwall/Gadwall_0005_30924.jpg,1,0,0,2,/f/forest/broadleaf/00003209.jpg
2490,044.Frigatebird/Frigatebird_0001_43101.jpg,1,0,0,2,/b/bamboo_forest/00002582.jpg
3010,053.Western_Grebe/Western_Grebe_0067_36610.jpg,1,0,0,2,/f/forest/broadleaf/00000854.jpg
4126,071.Long_tailed_Jaeger/Long_Tailed_Jaeger_0050_797085.jpg,1,0,0,2,/f/forest/broadleaf/00004566.jpg
3822,066.Western_Gull/Western_Gull_0028_55680.jpg,1,0,0,2,/b/bamboo_forest/00003966.jpg
4997,086.Pacific_Loon/Pacific_Loon_0009_75642.jpg,1,0,0,2,/b/bamboo_forest/00003830.jpg
3334,058.Pigeon_Guillemot/Pigeon_Guillemot_0064_40044.jpg,1,0,0,2,/b/bamboo_forest/00004167.jpg
23,001.Black_footed_Albatross/Black_Footed_Albatross_0056_796078.jpg,1,0,0,2,/b/bamboo_forest/00004125.jpg
5850,100.Brown_Pelican/Brown_Pelican_0129_94074.jpg,1,0,0,2,/f/forest/broadleaf/00000157.jpg
3676,064.Ring_billed_Gull/Ring_Billed_Gull_0063_51256.jpg,1,0,0,2,/f/forest/broadleaf/00001744.jpg
2566,045.Northern_Fulmar/Northern_Fulmar_0039_43689.jpg,1,0,0,2,/b/bamboo_forest/00001968.jpg
3502,061.Heermann_Gull/Heermann_Gull_0044_45705.jpg,1,0,0,2,/b/bamboo_forest/00002479.jpg
339,007.Parakeet_Auklet/Parakeet_Auklet_0028_795944.jpg,1,0,0,2,/b/bamboo_forest/00004025.jpg
3635,063.Ivory_Gull/Ivory_Gull_0043_49755.jpg,1,0,0,2,/b/bamboo_forest/00000989.jpg
2994,052.Pied_billed_Grebe/Pied_Billed_Grebe_0058_35503.jpg,1,0,0,2,/b/bamboo_forest/00002355.jpg
6169,106.Horned_Puffin/Horned_Puffin_0066_100877.jpg,1,0,0,2,/b/bamboo_forest/00000548.jpg
3774,065.Slaty_backed_Gull/Slaty_Backed_Gull_0002_53238.jpg,1,0,0,2,/b/bamboo_forest/00002298.jpg
3611,063.Ivory_Gull/Ivory_Gull_0061_49416.jpg,1,0,0,2,/b/bamboo_forest/00001006.jpg
2946,051.Horned_Grebe/Horned_Grebe_0078_34799.jpg,1,0,0,2,/f/forest/broadleaf/00000283.jpg
3690,064.Ring_billed_Gull/Ring_Billed_Gull_0118_51322.jpg,1,0,0,2,/f/forest/broadleaf/00003094.jpg
5145,088.Western_Meadowlark/Western_Meadowlark_0052_77781.jpg,1,0,0,2,/f/forest/broadleaf/00003236.jpg
3352,058.Pigeon_Guillemot/Pigeon_Guillemot_0053_39876.jpg,1,0,0,2,/f/forest/broadleaf/00004661.jpg
8343,142.Black_Tern/Black_Tern_0010_144341.jpg,1,0,0,2,/b/bamboo_forest/00000081.jpg
299,006.Least_Auklet/Least_Auklet_0017_795084.jpg,1,0,0,2,/b/bamboo_forest/00004302.jpg
5064,087.Mallard/Mallard_0136_76593.jpg,1,0,0,2,/b/bamboo_forest/00000984.jpg
5170,089.Hooded_Merganser/Hooded_Merganser_0079_796768.jpg,1,0,0,2,/b/bamboo_forest/00002243.jpg
1308,024.Red_faced_Cormorant/Red_Faced_Cormorant_0065_796293.jpg,1,0,0,2,/f/forest/broadleaf/00004206.jpg
2598,046.Gadwall/Gadwall_0017_30979.jpg,1,0,0,2,/f/forest/broadleaf/00000203.jpg
1156,021.Eastern_Towhee/Eastern_Towhee_0050_22257.jpg,1,0,0,2,/b/bamboo_forest/00004102.jpg
2486,044.Frigatebird/Frigatebird_0012_43062.jpg,1,0,0,2,/b/bamboo_forest/00004913.jpg
8398,143.Caspian_Tern/Caspian_Tern_0107_145639.jpg,1,0,0,2,/f/forest/broadleaf/00002469.jpg
2560,045.Northern_Fulmar/Northern_Fulmar_0081_43912.jpg,1,0,0,2,/f/forest/broadleaf/00004879.jpg
3339,058.Pigeon_Guillemot/Pigeon_Guillemot_0105_40078.jpg,1,0,0,2,/b/bamboo_forest/00003015.jpg
1343,025.Pelagic_Cormorant/Pelagic_Cormorant_0054_23812.jpg,1,0,0,2,/b/bamboo_forest/00004762.jpg
3605,062.Herring_Gull/Herring_Gull_0065_48098.jpg,1,0,0,2,/b/bamboo_forest/00001734.jpg
3772,065.Slaty_backed_Gull/Slaty_Backed_Gull_0086_786387.jpg,1,0,0,2,/f/forest/broadleaf/00002480.jpg
331,007.Parakeet_Auklet/Parakeet_Auklet_0007_795932.jpg,1,0,0,2,/b/bamboo_forest/00004108.jpg
4113,071.Long_tailed_Jaeger/Long_Tailed_Jaeger_0039_797089.jpg,1,0,0,2,/b/bamboo_forest/00004282.jpg
3786,066.Western_Gull/Western_Gull_0128_53852.jpg,1,0,0,2,/f/forest/broadleaf/00000074.jpg
3338,058.Pigeon_Guillemot/Pigeon_Guillemot_0034_40074.jpg,1,0,0,2,/f/forest/broadleaf/00004666.jpg
5233,090.Red_breasted_Merganser/Red_Breasted_Merganser_0006_79216.jpg,1,0,0,2,/b/bamboo_forest/00002644.jpg
2986,052.Pied_billed_Grebe/Pied_Billed_Grebe_0024_35949.jpg,1,0,0,2,/b/bamboo_forest/00003199.jpg
5180,089.Hooded_Merganser/Hooded_Merganser_0078_78959.jpg,1,0,0,2,/b/bamboo_forest/00002401.jpg
1300,024.Red_faced_Cormorant/Red_Faced_Cormorant_0042_796277.jpg,1,0,0,2,/f/forest/broadleaf/00003469.jpg
3709,064.Ring_billed_Gull/Ring_Billed_Gull_0003_51480.jpg,1,0,0,2,/f/forest/broadleaf/00003649.jpg
2555,045.Northern_Fulmar/Northern_Fulmar_0014_43895.jpg,1,0,0,2,/b/bamboo_forest/00000474.jpg
5255,090.Red_breasted_Merganser/Red_Breasted_Merganser_0010_79567.jpg,1,0,0,2,/f/forest/broadleaf/00001728.jpg
5881,101.White_Pelican/White_Pelican_0067_95573.jpg,1,0,0,2,/b/bamboo_forest/00000759.jpg
2621,046.Gadwall/Gadwall_0076_31639.jpg,1,0,0,2,/b/bamboo_forest/00000117.jpg
3345,058.Pigeon_Guillemot/Pigeon_Guillemot_0005_40375.jpg,1,0,0,2,/f/forest/broadleaf/00002477.jpg
3634,063.Ivory_Gull/Ivory_Gull_0036_49754.jpg,1,0,0,2,/f/forest/broadleaf/00000403.jpg
5946,102.Western_Wood_Pewee/Western_Wood_Pewee_0041_795048.jpg,1,0,0,2,/b/bamboo_forest/00004203.jpg
5163,089.Hooded_Merganser/Hooded_Merganser_0013_796754.jpg,1,0,0,2,/f/forest/broadleaf/00003211.jpg
3802,066.Western_Gull/Western_Gull_0052_53485.jpg,1,0,0,2,/b/bamboo_forest/00004839.jpg
2854,050.Eared_Grebe/Eared_Grebe_0017_34139.jpg,1,0,0,2,/b/bamboo_forest/00000261.jpg
2568,045.Northern_Fulmar/Northern_Fulmar_0047_43698.jpg,1,0,0,2,/b/bamboo_forest/00000364.jpg
3044,053.Western_Grebe/Western_Grebe_0017_36218.jpg,1,0,0,2,/b/bamboo_forest/00002170.jpg
3332,058.Pigeon_Guillemot/Pigeon_Guillemot_0068_40039.jpg,1,0,0,2,/f/forest/broadleaf/00000308.jpg
3730,065.Slaty_backed_Gull/Slaty_Backed_Gull_0072_53314.jpg,1,0,0,2,/f/forest/broadleaf/00001152.jpg
152,003.Sooty_Albatross/Sooty_Albatross_0068_796353.jpg,1,0,0,2,/b/bamboo_forest/00002744.jpg
8400,143.Caspian_Tern/Caspian_Tern_0027_145899.jpg,1,0,0,2,/b/bamboo_forest/00000677.jpg
136,003.Sooty_Albatross/Sooty_Albatross_0032_1149.jpg,1,0,0,2,/f/forest/broadleaf/00002131.jpg
5058,087.Mallard/Mallard_0005_76026.jpg,1,0,0,2,/f/forest/broadleaf/00000502.jpg
177,003.Sooty_Albatross/Sooty_Albatross_0023_796401.jpg,1,0,0,2,/b/bamboo_forest/00003029.jpg
5890,101.White_Pelican/White_Pelican_0044_96028.jpg,1,0,0,2,/f/forest/broadleaf/00003210.jpg
359,007.Parakeet_Auklet/Parakeet_Auklet_0059_795973.jpg,1,0,0,2,/b/bamboo_forest/00003478.jpg
96,002.Laysan_Albatross/Laysan_Albatross_0076_671.jpg,1,0,0,2,/b/bamboo_forest/00000111.jpg
72,002.Laysan_Albatross/Laysan_Albatross_0065_809.jpg,1,0,0,2,/b/bamboo_forest/00004144.jpg
8479,145.Elegant_Tern/Elegant_Tern_0066_150864.jpg,1,0,0,2,/f/forest/broadleaf/00004329.jpg
5004,086.Pacific_Loon/Pacific_Loon_0067_75423.jpg,1,0,0,2,/b/bamboo_forest/00002430.jpg
117,002.Laysan_Albatross/Laysan_Albatross_0094_1013.jpg,1,0,0,2,/f/forest/broadleaf/00003490.jpg
1286,023.Brandt_Cormorant/Brandt_Cormorant_0063_22865.jpg,1,0,0,2,/b/bamboo_forest/00004593.jpg
5126,088.Western_Meadowlark/Western_Meadowlark_0109_77990.jpg,1,0,0,2,/f/forest/broadleaf/00002448.jpg
5212,090.Red_breasted_Merganser/Red_Breasted_Merganser_0055_79397.jpg,1,0,0,2,/f/forest/broadleaf/00002624.jpg
5208,090.Red_breasted_Merganser/Red_Breasted_Merganser_0071_79379.jpg,1,0,0,2,/b/bamboo_forest/00004888.jpg
8369,143.Caspian_Tern/Caspian_Tern_0055_146014.jpg,1,0,0,2,/f/forest/broadleaf/00000399.jpg
2841,050.Eared_Grebe/Eared_Grebe_0027_34341.jpg,1,0,0,2,/f/forest/broadleaf/00004086.jpg
4107,071.Long_tailed_Jaeger/Long_Tailed_Jaeger_0021_797083.jpg,1,0,0,2,/b/bamboo_forest/00004002.jpg
388,008.Rhinoceros_Auklet/Rhinoceros_Auklet_0016_2114.jpg,1,0,0,2,/b/bamboo_forest/00000878.jpg
3542,061.Heermann_Gull/Heermann_Gull_0079_45468.jpg,1,0,0,2,/b/bamboo_forest/00001782.jpg
6181,106.Horned_Puffin/Horned_Puffin_0004_100733.jpg,1,0,0,2,/f/forest/broadleaf/00004654.jpg
4871,084.Red_legged_Kittiwake/Red_Legged_Kittiwake_0045_795426.jpg,1,0,0,2,/f/forest/broadleaf/00000456.jpg
3835,066.Western_Gull/Western_Gull_0009_54768.jpg,1,0,0,2,/f/forest/broadleaf/00002886.jpg
3703,064.Ring_billed_Gull/Ring_Billed_Gull_0001_51416.jpg,1,0,0,2,/b/bamboo_forest/00004121.jpg
3678,064.Ring_billed_Gull/Ring_Billed_Gull_0027_51266.jpg,1,0,0,2,/b/bamboo_forest/00001649.jpg
3466,060.Glaucous_winged_Gull/Glaucous_Winged_Gull_0012_44264.jpg,1,0,0,2,/b/bamboo_forest/00000082.jpg
3507,061.Heermann_Gull/Heermann_Gull_0139_45749.jpg,1,0,0,2,/f/forest/broadleaf/00003233.jpg
3657,063.Ivory_Gull/Ivory_Gull_0027_48974.jpg,1,0,0,2,/f/forest/broadleaf/00001026.jpg
8616,147.Least_Tern/Least_Tern_0082_154396.jpg,1,0,0,2,/f/forest/broadleaf/00002819.jpg
8515,145.Elegant_Tern/Elegant_Tern_0061_150524.jpg,1,0,0,2,/b/bamboo_forest/00000086.jpg
8592,147.Least_Tern/Least_Tern_0075_153691.jpg,1,0,0,2,/f/forest/broadleaf/00003653.jpg
5819,100.Brown_Pelican/Brown_Pelican_0036_93843.jpg,1,0,0,2,/b/bamboo_forest/00003906.jpg
5841,100.Brown_Pelican/Brown_Pelican_0067_94529.jpg,1,0,0,2,/b/bamboo_forest/00004616.jpg
316,006.Least_Auklet/Least_Auklet_0024_795120.jpg,1,0,0,2,/f/forest/broadleaf/00002558.jpg
5869,101.White_Pelican/White_Pelican_0013_96901.jpg,1,0,0,2,/b/bamboo_forest/00004575.jpg
249,005.Crested_Auklet/Crested_Auklet_0005_794922.jpg,1,0,0,2,/b/bamboo_forest/00004204.jpg
3812,066.Western_Gull/Western_Gull_0036_54329.jpg,1,0,0,2,/b/bamboo_forest/00003154.jpg
1354,025.Pelagic_Cormorant/Pelagic_Cormorant_0088_23855.jpg,1,0,0,2,/b/bamboo_forest/00004663.jpg
310,006.Least_Auklet/Least_Auklet_0011_795109.jpg,1,0,0,2,/f/forest/broadleaf/00003701.jpg
102,002.Laysan_Albatross/Laysan_Albatross_0056_500.jpg,1,0,0,2,/f/forest/broadleaf/00000252.jpg
2602,046.Gadwall/Gadwall_0069_31291.jpg,1,0,0,2,/b/bamboo_forest/00004820.jpg
3741,065.Slaty_backed_Gull/Slaty_Backed_Gull_0006_796014.jpg,1,0,0,2,/b/bamboo_forest/00003039.jpg
5248,090.Red_breasted_Merganser/Red_Breasted_Merganser_0085_79285.jpg,1,0,0,2,/b/bamboo_forest/00003341.jpg
3030,053.Western_Grebe/Western_Grebe_0045_36425.jpg,1,0,0,2,/b/bamboo_forest/00001334.jpg
3561,062.Herring_Gull/Herring_Gull_0100_46677.jpg,1,0,0,2,/b/bamboo_forest/00004885.jpg
1294,024.Red_faced_Cormorant/Red_Faced_Cormorant_0072_796269.jpg,1,0,0,2,/f/forest/broadleaf/00000219.jpg
3775,065.Slaty_backed_Gull/Slaty_Backed_Gull_0029_45047.jpg,1,0,0,2,/f/forest/broadleaf/00000946.jpg
5836,100.Brown_Pelican/Brown_Pelican_0077_93464.jpg,1,0,0,2,/b/bamboo_forest/00003841.jpg
319,006.Least_Auklet/Least_Auklet_0057_795126.jpg,1,0,0,2,/b/bamboo_forest/00001700.jpg
8483,145.Elegant_Tern/Elegant_Tern_0070_147548.jpg,1,0,0,2,/b/bamboo_forest/00000191.jpg
8588,147.Least_Tern/Least_Tern_0095_154680.jpg,1,0,0,2,/f/forest/broadleaf/00002149.jpg
2544,045.Northern_Fulmar/Northern_Fulmar_0010_44112.jpg,1,0,0,2,/b/bamboo_forest/00000378.jpg
3369,059.California_Gull/California_Gull_0025_41479.jpg,1,0,0,2,/f/forest/broadleaf/00002093.jpg
8472,145.Elegant_Tern/Elegant_Tern_0083_150829.jpg,1,0,0,2,/f/forest/broadleaf/00000545.jpg
6179,106.Horned_Puffin/Horned_Puffin_0060_100726.jpg,1,0,0,2,/b/bamboo_forest/00002721.jpg
5030,087.Mallard/Mallard_0025_76465.jpg,1,0,0,2,/f/forest/broadleaf/00002212.jpg
3695,064.Ring_billed_Gull/Ring_Billed_Gull_0101_51375.jpg,1,0,0,2,/f/forest/broadleaf/00004628.jpg
342,007.Parakeet_Auklet/Parakeet_Auklet_0045_795953.jpg,1,0,0,2,/b/bamboo_forest/00001346.jpg
3375,059.California_Gull/California_Gull_0111_41033.jpg,1,0,0,2,/f/forest/broadleaf/00002388.jpg
2876,050.Eared_Grebe/Eared_Grebe_0016_34334.jpg,1,0,0,2,/f/forest/broadleaf/00004005.jpg
8301,142.Black_Tern/Black_Tern_0103_143956.jpg,1,0,0,2,/b/bamboo_forest/00001283.jpg
1149,021.Eastern_Towhee/Eastern_Towhee_0120_22189.jpg,1,0,0,2,/b/bamboo_forest/00002180.jpg
5063,087.Mallard/Mallard_0086_76567.jpg,1,0,0,2,/f/forest/broadleaf/00004237.jpg
270,005.Crested_Auklet/Crested_Auklet_0076_785252.jpg,1,0,0,2,/f/forest/broadleaf/00002003.jpg
4159,072.Pomarine_Jaeger/Pomarine_Jaeger_0007_795764.jpg,1,0,0,2,/f/forest/broadleaf/00001169.jpg
5935,102.Western_Wood_Pewee/Western_Wood_Pewee_0012_98031.jpg,1,0,0,2,/b/bamboo_forest/00001429.jpg
3043,053.Western_Grebe/Western_Grebe_0056_36216.jpg,1,0,0,2,/f/forest/broadleaf/00003606.jpg
8344,143.Caspian_Tern/Caspian_Tern_0015_145664.jpg,1,0,0,2,/b/bamboo_forest/00004842.jpg
8291,142.Black_Tern/Black_Tern_0013_143892.jpg,1,0,0,2,/b/bamboo_forest/00002271.jpg
5966,102.Western_Wood_Pewee/Western_Wood_Pewee_0081_98270.jpg,1,0,0,2,/f/forest/broadleaf/00000110.jpg
3824,066.Western_Gull/Western_Gull_0122_40866.jpg,1,0,0,2,/f/forest/broadleaf/00001024.jpg
8394,143.Caspian_Tern/Caspian_Tern_0046_145627.jpg,1,0,0,2,/f/forest/broadleaf/00001310.jpg
4878,084.Red_legged_Kittiwake/Red_Legged_Kittiwake_0072_795438.jpg,1,0,0,2,/b/bamboo_forest/00001458.jpg
5144,088.Western_Meadowlark/Western_Meadowlark_0069_78587.jpg,1,0,0,2,/b/bamboo_forest/00001737.jpg
138,003.Sooty_Albatross/Sooty_Albatross_0055_1160.jpg,1,0,0,2,/b/bamboo_forest/00002270.jpg
3311,058.Pigeon_Guillemot/Pigeon_Guillemot_0069_40278.jpg,1,0,0,2,/f/forest/broadleaf/00000178.jpg
4857,084.Red_legged_Kittiwake/Red_Legged_Kittiwake_0019_795398.jpg,1,0,0,2,/f/forest/broadleaf/00000678.jpg
3441,060.Glaucous_winged_Gull/Glaucous_Winged_Gull_0028_44628.jpg,1,0,0,2,/b/bamboo_forest/00004977.jpg
6151,106.Horned_Puffin/Horned_Puffin_0029_100888.jpg,1,0,0,2,/f/forest/broadleaf/00000911.jpg
3460,060.Glaucous_winged_Gull/Glaucous_Winged_Gull_0134_44743.jpg,1,0,0,2,/f/forest/broadleaf/00003546.jpg
8407,144.Common_Tern/Common_Tern_0025_147728.jpg,1,0,0,2,/f/forest/broadleaf/00004122.jpg
1287,023.Brandt_Cormorant/Brandt_Cormorant_0068_23019.jpg,1,0,0,2,/b/bamboo_forest/00003349.jpg
4975,086.Pacific_Loon/Pacific_Loon_0037_75800.jpg,1,0,0,2,/f/forest/broadleaf/00003184.jpg
4855,084.Red_legged_Kittiwake/Red_Legged_Kittiwake_0054_795396.jpg,1,0,0,2,/b/bamboo_forest/00002925.jpg
3024,053.Western_Grebe/Western_Grebe_0022_36148.jpg,1,0,0,2,/f/forest/broadleaf/00000952.jpg
5042,087.Mallard/Mallard_0077_75911.jpg,1,0,0,2,/b/bamboo_forest/00001804.jpg
5821,100.Brown_Pelican/Brown_Pelican_0123_94368.jpg,1,0,0,2,/f/forest/broadleaf/00001674.jpg
8337,142.Black_Tern/Black_Tern_0041_144103.jpg,1,0,0,2,/b/bamboo_forest/00001115.jpg
1384,025.Pelagic_Cormorant/Pelagic_Cormorant_0053_23760.jpg,1,0,0,2,/f/forest/broadleaf/00004589.jpg
8416,144.Common_Tern/Common_Tern_0029_148035.jpg,1,0,0,2,/f/forest/broadleaf/00001762.jpg
5866,101.White_Pelican/White_Pelican_0073_96260.jpg,1,0,0,2,/f/forest/broadleaf/00000964.jpg
4969,086.Pacific_Loon/Pacific_Loon_0013_75530.jpg,1,0,0,2,/f/forest/broadleaf/00002053.jpg
5008,086.Pacific_Loon/Pacific_Loon_0046_75439.jpg,1,0,0,2,/f/forest/broadleaf/00003991.jpg
5127,088.Western_Meadowlark/Western_Meadowlark_0058_78247.jpg,1,0,0,2,/f/forest/broadleaf/00001032.jpg
5037,087.Mallard/Mallard_0093_77419.jpg,1,0,0,2,/b/bamboo_forest/00004493.jpg
3790,066.Western_Gull/Western_Gull_0058_53882.jpg,1,0,0,2,/f/forest/broadleaf/00003633.jpg
4149,072.Pomarine_Jaeger/Pomarine_Jaeger_0022_795747.jpg,1,0,0,2,/f/forest/broadleaf/00004404.jpg
5956,102.Western_Wood_Pewee/Western_Wood_Pewee_0035_795062.jpg,1,0,0,2,/b/bamboo_forest/00002217.jpg
5845,100.Brown_Pelican/Brown_Pelican_0071_94549.jpg,1,0,0,2,/f/forest/broadleaf/00001552.jpg
5196,089.Hooded_Merganser/Hooded_Merganser_0032_79032.jpg,1,0,0,2,/f/forest/broadleaf/00002264.jpg
5128,088.Western_Meadowlark/Western_Meadowlark_0112_78760.jpg,1,0,0,2,/b/bamboo_forest/00000246.jpg
3031,053.Western_Grebe/Western_Grebe_0088_36428.jpg,1,0,0,2,/f/forest/broadleaf/00002027.jpg
1233,023.Brandt_Cormorant/Brandt_Cormorant_0014_23050.jpg,1,0,0,2,/f/forest/broadleaf/00003965.jpg
4985,086.Pacific_Loon/Pacific_Loon_0017_75835.jpg,1,0,0,2,/b/bamboo_forest/00001954.jpg
2573,045.Northern_Fulmar/Northern_Fulmar_0066_43714.jpg,1,0,0,2,/b/bamboo_forest/00000095.jpg
1282,023.Brandt_Cormorant/Brandt_Cormorant_0080_23002.jpg,1,0,0,2,/f/forest/broadleaf/00001849.jpg
3653,063.Ivory_Gull/Ivory_Gull_0055_49353.jpg,1,0,0,2,/f/forest/broadleaf/00004258.jpg
1242,023.Brandt_Cormorant/Brandt_Cormorant_0021_23097.jpg,1,0,0,2,/f/forest/broadleaf/00001643.jpg
20,001.Black_footed_Albatross/Black_Footed_Albatross_0067_170.jpg,1,0,0,2,/f/forest/broadleaf/00002698.jpg
5960,102.Western_Wood_Pewee/Western_Wood_Pewee_0004_98257.jpg,1,0,0,2,/f/forest/broadleaf/00004912.jpg
1278,023.Brandt_Cormorant/Brandt_Cormorant_0006_22925.jpg,1,0,0,2,/b/bamboo_forest/00002295.jpg
5842,100.Brown_Pelican/Brown_Pelican_0141_94533.jpg,1,0,0,2,/b/bamboo_forest/00004905.jpg
164,003.Sooty_Albatross/Sooty_Albatross_0072_796371.jpg,1,0,0,2,/f/forest/broadleaf/00003193.jpg
8312,142.Black_Tern/Black_Tern_0079_143998.jpg,1,0,0,2,/f/forest/broadleaf/00003062.jpg
3565,062.Herring_Gull/Herring_Gull_0047_46218.jpg,1,0,0,2,/f/forest/broadleaf/00004149.jpg
8381,143.Caspian_Tern/Caspian_Tern_0059_145582.jpg,1,0,0,2,/f/forest/broadleaf/00001696.jpg
3564,062.Herring_Gull/Herring_Gull_0116_47222.jpg,1,0,0,2,/b/bamboo_forest/00000050.jpg
392,008.Rhinoceros_Auklet/Rhinoceros_Auklet_0006_797512.jpg,1,0,0,2,/f/forest/broadleaf/00001251.jpg
4194,072.Pomarine_Jaeger/Pomarine_Jaeger_0031_61420.jpg,1,0,0,2,/b/bamboo_forest/00002795.jpg
5883,101.White_Pelican/White_Pelican_0079_97380.jpg,1,0,0,2,/b/bamboo_forest/00004195.jpg
5879,101.White_Pelican/White_Pelican_0037_95570.jpg,1,0,0,2,/b/bamboo_forest/00004172.jpg
3555,062.Herring_Gull/Herring_Gull_0094_47172.jpg,1,0,0,2,/b/bamboo_forest/00000817.jpg
3362,058.Pigeon_Guillemot/Pigeon_Guillemot_0072_39905.jpg,1,0,0,2,/b/bamboo_forest/00001728.jpg
2987,052.Pied_billed_Grebe/Pied_Billed_Grebe_0070_35472.jpg,1,0,0,2,/b/bamboo_forest/00002932.jpg
6180,106.Horned_Puffin/Horned_Puffin_0033_100731.jpg,1,0,0,2,/f/forest/broadleaf/00002109.jpg
3535,061.Heermann_Gull/Heermann_Gull_0020_45409.jpg,1,0,0,2,/b/bamboo_forest/00000971.jpg
1232,023.Brandt_Cormorant/Brandt_Cormorant_0029_23043.jpg,1,0,0,2,/f/forest/broadleaf/00000011.jpg
1171,021.Eastern_Towhee/Eastern_Towhee_0027_22372.jpg,1,0,0,2,/b/bamboo_forest/00002737.jpg
2896,051.Horned_Grebe/Horned_Grebe_0076_34841.jpg,1,0,0,2,/f/forest/broadleaf/00001381.jpg
361,007.Parakeet_Auklet/Parakeet_Auklet_0025_795975.jpg,1,0,0,2,/f/forest/broadleaf/00001011.jpg
2954,052.Pied_billed_Grebe/Pied_Billed_Grebe_0099_35872.jpg,1,0,0,2,/b/bamboo_forest/00001654.jpg
5204,089.Hooded_Merganser/Hooded_Merganser_0093_79075.jpg,1,0,0,2,/f/forest/broadleaf/00004585.jpg
261,005.Crested_Auklet/Crested_Auklet_0052_794952.jpg,1,0,0,2,/b/bamboo_forest/00003816.jpg
1360,025.Pelagic_Cormorant/Pelagic_Cormorant_0085_23821.jpg,1,0,0,2,/f/forest/broadleaf/00001821.jpg
3068,053.Western_Grebe/Western_Grebe_0007_36074.jpg,1,0,0,2,/b/bamboo_forest/00000674.jpg
1322,024.Red_faced_Cormorant/Red_Faced_Cormorant_0052_796316.jpg,1,0,0,2,/b/bamboo_forest/00001406.jpg
3365,058.Pigeon_Guillemot/Pigeon_Guillemot_0058_40184.jpg,1,0,0,2,/f/forest/broadleaf/00001006.jpg
3052,053.Western_Grebe/Western_Grebe_0050_36163.jpg,1,0,0,2,/b/bamboo_forest/00004063.jpg
5111,088.Western_Meadowlark/Western_Meadowlark_0017_78940.jpg,1,0,0,2,/f/forest/broadleaf/00003897.jpg
1314,024.Red_faced_Cormorant/Red_Faced_Cormorant_0037_796305.jpg,1,0,0,2,/f/forest/broadleaf/00001400.jpg
3578,062.Herring_Gull/Herring_Gull_0143_46461.jpg,1,0,0,2,/f/forest/broadleaf/00001934.jpg
56,001.Black_footed_Albatross/Black_Footed_Albatross_0069_796139.jpg,1,0,0,2,/f/forest/broadleaf/00001179.jpg
2647,046.Gadwall/Gadwall_0083_30959.jpg,1,0,0,2,/b/bamboo_forest/00000725.jpg
3587,062.Herring_Gull/Herring_Gull_0106_46930.jpg,1,0,0,2,/f/forest/broadleaf/00001924.jpg
5065,087.Mallard/Mallard_0095_76080.jpg,1,0,0,2,/b/bamboo_forest/00000472.jpg
4165,072.Pomarine_Jaeger/Pomarine_Jaeger_0001_795772.jpg,1,0,0,2,/b/bamboo_forest/00001045.jpg
8570,146.Forsters_Tern/Forsters_Tern_0080_152521.jpg,1,0,0,2,/b/bamboo_forest/00002736.jpg
3017,053.Western_Grebe/Western_Grebe_0092_36121.jpg,1,0,0,2,/f/forest/broadleaf/00004461.jpg
5040,087.Mallard/Mallard_0069_76926.jpg,1,0,0,2,/f/forest/broadleaf/00001970.jpg
8557,146.Forsters_Tern/Forsters_Tern_0127_150418.jpg,1,0,0,2,/f/forest/broadleaf/00000862.jpg
143,003.Sooty_Albatross/Sooty_Albatross_0021_796339.jpg,1,0,0,2,/f/forest/broadleaf/00004411.jpg
2585,045.Northern_Fulmar/Northern_Fulmar_0004_43755.jpg,1,0,0,2,/b/bamboo_forest/00002861.jpg
3675,064.Ring_billed_Gull/Ring_Billed_Gull_0129_51246.jpg,1,0,0,2,/f/forest/broadleaf/00003265.jpg
5900,101.White_Pelican/White_Pelican_0075_96422.jpg,1,0,0,2,/b/bamboo_forest/00003832.jpg
8427,144.Common_Tern/Common_Tern_0079_148844.jpg,1,0,0,2,/b/bamboo_forest/00001771.jpg
3310,058.Pigeon_Guillemot/Pigeon_Guillemot_0018_40195.jpg,1,0,0,2,/f/forest/broadleaf/00000673.jpg
3042,053.Western_Grebe/Western_Grebe_0037_36469.jpg,1,0,0,2,/b/bamboo_forest/00000125.jpg
3833,066.Western_Gull/Western_Gull_0115_54950.jpg,1,0,0,2,/b/bamboo_forest/00001823.jpg
160,003.Sooty_Albatross/Sooty_Albatross_0041_796364.jpg,1,0,0,2,/f/forest/broadleaf/00004686.jpg
8437,144.Common_Tern/Common_Tern_0049_149159.jpg,1,0,0,2,/f/forest/broadleaf/00004711.jpg
8286,142.Black_Tern/Black_Tern_0090_143880.jpg,1,0,0,2,/b/bamboo_forest/00003768.jpg
4994,086.Pacific_Loon/Pacific_Loon_0063_75865.jpg,1,0,0,2,/b/bamboo_forest/00004161.jpg
5200,089.Hooded_Merganser/Hooded_Merganser_0070_79054.jpg,1,0,0,2,/b/bamboo_forest/00001614.jpg
3069,053.Western_Grebe/Western_Grebe_0061_36181.jpg,1,0,0,2,/b/bamboo_forest/00004411.jpg
3395,059.California_Gull/California_Gull_0092_41300.jpg,1,0,0,2,/f/forest/broadleaf/00003102.jpg
5222,090.Red_breasted_Merganser/Red_Breasted_Merganser_0002_79447.jpg,1,0,0,2,/f/forest/broadleaf/00002983.jpg
8576,146.Forsters_Tern/Forsters_Tern_0062_151780.jpg,1,0,0,2,/f/forest/broadleaf/00001184.jpg
3747,065.Slaty_backed_Gull/Slaty_Backed_Gull_0058_796024.jpg,1,0,0,2,/b/bamboo_forest/00002875.jpg
3715,064.Ring_billed_Gull/Ring_Billed_Gull_0092_51521.jpg,1,0,0,2,/f/forest/broadleaf/00000352.jpg
5828,100.Brown_Pelican/Brown_Pelican_0068_94430.jpg,1,0,0,2,/f/forest/broadleaf/00000566.jpg
3065,053.Western_Grebe/Western_Grebe_0080_36310.jpg,1,0,0,2,/b/bamboo_forest/00003425.jpg
8533,146.Forsters_Tern/Forsters_Tern_0007_152110.jpg,1,0,0,2,/b/bamboo_forest/00003092.jpg
5891,101.White_Pelican/White_Pelican_0084_95877.jpg,1,0,0,2,/b/bamboo_forest/00001945.jpg
4111,071.Long_tailed_Jaeger/Long_Tailed_Jaeger_0048_797087.jpg,1,0,0,2,/f/forest/broadleaf/00002002.jpg
5913,101.White_Pelican/White_Pelican_0054_97528.jpg,1,0,0,2,/b/bamboo_forest/00003020.jpg
77,002.Laysan_Albatross/Laysan_Albatross_0055_570.jpg,1,0,0,2,/b/bamboo_forest/00004639.jpg
5957,102.Western_Wood_Pewee/Western_Wood_Pewee_0039_795063.jpg,1,0,0,2,/b/bamboo_forest/00003580.jpg
5032,087.Mallard/Mallard_0082_75954.jpg,1,0,0,2,/b/bamboo_forest/00004356.jpg
1368,025.Pelagic_Cormorant/Pelagic_Cormorant_0011_23667.jpg,1,0,0,2,/b/bamboo_forest/00000418.jpg
3689,064.Ring_billed_Gull/Ring_Billed_Gull_0070_51316.jpg,1,0,0,2,/b/bamboo_forest/00000192.jpg
378,008.Rhinoceros_Auklet/Rhinoceros_Auklet_0020_2195.jpg,1,0,0,2,/b/bamboo_forest/00002668.jpg
8290,142.Black_Tern/Black_Tern_0080_144130.jpg,1,0,0,2,/b/bamboo_forest/00001668.jpg
3583,062.Herring_Gull/Herring_Gull_0075_48935.jpg,1,0,0,2,/f/forest/broadleaf/00000640.jpg
8520,145.Elegant_Tern/Elegant_Tern_0076_150519.jpg,1,0,0,2,/b/bamboo_forest/00000231.jpg
3706,064.Ring_billed_Gull/Ring_Billed_Gull_0028_51454.jpg,1,0,0,2,/f/forest/broadleaf/00000744.jpg
402,008.Rhinoceros_Auklet/Rhinoceros_Auklet_0024_797529.jpg,1,0,0,2,/b/bamboo_forest/00000938.jpg
417,008.Rhinoceros_Auklet/Rhinoceros_Auklet_0015_2160.jpg,1,0,0,2,/f/forest/broadleaf/00000205.jpg
5129,088.Western_Meadowlark/Western_Meadowlark_0081_77798.jpg,1,0,0,2,/f/forest/broadleaf/00004611.jpg
110,002.Laysan_Albatross/Laysan_Albatross_0040_472.jpg,1,0,0,2,/b/bamboo_forest/00003781.jpg
4899,084.Red_legged_Kittiwake/Red_Legged_Kittiwake_0027_795454.jpg,1,0,0,2,/f/forest/broadleaf/00002447.jpg
2886,050.Eared_Grebe/Eared_Grebe_0040_34340.jpg,1,0,0,2,/b/bamboo_forest/00001494.jpg
5947,102.Western_Wood_Pewee/Western_Wood_Pewee_0003_795050.jpg,1,0,0,2,/f/forest/broadleaf/00001909.jpg
3435,060.Glaucous_winged_Gull/Glaucous_Winged_Gull_0023_45090.jpg,1,0,0,2,/f/forest/broadleaf/00002104.jpg
4137,072.Pomarine_Jaeger/Pomarine_Jaeger_0038_61446.jpg,1,0,0,2,/f/forest/broadleaf/00004839.jpg
2881,050.Eared_Grebe/Eared_Grebe_0062_34249.jpg,1,0,0,2,/f/forest/broadleaf/00004022.jpg
131,003.Sooty_Albatross/Sooty_Albatross_0070_796346.jpg,1,0,0,2,/f/forest/broadleaf/00000099.jpg
3036,053.Western_Grebe/Western_Grebe_0014_36185.jpg,1,0,0,2,/f/forest/broadleaf/00001255.jpg
8521,145.Elegant_Tern/Elegant_Tern_0014_150523.jpg,1,0,0,2,/f/forest/broadleaf/00002776.jpg
8456,144.Common_Tern/Common_Tern_0118_148201.jpg,1,0,0,2,/f/forest/broadleaf/00003716.jpg
4992,086.Pacific_Loon/Pacific_Loon_0057_75854.jpg,1,0,0,2,/b/bamboo_forest/00004537.jpg
3816,066.Western_Gull/Western_Gull_0090_53603.jpg,1,0,0,2,/b/bamboo_forest/00003973.jpg
3700,064.Ring_billed_Gull/Ring_Billed_Gull_0098_51410.jpg,1,0,0,2,/b/bamboo_forest/00000305.jpg
1402,025.Pelagic_Cormorant/Pelagic_Cormorant_0061_23548.jpg,1,0,0,2,/f/forest/broadleaf/00000216.jpg
3518,061.Heermann_Gull/Heermann_Gull_0142_45798.jpg,1,0,0,2,/f/forest/broadleaf/00002338.jpg
5914,101.White_Pelican/White_Pelican_0024_96554.jpg,1,0,0,2,/b/bamboo_forest/00000902.jpg
3795,066.Western_Gull/Western_Gull_0057_55312.jpg,1,0,0,2,/b/bamboo_forest/00004542.jpg
3597,062.Herring_Gull/Herring_Gull_0026_48041.jpg,1,0,0,2,/f/forest/broadleaf/00001103.jpg
8391,143.Caspian_Tern/Caspian_Tern_0075_147650.jpg,1,0,0,2,/f/forest/broadleaf/00003953.jpg
6144,106.Horned_Puffin/Horned_Puffin_0016_100993.jpg,1,0,0,2,/b/bamboo_forest/00003634.jpg
11,001.Black_footed_Albatross/Black_Footed_Albatross_0023_796059.jpg,1,0,0,2,/f/forest/broadleaf/00003068.jpg
8513,145.Elegant_Tern/Elegant_Tern_0029_150494.jpg,1,0,0,2,/f/forest/broadleaf/00004171.jpg
6194,106.Horned_Puffin/Horned_Puffin_0081_101054.jpg,1,0,0,2,/b/bamboo_forest/00001059.jpg
15,001.Black_footed_Albatross/Black_Footed_Albatross_0040_796066.jpg,1,0,0,2,/f/forest/broadleaf/00003074.jpg
1126,021.Eastern_Towhee/Eastern_Towhee_0075_22588.jpg,1,0,0,2,/b/bamboo_forest/00004946.jpg
1140,021.Eastern_Towhee/Eastern_Towhee_0021_22152.jpg,1,0,0,2,/b/bamboo_forest/00004157.jpg
4154,072.Pomarine_Jaeger/Pomarine_Jaeger_0060_795756.jpg,1,0,0,2,/f/forest/broadleaf/00003128.jpg
1307,024.Red_faced_Cormorant/Red_Faced_Cormorant_0034_23425.jpg,1,0,0,2,/b/bamboo_forest/00003933.jpg
8265,141.Artic_Tern/Artic_Tern_0111_143101.jpg,1,0,0,2,/b/bamboo_forest/00000576.jpg
2832,050.Eared_Grebe/Eared_Grebe_0068_34052.jpg,1,0,0,2,/b/bamboo_forest/00001365.jpg
2860,050.Eared_Grebe/Eared_Grebe_0041_34157.jpg,1,0,0,2,/f/forest/broadleaf/00001620.jpg
3381,059.California_Gull/California_Gull_0052_41047.jpg,1,0,0,2,/b/bamboo_forest/00003968.jpg
8306,142.Black_Tern/Black_Tern_0015_143979.jpg,1,0,0,2,/b/bamboo_forest/00002399.jpg
400,008.Rhinoceros_Auklet/Rhinoceros_Auklet_0007_797521.jpg,1,0,0,2,/f/forest/broadleaf/00001836.jpg
385,008.Rhinoceros_Auklet/Rhinoceros_Auklet_0023_797501.jpg,1,0,0,2,/f/forest/broadleaf/00000026.jpg
2522,044.Frigatebird/Frigatebird_0021_42913.jpg,1,0,0,2,/f/forest/broadleaf/00003304.jpg
3724,064.Ring_billed_Gull/Ring_Billed_Gull_0108_51108.jpg,1,0,0,2,/b/bamboo_forest/00003717.jpg
5857,100.Brown_Pelican/Brown_Pelican_0011_94683.jpg,1,0,0,2,/f/forest/broadleaf/00004740.jpg
1358,025.Pelagic_Cormorant/Pelagic_Cormorant_0062_23623.jpg,1,0,0,2,/b/bamboo_forest/00003699.jpg
2528,044.Frigatebird/Frigatebird_0090_43511.jpg,1,0,0,2,/f/forest/broadleaf/00000030.jpg
3785,066.Western_Gull/Western_Gull_0042_53843.jpg,1,0,0,2,/f/forest/broadleaf/00000090.jpg
3721,064.Ring_billed_Gull/Ring_Billed_Gull_0050_51567.jpg,1,0,0,2,/f/forest/broadleaf/00002241.jpg
8523,145.Elegant_Tern/Elegant_Tern_0068_150526.jpg,1,0,0,2,/f/forest/broadleaf/00004015.jpg
5185,089.Hooded_Merganser/Hooded_Merganser_0075_78977.jpg,1,0,0,2,/b/bamboo_forest/00004876.jpg
8335,142.Black_Tern/Black_Tern_0055_144607.jpg,1,0,0,2,/b/bamboo_forest/00003750.jpg
3325,058.Pigeon_Guillemot/Pigeon_Guillemot_0019_40515.jpg,1,0,0,2,/b/bamboo_forest/00002111.jpg
5231,090.Red_breasted_Merganser/Red_Breasted_Merganser_0062_79548.jpg,1,0,0,2,/b/bamboo_forest/00003752.jpg
262,005.Crested_Auklet/Crested_Auklet_0012_794960.jpg,1,0,0,2,/b/bamboo_forest/00000085.jpg
122,003.Sooty_Albatross/Sooty_Albatross_0031_1066.jpg,1,0,0,2,/b/bamboo_forest/00004710.jpg
5961,102.Western_Wood_Pewee/Western_Wood_Pewee_0076_98002.jpg,1,0,0,2,/b/bamboo_forest/00004071.jpg
60,001.Black_footed_Albatross/Black_Footed_Albatross_0081_426.jpg,1,0,0,2,/b/bamboo_forest/00001619.jpg
2487,044.Frigatebird/Frigatebird_0080_43064.jpg,1,0,0,2,/f/forest/broadleaf/00001815.jpg
3694,064.Ring_billed_Gull/Ring_Billed_Gull_0131_51370.jpg,1,0,0,2,/b/bamboo_forest/00003716.jpg
5087,088.Western_Meadowlark/Western_Meadowlark_0120_77834.jpg,1,0,0,2,/b/bamboo_forest/00003133.jpg
8564,146.Forsters_Tern/Forsters_Tern_0045_151227.jpg,1,0,0,2,/f/forest/broadleaf/00001646.jpg
1303,024.Red_faced_Cormorant/Red_Faced_Cormorant_0007_796280.jpg,1,0,0,2,/f/forest/broadleaf/00000888.jpg
1344,025.Pelagic_Cormorant/Pelagic_Cormorant_0083_23557.jpg,1,0,0,2,/b/bamboo_forest/00003670.jpg
2944,051.Horned_Grebe/Horned_Grebe_0068_35111.jpg,1,0,0,2,/b/bamboo_forest/00003446.jpg
5264,090.Red_breasted_Merganser/Red_Breasted_Merganser_0033_79353.jpg,1,0,0,2,/b/bamboo_forest/00001217.jpg
105,002.Laysan_Albatross/Laysan_Albatross_0073_927.jpg,1,0,0,2,/f/forest/broadleaf/00000007.jpg
128,003.Sooty_Albatross/Sooty_Albatross_0063_1101.jpg,1,0,0,2,/f/forest/broadleaf/00002144.jpg
1334,024.Red_faced_Cormorant/Red_Faced_Cormorant_0073_796332.jpg,1,0,0,2,/b/bamboo_forest/00001202.jpg
3355,058.Pigeon_Guillemot/Pigeon_Guillemot_0077_39885.jpg,1,0,0,2,/b/bamboo_forest/00003512.jpg
1146,021.Eastern_Towhee/Eastern_Towhee_0007_22172.jpg,1,0,0,2,/f/forest/broadleaf/00004939.jpg
3770,065.Slaty_backed_Gull/Slaty_Backed_Gull_0084_786383.jpg,1,0,0,2,/b/bamboo_forest/00003044.jpg
8303,142.Black_Tern/Black_Tern_0063_144731.jpg,1,0,0,2,/b/bamboo_forest/00004547.jpg
5131,088.Western_Meadowlark/Western_Meadowlark_0044_77758.jpg,1,0,0,2,/b/bamboo_forest/00001275.jpg
8305,142.Black_Tern/Black_Tern_0046_144229.jpg,1,0,0,2,/f/forest/broadleaf/00004396.jpg
8516,145.Elegant_Tern/Elegant_Tern_0028_151019.jpg,1,0,0,2,/f/forest/broadleaf/00000536.jpg
2479,044.Frigatebird/Frigatebird_0051_43043.jpg,1,0,0,2,/b/bamboo_forest/00002023.jpg
1338,024.Red_faced_Cormorant/Red_Faced_Cormorant_0033_796337.jpg,1,0,0,2,/b/bamboo_forest/00002220.jpg
4860,084.Red_legged_Kittiwake/Red_Legged_Kittiwake_0007_795402.jpg,1,0,0,2,/b/bamboo_forest/00003632.jpg
1349,025.Pelagic_Cormorant/Pelagic_Cormorant_0084_23836.jpg,1,0,0,2,/b/bamboo_forest/00001742.jpg
8615,147.Least_Tern/Least_Tern_0092_153361.jpg,1,0,0,2,/b/bamboo_forest/00003719.jpg
53,001.Black_footed_Albatross/Black_Footed_Albatross_0068_796135.jpg,1,0,0,2,/b/bamboo_forest/00002444.jpg
51,001.Black_footed_Albatross/Black_Footed_Albatross_0039_796132.jpg,1,0,0,2,/b/bamboo_forest/00004846.jpg
4896,084.Red_legged_Kittiwake/Red_Legged_Kittiwake_0036_73814.jpg,1,0,0,2,/f/forest/broadleaf/00004114.jpg
30,001.Black_footed_Albatross/Black_Footed_Albatross_0080_796096.jpg,1,0,0,2,/f/forest/broadleaf/00000053.jpg
2937,051.Horned_Grebe/Horned_Grebe_0088_35023.jpg,1,0,0,2,/f/forest/broadleaf/00004031.jpg
2996,052.Pied_billed_Grebe/Pied_Billed_Grebe_0120_35764.jpg,1,0,0,2,/b/bamboo_forest/00002831.jpg
3739,065.Slaty_backed_Gull/Slaty_Backed_Gull_0020_796012.jpg,1,0,0,2,/f/forest/broadleaf/00000226.jpg
3595,062.Herring_Gull/Herring_Gull_0139_47006.jpg,1,0,0,2,/f/forest/broadleaf/00003895.jpg
4904,084.Red_legged_Kittiwake/Red_Legged_Kittiwake_0044_795388.jpg,1,0,0,2,/f/forest/broadleaf/00002414.jpg
3506,061.Heermann_Gull/Heermann_Gull_0112_45748.jpg,1,0,0,2,/b/bamboo_forest/00002134.jpg
2587,045.Northern_Fulmar/Northern_Fulmar_0046_43760.jpg,1,0,0,2,/b/bamboo_forest/00001267.jpg
8638,147.Least_Tern/Least_Tern_0048_153550.jpg,1,0,0,2,/b/bamboo_forest/00004304.jpg
75,002.Laysan_Albatross/Laysan_Albatross_0005_565.jpg,1,0,0,2,/b/bamboo_forest/00003214.jpg
3628,063.Ivory_Gull/Ivory_Gull_0098_49810.jpg,1,0,0,2,/f/forest/broadleaf/00004588.jpg
2855,050.Eared_Grebe/Eared_Grebe_0034_34142.jpg,1,0,0,2,/b/bamboo_forest/00002432.jpg
2565,045.Northern_Fulmar/Northern_Fulmar_0043_43685.jpg,1,0,0,2,/f/forest/broadleaf/00004956.jpg
5038,087.Mallard/Mallard_0114_76924.jpg,1,0,0,2,/f/forest/broadleaf/00004963.jpg
5174,089.Hooded_Merganser/Hooded_Merganser_0090_796774.jpg,1,0,0,2,/f/forest/broadleaf/00000710.jpg
5892,101.White_Pelican/White_Pelican_0012_97261.jpg,1,0,0,2,/b/bamboo_forest/00003767.jpg
3482,060.Glaucous_winged_Gull/Glaucous_Winged_Gull_0132_44435.jpg,1,0,0,2,/b/bamboo_forest/00004577.jpg
4880,084.Red_legged_Kittiwake/Red_Legged_Kittiwake_0049_795440.jpg,1,0,0,2,/b/bamboo_forest/00002692.jpg
3794,066.Western_Gull/Western_Gull_0098_53925.jpg,1,0,0,2,/b/bamboo_forest/00002710.jpg
5088,088.Western_Meadowlark/Western_Meadowlark_0003_78864.jpg,1,0,0,2,/b/bamboo_forest/00000546.jpg
3003,052.Pied_billed_Grebe/Pied_Billed_Grebe_0125_35322.jpg,1,0,0,2,/b/bamboo_forest/00003826.jpg
2865,050.Eared_Grebe/Eared_Grebe_0058_34174.jpg,1,0,0,2,/f/forest/broadleaf/00000079.jpg
3040,053.Western_Grebe/Western_Grebe_0028_36196.jpg,1,0,0,2,/b/bamboo_forest/00004126.jpg
3488,061.Heermann_Gull/Heermann_Gull_0076_45597.jpg,1,0,0,2,/b/bamboo_forest/00004662.jpg
8625,147.Least_Tern/Least_Tern_0056_153965.jpg,1,0,0,2,/f/forest/broadleaf/00003968.jpg
2529,044.Frigatebird/Frigatebird_0070_43516.jpg,1,0,0,2,/b/bamboo_forest/00000930.jpg
8256,141.Artic_Tern/Artic_Tern_0090_143583.jpg,1,0,0,2,/f/forest/broadleaf/00000149.jpg
1251,023.Brandt_Cormorant/Brandt_Cormorant_0070_23137.jpg,1,0,0,2,/f/forest/broadleaf/00003282.jpg
1375,025.Pelagic_Cormorant/Pelagic_Cormorant_0044_23536.jpg,1,0,0,2,/f/forest/broadleaf/00000318.jpg
313,006.Least_Auklet/Least_Auklet_0030_795116.jpg,1,0,0,2,/f/forest/broadleaf/00002977.jpg
3780,066.Western_Gull/Western_Gull_0002_54825.jpg,1,0,0,2,/f/forest/broadleaf/00004918.jpg
1134,021.Eastern_Towhee/Eastern_Towhee_0126_22639.jpg,1,0,0,2,/b/bamboo_forest/00003673.jpg
3743,065.Slaty_backed_Gull/Slaty_Backed_Gull_0077_796017.jpg,1,0,0,2,/f/forest/broadleaf/00003443.jpg
375,007.Parakeet_Auklet/Parakeet_Auklet_0078_2004.jpg,1,0,0,2,/f/forest/broadleaf/00002829.jpg
3630,063.Ivory_Gull/Ivory_Gull_0117_49227.jpg,1,0,0,2,/f/forest/broadleaf/00004981.jpg
3407,059.California_Gull/California_Gull_0076_40788.jpg,1,0,0,2,/f/forest/broadleaf/00004685.jpg
2955,052.Pied_billed_Grebe/Pied_Billed_Grebe_0115_35362.jpg,1,0,0,2,/f/forest/broadleaf/00003739.jpg
8502,145.Elegant_Tern/Elegant_Tern_0009_150954.jpg,1,0,0,2,/b/bamboo_forest/00003474.jpg
4882,084.Red_legged_Kittiwake/Red_Legged_Kittiwake_0031_795442.jpg,1,0,0,2,/f/forest/broadleaf/00004004.jpg
3509,061.Heermann_Gull/Heermann_Gull_0098_45753.jpg,1,0,0,2,/f/forest/broadleaf/00004532.jpg
3048,053.Western_Grebe/Western_Grebe_0001_36481.jpg,1,0,0,2,/b/bamboo_forest/00003200.jpg
8499,145.Elegant_Tern/Elegant_Tern_0048_150693.jpg,1,0,0,2,/b/bamboo_forest/00001350.jpg
3324,058.Pigeon_Guillemot/Pigeon_Guillemot_0025_40511.jpg,1,0,0,2,/b/bamboo_forest/00000183.jpg
3385,059.California_Gull/California_Gull_0006_41079.jpg,1,0,0,2,/b/bamboo_forest/00004101.jpg
2970,052.Pied_billed_Grebe/Pied_Billed_Grebe_0072_35939.jpg,1,0,0,2,/f/forest/broadleaf/00001517.jpg
393,008.Rhinoceros_Auklet/Rhinoceros_Auklet_0019_797513.jpg,1,0,0,2,/f/forest/broadleaf/00004516.jpg
338,007.Parakeet_Auklet/Parakeet_Auklet_0036_795943.jpg,1,0,0,2,/f/forest/broadleaf/00002953.jpg
5159,089.Hooded_Merganser/Hooded_Merganser_0057_796742.jpg,1,0,0,2,/b/bamboo_forest/00002723.jpg
5130,088.Western_Meadowlark/Western_Meadowlark_0085_77745.jpg,1,0,0,2,/b/bamboo_forest/00004390.jpg
4183,072.Pomarine_Jaeger/Pomarine_Jaeger_0039_61348.jpg,1,0,0,2,/b/bamboo_forest/00000773.jpg
5003,086.Pacific_Loon/Pacific_Loon_0019_75422.jpg,1,0,0,2,/b/bamboo_forest/00000806.jpg
8449,144.Common_Tern/Common_Tern_0077_149196.jpg,1,0,0,2,/b/bamboo_forest/00004894.jpg
5023,086.Pacific_Loon/Pacific_Loon_0051_75514.jpg,1,0,0,2,/b/bamboo_forest/00002634.jpg
1129,021.Eastern_Towhee/Eastern_Towhee_0074_22620.jpg,1,0,0,2,/f/forest/broadleaf/00001716.jpg
6182,106.Horned_Puffin/Horned_Puffin_0067_100737.jpg,1,0,0,2,/b/bamboo_forest/00000173.jpg
3567,062.Herring_Gull/Herring_Gull_0024_48309.jpg,1,0,0,2,/b/bamboo_forest/00004202.jpg
2964,052.Pied_billed_Grebe/Pied_Billed_Grebe_0048_35670.jpg,1,0,0,2,/b/bamboo_forest/00001697.jpg
8280,141.Artic_Tern/Artic_Tern_0052_143244.jpg,1,0,0,2,/b/bamboo_forest/00003462.jpg
140,003.Sooty_Albatross/Sooty_Albatross_0045_1162.jpg,1,0,0,2,/f/forest/broadleaf/00002965.jpg
8267,141.Artic_Tern/Artic_Tern_0124_142121.jpg,1,0,0,2,/b/bamboo_forest/00000534.jpg
1357,025.Pelagic_Cormorant/Pelagic_Cormorant_0017_23875.jpg,1,0,0,2,/b/bamboo_forest/00004037.jpg
1298,024.Red_faced_Cormorant/Red_Faced_Cormorant_0002_796275.jpg,1,0,0,2,/b/bamboo_forest/00002225.jpg
1346,025.Pelagic_Cormorant/Pelagic_Cormorant_0012_23565.jpg,1,0,0,2,/f/forest/broadleaf/00003053.jpg
3586,062.Herring_Gull/Herring_Gull_0084_46406.jpg,1,0,0,2,/f/forest/broadleaf/00004180.jpg
3517,061.Heermann_Gull/Heermann_Gull_0115_45797.jpg,1,0,0,2,/f/forest/broadleaf/00004704.jpg
2931,051.Horned_Grebe/Horned_Grebe_0033_34736.jpg,1,0,0,2,/f/forest/broadleaf/00004041.jpg
4124,071.Long_tailed_Jaeger/Long_Tailed_Jaeger_0029_61101.jpg,1,0,0,2,/f/forest/broadleaf/00004327.jpg
8279,141.Artic_Tern/Artic_Tern_0063_142495.jpg,1,0,0,2,/b/bamboo_forest/00000512.jpg
3396,059.California_Gull/California_Gull_0121_41196.jpg,1,0,0,2,/f/forest/broadleaf/00001392.jpg
4193,072.Pomarine_Jaeger/Pomarine_Jaeger_0036_61410.jpg,1,0,0,2,/b/bamboo_forest/00002485.jpg
2471,044.Frigatebird/Frigatebird_0057_43016.jpg,1,0,0,2,/f/forest/broadleaf/00004001.jpg
8409,144.Common_Tern/Common_Tern_0067_149540.jpg,1,0,0,2,/b/bamboo_forest/00001180.jpg
8569,146.Forsters_Tern/Forsters_Tern_0075_152258.jpg,1,0,0,2,/f/forest/broadleaf/00000642.jpg
3374,059.California_Gull/California_Gull_0053_41011.jpg,1,0,0,2,/b/bamboo_forest/00003552.jpg
8429,144.Common_Tern/Common_Tern_0070_150292.jpg,1,0,0,2,/f/forest/broadleaf/00002330.jpg
3033,053.Western_Grebe/Western_Grebe_0075_36435.jpg,1,0,0,2,/b/bamboo_forest/00004834.jpg
5035,087.Mallard/Mallard_0061_76378.jpg,1,0,0,2,/b/bamboo_forest/00003176.jpg
5143,088.Western_Meadowlark/Western_Meadowlark_0021_78841.jpg,1,0,0,2,/b/bamboo_forest/00002800.jpg
3501,061.Heermann_Gull/Heermann_Gull_0130_45700.jpg,1,0,0,2,/b/bamboo_forest/00003954.jpg
285,006.Least_Auklet/Least_Auklet_0058_1931.jpg,1,0,0,2,/f/forest/broadleaf/00002015.jpg
273,005.Crested_Auklet/Crested_Auklet_0077_785257.jpg,1,0,0,2,/b/bamboo_forest/00003481.jpg
8302,142.Black_Tern/Black_Tern_0061_143959.jpg,1,0,0,2,/f/forest/broadleaf/00002096.jpg
3471,060.Glaucous_winged_Gull/Glaucous_Winged_Gull_0014_44832.jpg,1,0,0,2,/f/forest/broadleaf/00000918.jpg
8295,142.Black_Tern/Black_Tern_0019_144680.jpg,1,0,0,2,/b/bamboo_forest/00003330.jpg
3512,061.Heermann_Gull/Heermann_Gull_0032_45774.jpg,1,0,0,2,/f/forest/broadleaf/00002921.jpg
6188,106.Horned_Puffin/Horned_Puffin_0056_101030.jpg,1,0,0,2,/f/forest/broadleaf/00004719.jpg
8500,145.Elegant_Tern/Elegant_Tern_0052_150695.jpg,1,0,0,2,/f/forest/broadleaf/00000576.jpg
5811,100.Brown_Pelican/Brown_Pelican_0086_93757.jpg,1,0,0,2,/b/bamboo_forest/00002761.jpg
349,007.Parakeet_Auklet/Parakeet_Auklet_0042_795961.jpg,1,0,0,2,/f/forest/broadleaf/00001608.jpg
5948,102.Western_Wood_Pewee/Western_Wood_Pewee_0040_795051.jpg,1,0,0,2,/f/forest/broadleaf/00001928.jpg
141,003.Sooty_Albatross/Sooty_Albatross_0073_1171.jpg,1,0,0,2,/b/bamboo_forest/00004473.jpg
2856,050.Eared_Grebe/Eared_Grebe_0013_34150.jpg,1,0,0,2,/b/bamboo_forest/00000206.jpg
8370,143.Caspian_Tern/Caspian_Tern_0123_145774.jpg,1,0,0,2,/f/forest/broadleaf/00004964.jpg
328,007.Parakeet_Auklet/Parakeet_Auklet_0012_795927.jpg,1,0,0,2,/b/bamboo_forest/00002105.jpg
3640,063.Ivory_Gull/Ivory_Gull_0005_49021.jpg,1,0,0,2,/b/bamboo_forest/00004727.jpg
8229,141.Artic_Tern/Artic_Tern_0085_142083.jpg,1,0,0,2,/f/forest/broadleaf/00000336.jpg
2626,046.Gadwall/Gadwall_0097_30893.jpg,1,0,0,2,/b/bamboo_forest/00003787.jpg
8368,143.Caspian_Tern/Caspian_Tern_0049_145755.jpg,1,0,0,2,/b/bamboo_forest/00004299.jpg
3693,064.Ring_billed_Gull/Ring_Billed_Gull_0117_51363.jpg,1,0,0,2,/b/bamboo_forest/00000562.jpg
5024,086.Pacific_Loon/Pacific_Loon_0039_75517.jpg,1,0,0,2,/f/forest/broadleaf/00002951.jpg
8536,146.Forsters_Tern/Forsters_Tern_0002_151622.jpg,1,0,0,2,/f/forest/broadleaf/00004648.jpg
2501,044.Frigatebird/Frigatebird_0053_43220.jpg,1,0,0,2,/b/bamboo_forest/00000650.jpg
4129,071.Long_tailed_Jaeger/Long_Tailed_Jaeger_0060_60886.jpg,1,0,0,2,/b/bamboo_forest/00003934.jpg
3423,059.California_Gull/California_Gull_0008_40942.jpg,1,0,0,2,/f/forest/broadleaf/00004975.jpg
1248,023.Brandt_Cormorant/Brandt_Cormorant_0087_23126.jpg,1,0,0,2,/f/forest/broadleaf/00002869.jpg
2513,044.Frigatebird/Frigatebird_0005_42828.jpg,1,0,0,2,/f/forest/broadleaf/00003089.jpg
42,001.Black_footed_Albatross/Black_Footed_Albatross_0032_796115.jpg,1,0,0,2,/b/bamboo_forest/00000483.jpg
4881,084.Red_legged_Kittiwake/Red_Legged_Kittiwake_0024_795441.jpg,1,0,0,2,/f/forest/broadleaf/00002583.jpg
5149,089.Hooded_Merganser/Hooded_Merganser_0085_79146.jpg,1,0,0,2,/f/forest/broadleaf/00002938.jpg
4155,072.Pomarine_Jaeger/Pomarine_Jaeger_0078_795758.jpg,1,0,1,3,/o/ocean/00003145.jpg
320,006.Least_Auklet/Least_Auklet_0021_795127.jpg,1,0,1,3,/l/lake/natural/00003382.jpg
5826,100.Brown_Pelican/Brown_Pelican_0020_95422.jpg,1,0,1,3,/l/lake/natural/00004178.jpg
3572,062.Herring_Gull/Herring_Gull_0014_47814.jpg,1,0,1,3,/l/lake/natural/00003745.jpg
5080,087.Mallard/Mallard_0111_76722.jpg,1,0,1,3,/o/ocean/00002213.jpg
4188,072.Pomarine_Jaeger/Pomarine_Jaeger_0079_61370.jpg,1,0,1,3,/o/ocean/00000534.jpg
4130,071.Long_tailed_Jaeger/Long_Tailed_Jaeger_0013_60887.jpg,1,0,1,3,/o/ocean/00000609.jpg
2861,050.Eared_Grebe/Eared_Grebe_0067_34416.jpg,1,0,1,3,/l/lake/natural/00000075.jpg
297,006.Least_Auklet/Least_Auklet_0020_795080.jpg,1,0,1,3,/l/lake/natural/00004230.jpg
2512,044.Frigatebird/Frigatebird_0045_42823.jpg,1,0,1,3,/o/ocean/00004419.jpg
5963,102.Western_Wood_Pewee/Western_Wood_Pewee_0059_98262.jpg,1,0,1,3,/l/lake/natural/00003442.jpg
8239,141.Artic_Tern/Artic_Tern_0050_140887.jpg,1,0,1,3,/l/lake/natural/00002528.jpg
5822,100.Brown_Pelican/Brown_Pelican_0010_94370.jpg,1,0,1,3,/l/lake/natural/00003336.jpg
379,008.Rhinoceros_Auklet/Rhinoceros_Auklet_0021_2089.jpg,1,0,1,3,/o/ocean/00004040.jpg
5210,090.Red_breasted_Merganser/Red_Breasted_Merganser_0078_79393.jpg,1,0,1,3,/l/lake/natural/00000815.jpg
4900,084.Red_legged_Kittiwake/Red_Legged_Kittiwake_0065_795456.jpg,1,0,1,3,/l/lake/natural/00000996.jpg
5852,100.Brown_Pelican/Brown_Pelican_0007_94078.jpg,1,0,1,3,/l/lake/natural/00003928.jpg
3571,062.Herring_Gull/Herring_Gull_0051_46276.jpg,1,0,1,3,/l/lake/natural/00002383.jpg
8606,147.Least_Tern/Least_Tern_0042_153809.jpg,1,0,1,3,/l/lake/natural/00000301.jpg
3759,065.Slaty_backed_Gull/Slaty_Backed_Gull_0038_796044.jpg,1,0,1,3,/l/lake/natural/00002706.jpg
323,006.Least_Auklet/Least_Auklet_0063_795134.jpg,1,0,1,3,/l/lake/natural/00003689.jpg
8482,145.Elegant_Tern/Elegant_Tern_0063_150873.jpg,1,0,1,3,/o/ocean/00003632.jpg
1331,024.Red_faced_Cormorant/Red_Faced_Cormorant_0064_23464.jpg,1,0,1,3,/o/ocean/00004883.jpg
5091,088.Western_Meadowlark/Western_Meadowlark_0038_77785.jpg,1,0,1,3,/o/ocean/00003448.jpg
3655,063.Ivory_Gull/Ivory_Gull_0074_49698.jpg,1,0,1,3,/l/lake/natural/00000511.jpg
4105,071.Long_tailed_Jaeger/Long_Tailed_Jaeger_0018_61081.jpg,1,0,1,3,/l/lake/natural/00003940.jpg
5830,100.Brown_Pelican/Brown_Pelican_0100_94434.jpg,1,0,1,3,/o/ocean/00004730.jpg
8292,142.Black_Tern/Black_Tern_0059_144159.jpg,1,0,1,3,/l/lake/natural/00001174.jpg
2510,044.Frigatebird/Frigatebird_0114_42807.jpg,1,0,1,3,/l/lake/natural/00001387.jpg
5114,088.Western_Meadowlark/Western_Meadowlark_0042_78180.jpg,1,0,1,3,/l/lake/natural/00000326.jpg
3340,058.Pigeon_Guillemot/Pigeon_Guillemot_0081_40339.jpg,1,0,1,3,/o/ocean/00000507.jpg
4127,071.Long_tailed_Jaeger/Long_Tailed_Jaeger_0062_797104.jpg,1,0,1,3,/l/lake/natural/00002736.jpg
3481,060.Glaucous_winged_Gull/Glaucous_Winged_Gull_0045_44906.jpg,1,0,1,3,/l/lake/natural/00000226.jpg
2842,050.Eared_Grebe/Eared_Grebe_0079_34342.jpg,1,0,1,3,/o/ocean/00001654.jpg
1363,025.Pelagic_Cormorant/Pelagic_Cormorant_0100_23894.jpg,1,0,1,3,/o/ocean/00004767.jpg
4898,084.Red_legged_Kittiwake/Red_Legged_Kittiwake_0063_795453.jpg,1,0,1,3,/l/lake/natural/00003579.jpg
2480,044.Frigatebird/Frigatebird_0049_43044.jpg,1,0,1,3,/l/lake/natural/00000060.jpg
2564,045.Northern_Fulmar/Northern_Fulmar_0048_43672.jpg,1,0,1,3,/o/ocean/00003281.jpg
2890,051.Horned_Grebe/Horned_Grebe_0017_35073.jpg,1,0,1,3,/l/lake/natural/00000002.jpg
303,006.Least_Auklet/Least_Auklet_0010_795092.jpg,1,0,1,3,/o/ocean/00000413.jpg
8491,145.Elegant_Tern/Elegant_Tern_0073_150925.jpg,1,0,1,3,/l/lake/natural/00000045.jpg
3737,065.Slaty_backed_Gull/Slaty_Backed_Gull_0021_796008.jpg,1,0,1,3,/l/lake/natural/00001211.jpg
6175,106.Horned_Puffin/Horned_Puffin_0001_100973.jpg,1,0,1,3,/l/lake/natural/00003854.jpg
5048,087.Mallard/Mallard_0098_77490.jpg,1,0,1,3,/o/ocean/00003873.jpg
3510,061.Heermann_Gull/Heermann_Gull_0035_45754.jpg,1,0,1,3,/l/lake/natural/00003184.jpg
5181,089.Hooded_Merganser/Hooded_Merganser_0023_796784.jpg,1,0,1,3,/o/ocean/00004453.jpg
253,005.Crested_Auklet/Crested_Auklet_0032_794931.jpg,1,0,1,3,/l/lake/natural/00000250.jpg
8247,141.Artic_Tern/Artic_Tern_0065_141472.jpg,1,0,1,3,/o/ocean/00001083.jpg
5844,100.Brown_Pelican/Brown_Pelican_0085_95053.jpg,1,0,1,3,/o/ocean/00002152.jpg
3712,064.Ring_billed_Gull/Ring_Billed_Gull_0018_51505.jpg,1,0,1,3,/l/lake/natural/00004068.jpg
1147,021.Eastern_Towhee/Eastern_Towhee_0030_22693.jpg,1,0,1,3,/o/ocean/00001512.jpg
3762,065.Slaty_backed_Gull/Slaty_Backed_Gull_0025_796047.jpg,1,0,1,3,/l/lake/natural/00003125.jpg
5221,090.Red_breasted_Merganser/Red_Breasted_Merganser_0075_79169.jpg,1,0,1,3,/o/ocean/00003248.jpg
8543,146.Forsters_Tern/Forsters_Tern_0121_151385.jpg,1,0,1,3,/o/ocean/00000351.jpg
8566,146.Forsters_Tern/Forsters_Tern_0069_151229.jpg,1,0,1,3,/l/lake/natural/00003982.jpg
6167,106.Horned_Puffin/Horned_Puffin_0072_100938.jpg,1,0,1,3,/l/lake/natural/00002042.jpg
1241,023.Brandt_Cormorant/Brandt_Cormorant_0067_23352.jpg,1,0,1,3,/l/lake/natural/00000125.jpg
3473,060.Glaucous_winged_Gull/Glaucous_Winged_Gull_0091_44848.jpg,1,0,1,3,/l/lake/natural/00003240.jpg
3516,061.Heermann_Gull/Heermann_Gull_0135_45283.jpg,1,0,1,3,/l/lake/natural/00003002.jpg
3574,062.Herring_Gull/Herring_Gull_0064_47832.jpg,1,0,1,3,/l/lake/natural/00003339.jpg
395,008.Rhinoceros_Auklet/Rhinoceros_Auklet_0032_797516.jpg,1,0,1,3,/l/lake/natural/00004550.jpg
5173,089.Hooded_Merganser/Hooded_Merganser_0083_796773.jpg,1,0,1,3,/l/lake/natural/00001591.jpg
3016,053.Western_Grebe/Western_Grebe_0046_36118.jpg,1,0,1,3,/o/ocean/00002560.jpg
4993,086.Pacific_Loon/Pacific_Loon_0021_75859.jpg,1,0,1,3,/o/ocean/00002771.jpg
8413,144.Common_Tern/Common_Tern_0098_148785.jpg,1,0,1,3,/l/lake/natural/00004605.jpg
8567,146.Forsters_Tern/Forsters_Tern_0077_152255.jpg,1,0,1,3,/o/ocean/00001881.jpg
41,001.Black_footed_Albatross/Black_Footed_Albatross_0077_796114.jpg,1,0,1,3,/o/ocean/00002665.jpg
5246,090.Red_breasted_Merganser/Red_Breasted_Merganser_0032_79280.jpg,1,0,1,3,/o/ocean/00004825.jpg
1296,024.Red_faced_Cormorant/Red_Faced_Cormorant_0040_796272.jpg,1,0,1,3,/l/lake/natural/00002530.jpg
2616,046.Gadwall/Gadwall_0086_31346.jpg,1,0,1,3,/l/lake/natural/00004356.jpg
2899,051.Horned_Grebe/Horned_Grebe_0039_34848.jpg,1,0,1,3,/l/lake/natural/00004305.jpg
6183,106.Horned_Puffin/Horned_Puffin_0042_100760.jpg,1,0,1,3,/l/lake/natural/00002964.jpg
6146,106.Horned_Puffin/Horned_Puffin_0024_100620.jpg,1,0,1,3,/o/ocean/00001506.jpg
274,005.Crested_Auklet/Crested_Auklet_0069_785258.jpg,1,0,1,3,/o/ocean/00003921.jpg
8603,147.Least_Tern/Least_Tern_0060_153190.jpg,1,0,1,3,/l/lake/natural/00002694.jpg
1253,023.Brandt_Cormorant/Brandt_Cormorant_0017_23141.jpg,1,0,1,3,/o/ocean/00004847.jpg
3819,066.Western_Gull/Western_Gull_0094_55156.jpg,1,0,1,3,/l/lake/natural/00001468.jpg
8336,142.Black_Tern/Black_Tern_0038_144102.jpg,1,0,1,3,/l/lake/natural/00004835.jpg
1383,025.Pelagic_Cormorant/Pelagic_Cormorant_0057_24002.jpg,1,0,1,3,/o/ocean/00002019.jpg
5839,100.Brown_Pelican/Brown_Pelican_0043_94506.jpg,1,0,1,3,/o/ocean/00003673.jpg
5164,089.Hooded_Merganser/Hooded_Merganser_0066_796755.jpg,1,0,1,3,/o/ocean/00003803.jpg
1374,025.Pelagic_Cormorant/Pelagic_Cormorant_0024_23712.jpg,1,0,1,3,/l/lake/natural/00004908.jpg
3569,062.Herring_Gull/Herring_Gull_0034_48824.jpg,1,0,1,3,/l/lake/natural/00003687.jpg
3645,063.Ivory_Gull/Ivory_Gull_0105_49559.jpg,1,0,1,3,/o/ocean/00003102.jpg
3815,066.Western_Gull/Western_Gull_0114_55644.jpg,1,0,1,3,/o/ocean/00001374.jpg
81,002.Laysan_Albatross/Laysan_Albatross_0013_910.jpg,1,0,1,3,/l/lake/natural/00002433.jpg
2477,044.Frigatebird/Frigatebird_0047_43039.jpg,1,0,1,3,/o/ocean/00000004.jpg
1309,024.Red_faced_Cormorant/Red_Faced_Cormorant_0035_796294.jpg,1,0,1,3,/l/lake/natural/00001128.jpg
4892,084.Red_legged_Kittiwake/Red_Legged_Kittiwake_0016_795460.jpg,1,0,1,3,/o/ocean/00001205.jpg
5158,089.Hooded_Merganser/Hooded_Merganser_0089_796740.jpg,1,0,1,3,/o/ocean/00004539.jpg
8559,146.Forsters_Tern/Forsters_Tern_0027_151456.jpg,1,0,1,3,/l/lake/natural/00001874.jpg
8226,141.Artic_Tern/Artic_Tern_0032_141313.jpg,1,0,1,3,/l/lake/natural/00004961.jpg
2515,044.Frigatebird/Frigatebird_0059_42838.jpg,1,0,1,3,/l/lake/natural/00004234.jpg
151,003.Sooty_Albatross/Sooty_Albatross_0075_796352.jpg,1,0,1,3,/o/ocean/00000709.jpg
8263,141.Artic_Tern/Artic_Tern_0133_141069.jpg,1,0,1,3,/o/ocean/00001636.jpg
3401,059.California_Gull/California_Gull_0114_41267.jpg,1,0,1,3,/o/ocean/00001373.jpg
3520,061.Heermann_Gull/Heermann_Gull_0086_45304.jpg,1,0,1,3,/l/lake/natural/00001479.jpg
5092,088.Western_Meadowlark/Western_Meadowlark_0104_78105.jpg,1,0,1,3,/l/lake/natural/00001833.jpg
2554,045.Northern_Fulmar/Northern_Fulmar_0076_43893.jpg,1,0,1,3,/l/lake/natural/00002031.jpg
5833,100.Brown_Pelican/Brown_Pelican_0080_93439.jpg,1,0,1,3,/o/ocean/00004398.jpg
8599,147.Least_Tern/Least_Tern_0059_153746.jpg,1,0,1,3,/l/lake/natural/00004994.jpg
8324,142.Black_Tern/Black_Tern_0082_144372.jpg,1,0,1,3,/l/lake/natural/00000156.jpg
411,008.Rhinoceros_Auklet/Rhinoceros_Auklet_0009_797539.jpg,1,0,1,3,/o/ocean/00002708.jpg
5075,087.Mallard/Mallard_0123_76653.jpg,1,0,1,3,/l/lake/natural/00003349.jpg
8258,141.Artic_Tern/Artic_Tern_0073_143486.jpg,1,0,1,3,/l/lake/natural/00001796.jpg
1324,024.Red_faced_Cormorant/Red_Faced_Cormorant_0070_796319.jpg,1,0,1,3,/l/lake/natural/00001881.jpg
3503,061.Heermann_Gull/Heermann_Gull_0077_45711.jpg,1,0,1,3,/o/ocean/00004834.jpg
73,002.Laysan_Albatross/Laysan_Albatross_0061_563.jpg,1,0,1,3,/l/lake/natural/00003433.jpg
1121,021.Eastern_Towhee/Eastern_Towhee_0101_22559.jpg,1,0,1,3,/l/lake/natural/00001182.jpg
1381,025.Pelagic_Cormorant/Pelagic_Cormorant_0018_23880.jpg,1,0,1,3,/l/lake/natural/00004697.jpg
3734,065.Slaty_backed_Gull/Slaty_Backed_Gull_0030_796003.jpg,1,0,1,3,/l/lake/natural/00003672.jpg
55,001.Black_footed_Albatross/Black_Footed_Albatross_0007_796138.jpg,1,0,1,3,/l/lake/natural/00001115.jpg
111,002.Laysan_Albatross/Laysan_Albatross_0100_735.jpg,1,0,1,3,/l/lake/natural/00004529.jpg
1125,021.Eastern_Towhee/Eastern_Towhee_0124_22585.jpg,1,0,1,3,/l/lake/natural/00003764.jpg
4173,072.Pomarine_Jaeger/Pomarine_Jaeger_0061_795788.jpg,1,0,1,3,/l/lake/natural/00002132.jpg
2972,052.Pied_billed_Grebe/Pied_Billed_Grebe_0076_35432.jpg,1,0,1,3,/o/ocean/00000663.jpg
5151,089.Hooded_Merganser/Hooded_Merganser_0061_796723.jpg,1,0,1,3,/l/lake/natural/00001454.jpg
3757,065.Slaty_backed_Gull/Slaty_Backed_Gull_0071_796037.jpg,1,0,1,3,/o/ocean/00004415.jpg
8637,147.Least_Tern/Least_Tern_0122_153012.jpg,1,0,1,3,/l/lake/natural/00003435.jpg
3335,058.Pigeon_Guillemot/Pigeon_Guillemot_0028_40046.jpg,1,0,1,3,/l/lake/natural/00001714.jpg
2925,051.Horned_Grebe/Horned_Grebe_0003_34983.jpg,1,0,1,3,/l/lake/natural/00004466.jpg
4143,072.Pomarine_Jaeger/Pomarine_Jaeger_0026_61273.jpg,1,0,1,3,/o/ocean/00004508.jpg
5251,090.Red_breasted_Merganser/Red_Breasted_Merganser_0013_79301.jpg,1,0,1,3,/l/lake/natural/00001379.jpg
3382,059.California_Gull/California_Gull_0064_41562.jpg,1,0,1,3,/l/lake/natural/00001541.jpg
1299,024.Red_faced_Cormorant/Red_Faced_Cormorant_0050_796276.jpg,1,0,1,3,/o/ocean/00000182.jpg
4167,072.Pomarine_Jaeger/Pomarine_Jaeger_0006_795775.jpg,1,0,1,3,/l/lake/natural/00003351.jpg
3392,059.California_Gull/California_Gull_0009_40662.jpg,1,0,1,3,/o/ocean/00003876.jpg
6184,106.Horned_Puffin/Horned_Puffin_0012_100763.jpg,1,0,1,3,/o/ocean/00001071.jpg
3438,060.Glaucous_winged_Gull/Glaucous_Winged_Gull_0093_44724.jpg,1,0,1,3,/l/lake/natural/00003938.jpg
418,008.Rhinoceros_Auklet/Rhinoceros_Auklet_0012_2161.jpg,1,0,1,3,/l/lake/natural/00004298.jpg
8548,146.Forsters_Tern/Forsters_Tern_0125_151399.jpg,1,0,1,3,/l/lake/natural/00000955.jpg
3387,059.California_Gull/California_Gull_0100_41088.jpg,1,0,1,3,/l/lake/natural/00004233.jpg
36,001.Black_footed_Albatross/Black_Footed_Albatross_0057_796106.jpg,1,0,1,3,/o/ocean/00001113.jpg
3810,066.Western_Gull/Western_Gull_0004_55605.jpg,1,0,1,3,/o/ocean/00001500.jpg
2889,050.Eared_Grebe/Eared_Grebe_0025_34344.jpg,1,0,1,3,/o/ocean/00001316.jpg
5958,102.Western_Wood_Pewee/Western_Wood_Pewee_0054_97982.jpg,1,0,1,3,/l/lake/natural/00001772.jpg
280,005.Crested_Auklet/Crested_Auklet_0030_794937.jpg,1,0,1,3,/l/lake/natural/00002227.jpg
401,008.Rhinoceros_Auklet/Rhinoceros_Auklet_0014_797522.jpg,1,0,1,3,/l/lake/natural/00003055.jpg
3692,064.Ring_billed_Gull/Ring_Billed_Gull_0052_51357.jpg,1,0,1,3,/l/lake/natural/00002535.jpg
376,007.Parakeet_Auklet/Parakeet_Auklet_0024_2045.jpg,1,0,1,3,/o/ocean/00002020.jpg
3787,066.Western_Gull/Western_Gull_0131_53349.jpg,1,0,1,3,/l/lake/natural/00000019.jpg
3575,062.Herring_Gull/Herring_Gull_0052_46810.jpg,1,0,1,3,/l/lake/natural/00003871.jpg
3671,064.Ring_billed_Gull/Ring_Billed_Gull_0074_52258.jpg,1,0,1,3,/o/ocean/00001934.jpg
148,003.Sooty_Albatross/Sooty_Albatross_0017_796349.jpg,1,0,1,3,/o/ocean/00003140.jpg
2843,050.Eared_Grebe/Eared_Grebe_0006_34347.jpg,1,0,1,3,/l/lake/natural/00004243.jpg
4133,071.Long_tailed_Jaeger/Long_Tailed_Jaeger_0058_60900.jpg,1,0,1,3,/l/lake/natural/00003908.jpg
8496,145.Elegant_Tern/Elegant_Tern_0078_151196.jpg,1,0,1,3,/o/ocean/00000560.jpg
3437,060.Glaucous_winged_Gull/Glaucous_Winged_Gull_0032_44594.jpg,1,0,1,3,/o/ocean/00000549.jpg
5176,089.Hooded_Merganser/Hooded_Merganser_0024_796779.jpg,1,0,1,3,/o/ocean/00003214.jpg
336,007.Parakeet_Auklet/Parakeet_Auklet_0073_795939.jpg,1,0,1,3,/o/ocean/00000078.jpg
4171,072.Pomarine_Jaeger/Pomarine_Jaeger_0066_795780.jpg,1,0,1,3,/o/ocean/00004425.jpg
2527,044.Frigatebird/Frigatebird_0084_43006.jpg,1,0,1,3,/l/lake/natural/00003374.jpg
5252,090.Red_breasted_Merganser/Red_Breasted_Merganser_0003_79303.jpg,1,0,1,3,/o/ocean/00000838.jpg
8518,145.Elegant_Tern/Elegant_Tern_0098_151028.jpg,1,0,1,3,/l/lake/natural/00004888.jpg
3546,061.Heermann_Gull/Heermann_Gull_0131_45548.jpg,1,0,1,3,/o/ocean/00002999.jpg
1145,021.Eastern_Towhee/Eastern_Towhee_0111_22168.jpg,1,0,1,3,/o/ocean/00004566.jpg
5050,087.Mallard/Mallard_0053_75985.jpg,1,0,1,3,/l/lake/natural/00002572.jpg
4112,071.Long_tailed_Jaeger/Long_Tailed_Jaeger_0054_797088.jpg,1,0,1,3,/o/ocean/00002331.jpg
2644,046.Gadwall/Gadwall_0024_30942.jpg,1,0,1,3,/l/lake/natural/00003285.jpg
4190,072.Pomarine_Jaeger/Pomarine_Jaeger_0043_61384.jpg,1,0,1,3,/l/lake/natural/00004870.jpg
2895,051.Horned_Grebe/Horned_Grebe_0002_34577.jpg,1,0,1,3,/o/ocean/00004410.jpg
3429,060.Glaucous_winged_Gull/Glaucous_Winged_Gull_0087_44550.jpg,1,0,1,3,/o/ocean/00004705.jpg
5824,100.Brown_Pelican/Brown_Pelican_0111_93872.jpg,1,0,1,3,/l/lake/natural/00003480.jpg
8466,145.Elegant_Tern/Elegant_Tern_0032_150488.jpg,1,0,1,3,/l/lake/natural/00002358.jpg
6203,106.Horned_Puffin/Horned_Puffin_0006_100989.jpg,1,0,1,3,/o/ocean/00002293.jpg
109,002.Laysan_Albatross/Laysan_Albatross_0068_726.jpg,1,0,1,3,/l/lake/natural/00001530.jpg
1401,025.Pelagic_Cormorant/Pelagic_Cormorant_0022_23802.jpg,1,0,1,3,/l/lake/natural/00002084.jpg
3508,061.Heermann_Gull/Heermann_Gull_0056_45751.jpg,1,0,1,3,/l/lake/natural/00002446.jpg
2912,051.Horned_Grebe/Horned_Grebe_0086_34749.jpg,1,0,1,3,/l/lake/natural/00001392.jpg
3647,063.Ivory_Gull/Ivory_Gull_0082_49306.jpg,1,0,1,3,/o/ocean/00001433.jpg
8287,142.Black_Tern/Black_Tern_0004_143881.jpg,1,0,1,3,/o/ocean/00000272.jpg
5939,102.Western_Wood_Pewee/Western_Wood_Pewee_0057_795040.jpg,1,0,1,3,/l/lake/natural/00000200.jpg
3523,061.Heermann_Gull/Heermann_Gull_0008_45839.jpg,1,0,1,3,/l/lake/natural/00003583.jpg
6196,106.Horned_Puffin/Horned_Puffin_0031_100804.jpg,1,0,1,3,/o/ocean/00002605.jpg
3498,061.Heermann_Gull/Heermann_Gull_0089_45679.jpg,1,0,1,3,/l/lake/natural/00000755.jpg
4091,071.Long_tailed_Jaeger/Long_Tailed_Jaeger_0069_61060.jpg,1,0,1,3,/l/lake/natural/00002257.jpg
3614,063.Ivory_Gull/Ivory_Gull_0041_49172.jpg,1,0,1,3,/l/lake/natural/00002145.jpg
5016,086.Pacific_Loon/Pacific_Loon_0014_75468.jpg,1,0,1,3,/o/ocean/00004625.jpg
3337,058.Pigeon_Guillemot/Pigeon_Guillemot_0024_39814.jpg,1,0,1,3,/o/ocean/00001990.jpg
3314,058.Pigeon_Guillemot/Pigeon_Guillemot_0073_40209.jpg,1,0,1,3,/l/lake/natural/00002705.jpg
5053,087.Mallard/Mallard_0018_76511.jpg,1,0,1,3,/o/ocean/00002786.jpg
4876,084.Red_legged_Kittiwake/Red_Legged_Kittiwake_0069_795435.jpg,1,0,1,3,/o/ocean/00003998.jpg
5142,088.Western_Meadowlark/Western_Meadowlark_0077_77814.jpg,1,0,1,3,/o/ocean/00003884.jpg
5916,102.Western_Wood_Pewee/Western_Wood_Pewee_0016_98082.jpg,1,0,1,3,/o/ocean/00000604.jpg
2612,046.Gadwall/Gadwall_0064_31504.jpg,1,0,1,3,/o/ocean/00000418.jpg
2849,050.Eared_Grebe/Eared_Grebe_0026_34383.jpg,1,0,1,3,/l/lake/natural/00001110.jpg
1274,023.Brandt_Cormorant/Brandt_Cormorant_0075_22970.jpg,1,0,1,3,/l/lake/natural/00001574.jpg
380,008.Rhinoceros_Auklet/Rhinoceros_Auklet_0043_2096.jpg,1,0,1,3,/o/ocean/00000993.jpg
5241,090.Red_breasted_Merganser/Red_Breasted_Merganser_0063_79238.jpg,1,0,1,3,/o/ocean/00001105.jpg
43,001.Black_footed_Albatross/Black_Footed_Albatross_0038_212.jpg,1,0,1,3,/l/lake/natural/00001156.jpg
5093,088.Western_Meadowlark/Western_Meadowlark_0125_77850.jpg,1,0,1,3,/l/lake/natural/00000782.jpg
3458,060.Glaucous_winged_Gull/Glaucous_Winged_Gull_0133_44738.jpg,1,0,1,3,/l/lake/natural/00004025.jpg
5943,102.Western_Wood_Pewee/Western_Wood_Pewee_0060_795045.jpg,1,0,1,3,/o/ocean/00003800.jpg
3754,065.Slaty_backed_Gull/Slaty_Backed_Gull_0051_796031.jpg,1,0,1,3,/o/ocean/00000561.jpg
6168,106.Horned_Puffin/Horned_Puffin_0025_100942.jpg,1,0,1,3,/o/ocean/00003979.jpg
2872,050.Eared_Grebe/Eared_Grebe_0045_34212.jpg,1,0,1,3,/o/ocean/00003171.jpg
5000,086.Pacific_Loon/Pacific_Loon_0035_75395.jpg,1,0,1,3,/o/ocean/00001655.jpg
367,007.Parakeet_Auklet/Parakeet_Auklet_0032_795986.jpg,1,0,1,3,/o/ocean/00001015.jpg
5112,088.Western_Meadowlark/Western_Meadowlark_0024_78432.jpg,1,0,1,3,/o/ocean/00004504.jpg
2916,051.Horned_Grebe/Horned_Grebe_0102_34448.jpg,1,0,1,3,/o/ocean/00002942.jpg
5849,100.Brown_Pelican/Brown_Pelican_0121_94067.jpg,1,0,1,3,/l/lake/natural/00004880.jpg
3701,064.Ring_billed_Gull/Ring_Billed_Gull_0017_51412.jpg,1,0,1,3,/o/ocean/00004501.jpg
8609,147.Least_Tern/Least_Tern_0037_153637.jpg,1,0,1,3,/o/ocean/00004853.jpg
3415,059.California_Gull/California_Gull_0074_41358.jpg,1,0,1,3,/o/ocean/00004670.jpg
1332,024.Red_faced_Cormorant/Red_Faced_Cormorant_0036_796329.jpg,1,0,1,3,/l/lake/natural/00004312.jpg
8340,142.Black_Tern/Black_Tern_0077_144117.jpg,1,0,1,3,/o/ocean/00000542.jpg
4988,086.Pacific_Loon/Pacific_Loon_0065_75588.jpg,1,0,1,3,/l/lake/natural/00001854.jpg
2595,046.Gadwall/Gadwall_0036_31760.jpg,1,0,1,3,/l/lake/natural/00004608.jpg
5069,087.Mallard/Mallard_0013_77619.jpg,1,0,1,3,/l/lake/natural/00002140.jpg
3756,065.Slaty_backed_Gull/Slaty_Backed_Gull_0046_796035.jpg,1,0,1,3,/o/ocean/00001226.jpg
145,003.Sooty_Albatross/Sooty_Albatross_0064_796343.jpg,1,0,1,3,/l/lake/natural/00001096.jpg
266,005.Crested_Auklet/Crested_Auklet_0062_794968.jpg,1,0,1,3,/l/lake/natural/00003410.jpg
8612,147.Least_Tern/Least_Tern_0114_153840.jpg,1,0,1,3,/o/ocean/00001135.jpg
3009,052.Pied_billed_Grebe/Pied_Billed_Grebe_0096_35579.jpg,1,0,1,3,/o/ocean/00004306.jpg
8366,143.Caspian_Tern/Caspian_Tern_0070_147545.jpg,1,0,1,3,/o/ocean/00001938.jpg
8299,142.Black_Tern/Black_Tern_0029_144140.jpg,1,0,1,3,/l/lake/natural/00000454.jpg
1141,021.Eastern_Towhee/Eastern_Towhee_0042_22155.jpg,1,0,1,3,/l/lake/natural/00003895.jpg
2985,052.Pied_billed_Grebe/Pied_Billed_Grebe_0123_35469.jpg,1,0,1,3,/o/ocean/00004580.jpg
58,001.Black_footed_Albatross/Black_Footed_Albatross_0063_796141.jpg,1,0,1,3,/o/ocean/00000514.jpg
2629,046.Gadwall/Gadwall_0084_31135.jpg,1,0,1,3,/l/lake/natural/00001125.jpg
5896,101.White_Pelican/White_Pelican_0022_95897.jpg,1,0,1,3,/o/ocean/00001699.jpg
3388,059.California_Gull/California_Gull_0093_41111.jpg,1,0,1,3,/l/lake/natural/00000901.jpg
4968,086.Pacific_Loon/Pacific_Loon_0038_75526.jpg,1,0,1,3,/l/lake/natural/00004353.jpg
8230,141.Artic_Tern/Artic_Tern_0092_141849.jpg,1,0,1,3,/o/ocean/00004841.jpg
6189,106.Horned_Puffin/Horned_Puffin_0078_100777.jpg,1,0,1,3,/o/ocean/00000382.jpg
5121,088.Western_Meadowlark/Western_Meadowlark_0013_77712.jpg,1,0,1,3,/o/ocean/00003826.jpg
5834,100.Brown_Pelican/Brown_Pelican_0131_94464.jpg,1,0,1,3,/o/ocean/00002228.jpg
2509,044.Frigatebird/Frigatebird_0068_42795.jpg,1,0,1,3,/l/lake/natural/00003316.jpg
4166,072.Pomarine_Jaeger/Pomarine_Jaeger_0012_795773.jpg,1,0,1,3,/o/ocean/00003576.jpg
3316,058.Pigeon_Guillemot/Pigeon_Guillemot_0084_40217.jpg,1,0,1,3,/o/ocean/00000370.jpg
99,002.Laysan_Albatross/Laysan_Albatross_0039_924.jpg,1,0,1,3,/o/ocean/00000647.jpg
377,008.Rhinoceros_Auklet/Rhinoceros_Auklet_0028_2056.jpg,1,0,1,3,/o/ocean/00000010.jpg
3028,053.Western_Grebe/Western_Grebe_0070_36162.jpg,1,0,1,3,/o/ocean/00002621.jpg
8512,145.Elegant_Tern/Elegant_Tern_0103_150493.jpg,1,0,1,3,/l/lake/natural/00000096.jpg
278,005.Crested_Auklet/Crested_Auklet_0063_794901.jpg,1,0,1,3,/l/lake/natural/00004000.jpg
1389,025.Pelagic_Cormorant/Pelagic_Cormorant_0019_23546.jpg,1,0,1,3,/l/lake/natural/00001724.jpg
4858,084.Red_legged_Kittiwake/Red_Legged_Kittiwake_0032_795399.jpg,1,0,1,3,/o/ocean/00004283.jpg
318,006.Least_Auklet/Least_Auklet_0007_795123.jpg,1,0,1,3,/l/lake/natural/00002350.jpg
120,002.Laysan_Albatross/Laysan_Albatross_0051_1020.jpg,1,0,1,3,/l/lake/natural/00003245.jpg
8607,147.Least_Tern/Least_Tern_0133_153816.jpg,1,0,1,3,/o/ocean/00003795.jpg
2615,046.Gadwall/Gadwall_0030_31855.jpg,1,0,1,3,/o/ocean/00004262.jpg
5043,087.Mallard/Mallard_0071_76940.jpg,1,0,1,3,/l/lake/natural/00004636.jpg
5910,101.White_Pelican/White_Pelican_0047_97190.jpg,1,0,1,3,/o/ocean/00004150.jpg
2838,050.Eared_Grebe/Eared_Grebe_0038_34321.jpg,1,0,1,3,/o/ocean/00004738.jpg
3748,065.Slaty_backed_Gull/Slaty_Backed_Gull_0045_796025.jpg,1,0,1,3,/o/ocean/00002697.jpg
4886,084.Red_legged_Kittiwake/Red_Legged_Kittiwake_0002_73788.jpg,1,0,1,3,/l/lake/natural/00003529.jpg
3702,064.Ring_billed_Gull/Ring_Billed_Gull_0054_51414.jpg,1,0,1,3,/o/ocean/00003371.jpg
3765,065.Slaty_backed_Gull/Slaty_Backed_Gull_0060_796052.jpg,1,0,1,3,/l/lake/natural/00004737.jpg
5054,087.Mallard/Mallard_0050_76519.jpg,1,0,1,3,/l/lake/natural/00003661.jpg
3447,060.Glaucous_winged_Gull/Glaucous_Winged_Gull_0138_44694.jpg,1,0,1,3,/o/ocean/00002078.jpg
8453,144.Common_Tern/Common_Tern_0085_147937.jpg,1,0,1,3,/l/lake/natural/00001173.jpg
6186,106.Horned_Puffin/Horned_Puffin_0022_100766.jpg,1,0,1,3,/l/lake/natural/00004006.jpg
116,002.Laysan_Albatross/Laysan_Albatross_0083_756.jpg,1,0,1,3,/l/lake/natural/00001134.jpg
2534,045.Northern_Fulmar/Northern_Fulmar_0060_43813.jpg,1,0,1,3,/l/lake/natural/00004671.jpg
4861,084.Red_legged_Kittiwake/Red_Legged_Kittiwake_0029_795403.jpg,1,0,1,3,/o/ocean/00003839.jpg
8403,143.Caspian_Tern/Caspian_Tern_0023_147194.jpg,1,0,1,3,/l/lake/natural/00000775.jpg
2639,046.Gadwall/Gadwall_0070_31187.jpg,1,0,1,3,/l/lake/natural/00001646.jpg
168,003.Sooty_Albatross/Sooty_Albatross_0040_796375.jpg,1,0,1,3,/l/lake/natural/00002553.jpg
6191,106.Horned_Puffin/Horned_Puffin_0046_100785.jpg,1,0,1,3,/l/lake/natural/00004756.jpg
5187,089.Hooded_Merganser/Hooded_Merganser_0040_78984.jpg,1,0,1,3,/o/ocean/00001165.jpg
8294,142.Black_Tern/Black_Tern_0020_144163.jpg,1,0,1,3,/o/ocean/00000433.jpg
2910,051.Horned_Grebe/Horned_Grebe_0098_34662.jpg,1,0,1,3,/l/lake/natural/00001670.jpg
3625,063.Ivory_Gull/Ivory_Gull_0015_49199.jpg,1,0,1,3,/o/ocean/00003630.jpg
8605,147.Least_Tern/Least_Tern_0033_153796.jpg,1,0,1,3,/o/ocean/00002177.jpg
2635,046.Gadwall/Gadwall_0012_30920.jpg,1,0,1,3,/o/ocean/00000836.jpg
8583,146.Forsters_Tern/Forsters_Tern_0060_152190.jpg,1,0,1,3,/l/lake/natural/00004143.jpg
307,006.Least_Auklet/Least_Auklet_0042_1874.jpg,1,0,1,3,/o/ocean/00003220.jpg
2608,046.Gadwall/Gadwall_0048_31312.jpg,1,0,1,3,/o/ocean/00004710.jpg
2521,044.Frigatebird/Frigatebird_0035_43420.jpg,1,0,1,3,/l/lake/natural/00001630.jpg
3617,063.Ivory_Gull/Ivory_Gull_0040_49180.jpg,1,0,1,3,/o/ocean/00003761.jpg
3661,063.Ivory_Gull/Ivory_Gull_0109_49382.jpg,1,0,1,3,/l/lake/natural/00000122.jpg
8510,145.Elegant_Tern/Elegant_Tern_0050_150521.jpg,1,0,1,3,/o/ocean/00001549.jpg
4082,071.Long_tailed_Jaeger/Long_Tailed_Jaeger_0011_60963.jpg,1,0,1,3,/o/ocean/00003512.jpg
5096,088.Western_Meadowlark/Western_Meadowlark_0050_77864.jpg,1,0,1,3,/o/ocean/00001343.jpg
3590,062.Herring_Gull/Herring_Gull_0114_46956.jpg,1,0,1,3,/l/lake/natural/00003853.jpg
5073,087.Mallard/Mallard_0030_77143.jpg,1,0,1,3,/o/ocean/00001475.jpg
5262,090.Red_breasted_Merganser/Red_Breasted_Merganser_0046_79330.jpg,1,0,1,3,/l/lake/natural/00000836.jpg
2998,052.Pied_billed_Grebe/Pied_Billed_Grebe_0052_35937.jpg,1,0,1,3,/o/ocean/00003878.jpg
3764,065.Slaty_backed_Gull/Slaty_Backed_Gull_0053_796051.jpg,1,0,1,3,/o/ocean/00002823.jpg
403,008.Rhinoceros_Auklet/Rhinoceros_Auklet_0011_797530.jpg,1,0,1,3,/l/lake/natural/00003739.jpg
2545,045.Northern_Fulmar/Northern_Fulmar_0058_44114.jpg,1,0,1,3,/o/ocean/00002875.jpg
3616,063.Ivory_Gull/Ivory_Gull_0079_49179.jpg,1,0,1,3,/l/lake/natural/00003937.jpg
4142,072.Pomarine_Jaeger/Pomarine_Jaeger_0024_61281.jpg,1,0,1,3,/l/lake/natural/00002302.jpg
390,008.Rhinoceros_Auklet/Rhinoceros_Auklet_0030_797509.jpg,1,0,1,3,/o/ocean/00001184.jpg
4097,071.Long_tailed_Jaeger/Long_Tailed_Jaeger_0009_797070.jpg,1,0,1,3,/o/ocean/00003548.jpg
6171,106.Horned_Puffin/Horned_Puffin_0062_100693.jpg,1,0,1,3,/o/ocean/00001757.jpg
3360,058.Pigeon_Guillemot/Pigeon_Guillemot_0098_39902.jpg,1,0,1,3,/l/lake/natural/00004288.jpg
8255,141.Artic_Tern/Artic_Tern_0055_141524.jpg,1,0,1,3,/l/lake/natural/00004026.jpg
2601,046.Gadwall/Gadwall_0042_31411.jpg,1,0,1,3,/o/ocean/00000161.jpg
276,005.Crested_Auklet/Crested_Auklet_0072_785260.jpg,1,0,1,3,/l/lake/natural/00004588.jpg
3591,062.Herring_Gull/Herring_Gull_0140_46455.jpg,1,0,1,3,/l/lake/natural/00002646.jpg
8288,142.Black_Tern/Black_Tern_0053_143882.jpg,1,0,1,3,/o/ocean/00004081.jpg
5022,086.Pacific_Loon/Pacific_Loon_0029_75495.jpg,1,0,1,3,/o/ocean/00000968.jpg
8589,147.Least_Tern/Least_Tern_0036_153658.jpg,1,0,1,3,/l/lake/natural/00002870.jpg
3412,059.California_Gull/California_Gull_0032_41335.jpg,1,0,1,3,/o/ocean/00001985.jpg
8534,146.Forsters_Tern/Forsters_Tern_0089_152372.jpg,1,0,1,3,/o/ocean/00000310.jpg
2536,045.Northern_Fulmar/Northern_Fulmar_0074_43955.jpg,1,0,1,3,/l/lake/natural/00003709.jpg
3046,053.Western_Grebe/Western_Grebe_0086_36478.jpg,1,0,1,3,/o/ocean/00001369.jpg
2519,044.Frigatebird/Frigatebird_0116_43410.jpg,1,0,1,3,/l/lake/natural/00004261.jpg
2550,045.Northern_Fulmar/Northern_Fulmar_0083_43618.jpg,1,0,1,3,/l/lake/natural/00000199.jpg
3493,061.Heermann_Gull/Heermann_Gull_0122_45627.jpg,1,0,1,3,/o/ocean/00001766.jpg
2625,046.Gadwall/Gadwall_0075_30892.jpg,1,0,1,3,/o/ocean/00002928.jpg
1353,025.Pelagic_Cormorant/Pelagic_Cormorant_0035_23849.jpg,1,0,1,3,/o/ocean/00000126.jpg
332,007.Parakeet_Auklet/Parakeet_Auklet_0041_795933.jpg,1,0,1,3,/l/lake/natural/00004447.jpg
1291,024.Red_faced_Cormorant/Red_Faced_Cormorant_0053_796331.jpg,1,0,1,3,/l/lake/natural/00003576.jpg
5970,102.Western_Wood_Pewee/Western_Wood_Pewee_0068_98024.jpg,1,0,1,3,/l/lake/natural/00002975.jpg
2928,051.Horned_Grebe/Horned_Grebe_0099_34989.jpg,1,0,1,3,/o/ocean/00000736.jpg
3773,065.Slaty_backed_Gull/Slaty_Backed_Gull_0068_53206.jpg,1,0,1,3,/o/ocean/00002348.jpg
4972,086.Pacific_Loon/Pacific_Loon_0036_75539.jpg,1,0,1,3,/o/ocean/00000594.jpg
2956,052.Pied_billed_Grebe/Pied_Billed_Grebe_0119_35377.jpg,1,0,1,3,/o/ocean/00003470.jpg
2922,051.Horned_Grebe/Horned_Grebe_0093_34720.jpg,1,0,1,3,/o/ocean/00004435.jpg
1336,024.Red_faced_Cormorant/Red_Faced_Cormorant_0032_796334.jpg,1,0,1,3,/l/lake/natural/00002413.jpg
288,006.Least_Auklet/Least_Auklet_0040_795100.jpg,1,0,1,3,/l/lake/natural/00003799.jpg
2504,044.Frigatebird/Frigatebird_0107_42773.jpg,1,0,1,3,/l/lake/natural/00001349.jpg
334,007.Parakeet_Auklet/Parakeet_Auklet_0038_795935.jpg,1,0,1,3,/o/ocean/00004170.jpg
8378,143.Caspian_Tern/Caspian_Tern_0078_146824.jpg,1,0,1,3,/o/ocean/00003288.jpg
8271,141.Artic_Tern/Artic_Tern_0089_141652.jpg,1,0,1,3,/l/lake/natural/00002489.jpg
8322,142.Black_Tern/Black_Tern_0066_144541.jpg,1,0,1,3,/o/ocean/00004177.jpg
5153,089.Hooded_Merganser/Hooded_Merganser_0053_796728.jpg,1,0,1,3,/o/ocean/00004351.jpg
8458,144.Common_Tern/Common_Tern_0076_148391.jpg,1,0,1,3,/o/ocean/00001544.jpg
8384,143.Caspian_Tern/Caspian_Tern_0006_145594.jpg,1,0,1,3,/o/ocean/00000152.jpg
5147,089.Hooded_Merganser/Hooded_Merganser_0015_79132.jpg,1,0,1,3,/o/ocean/00003823.jpg
1256,023.Brandt_Cormorant/Brandt_Cormorant_0009_22890.jpg,1,0,1,3,/l/lake/natural/00002068.jpg
8635,147.Least_Tern/Least_Tern_0052_154021.jpg,1,0,1,3,/l/lake/natural/00003874.jpg
3497,061.Heermann_Gull/Heermann_Gull_0128_45663.jpg,1,0,1,3,/l/lake/natural/00004891.jpg
2976,052.Pied_billed_Grebe/Pied_Billed_Grebe_0113_35703.jpg,1,0,1,3,/o/ocean/00004116.jpg
8377,143.Caspian_Tern/Caspian_Tern_0045_145554.jpg,1,0,1,3,/o/ocean/00000038.jpg
1378,025.Pelagic_Cormorant/Pelagic_Cormorant_0086_23719.jpg,1,0,1,3,/l/lake/natural/00003771.jpg
5083,087.Mallard/Mallard_0020_76239.jpg,1,0,1,3,/o/ocean/00002606.jpg
3718,064.Ring_billed_Gull/Ring_Billed_Gull_0119_51551.jpg,1,0,1,3,/o/ocean/00002149.jpg
1152,021.Eastern_Towhee/Eastern_Towhee_0117_22741.jpg,1,0,1,3,/l/lake/natural/00004206.jpg
3534,061.Heermann_Gull/Heermann_Gull_0009_45905.jpg,1,0,1,3,/o/ocean/00000247.jpg
247,005.Crested_Auklet/Crested_Auklet_0013_794914.jpg,1,0,1,3,/l/lake/natural/00001322.jpg
5832,100.Brown_Pelican/Brown_Pelican_0140_93438.jpg,1,0,1,3,/l/lake/natural/00004779.jpg
283,006.Least_Auklet/Least_Auklet_0035_1888.jpg,1,0,1,3,/o/ocean/00000683.jpg
1311,024.Red_faced_Cormorant/Red_Faced_Cormorant_0056_796297.jpg,1,0,1,3,/l/lake/natural/00001283.jpg
5878,101.White_Pelican/White_Pelican_0042_97250.jpg,1,0,1,3,/o/ocean/00000868.jpg
1130,021.Eastern_Towhee/Eastern_Towhee_0093_22621.jpg,1,0,1,3,/l/lake/natural/00001779.jpg
3781,066.Western_Gull/Western_Gull_0051_54320.jpg,1,0,1,3,/o/ocean/00003192.jpg
3769,065.Slaty_backed_Gull/Slaty_Backed_Gull_0087_786374.jpg,1,0,1,3,/l/lake/natural/00004107.jpg
322,006.Least_Auklet/Least_Auklet_0038_795132.jpg,1,0,1,3,/l/lake/natural/00001687.jpg
327,007.Parakeet_Auklet/Parakeet_Auklet_0056_795926.jpg,1,0,1,3,/l/lake/natural/00001176.jpg
2530,045.Northern_Fulmar/Northern_Fulmar_0029_44049.jpg,1,0,1,3,/o/ocean/00003929.jpg
3811,066.Western_Gull/Western_Gull_0030_54083.jpg,1,0,1,3,/o/ocean/00003463.jpg
6185,106.Horned_Puffin/Horned_Puffin_0028_100765.jpg,1,0,1,3,/l/lake/natural/00004044.jpg
1163,021.Eastern_Towhee/Eastern_Towhee_0002_22318.jpg,1,0,1,3,/o/ocean/00003156.jpg
8522,145.Elegant_Tern/Elegant_Tern_0074_151036.jpg,1,0,1,3,/l/lake/natural/00000741.jpg
2953,052.Pied_billed_Grebe/Pied_Billed_Grebe_0082_35356.jpg,1,0,1,3,/o/ocean/00001775.jpg
3027,053.Western_Grebe/Western_Grebe_0034_36149.jpg,1,0,1,3,/l/lake/natural/00003439.jpg
3609,063.Ivory_Gull/Ivory_Gull_0039_49412.jpg,1,0,1,3,/l/lake/natural/00003158.jpg
4170,072.Pomarine_Jaeger/Pomarine_Jaeger_0003_795778.jpg,1,0,1,3,/o/ocean/00001106.jpg
5155,089.Hooded_Merganser/Hooded_Merganser_0021_796732.jpg,1,0,1,3,/l/lake/natural/00004238.jpg
3589,062.Herring_Gull/Herring_Gull_0010_46425.jpg,1,0,1,3,/o/ocean/00003994.jpg
268,005.Crested_Auklet/Crested_Auklet_0067_785249.jpg,1,0,1,3,/l/lake/natural/00003881.jpg
2518,044.Frigatebird/Frigatebird_0112_43394.jpg,1,0,1,3,/l/lake/natural/00001621.jpg
2567,045.Northern_Fulmar/Northern_Fulmar_0071_44146.jpg,1,0,1,3,/o/ocean/00004766.jpg
8568,146.Forsters_Tern/Forsters_Tern_0114_152768.jpg,1,0,1,3,/l/lake/natural/00004268.jpg
8250,141.Artic_Tern/Artic_Tern_0046_140986.jpg,1,0,1,3,/o/ocean/00002538.jpg
4873,084.Red_legged_Kittiwake/Red_Legged_Kittiwake_0068_795430.jpg,1,0,1,3,/l/lake/natural/00003173.jpg
8602,147.Least_Tern/Least_Tern_0062_153259.jpg,1,0,1,3,/l/lake/natural/00004274.jpg
5899,101.White_Pelican/White_Pelican_0059_96675.jpg,1,0,1,3,/o/ocean/00001858.jpg
3443,060.Glaucous_winged_Gull/Glaucous_Winged_Gull_0067_45156.jpg,1,0,1,3,/l/lake/natural/00003967.jpg
1250,023.Brandt_Cormorant/Brandt_Cormorant_0013_23391.jpg,1,0,1,3,/l/lake/natural/00000743.jpg
5086,088.Western_Meadowlark/Western_Meadowlark_0079_78856.jpg,1,0,1,3,/o/ocean/00002723.jpg
241,005.Crested_Auklet/Crested_Auklet_0061_794904.jpg,1,0,1,3,/l/lake/natural/00001890.jpg
1246,023.Brandt_Cormorant/Brandt_Cormorant_0074_22881.jpg,1,0,1,3,/l/lake/natural/00000564.jpg
6149,106.Horned_Puffin/Horned_Puffin_0055_100882.jpg,1,0,1,3,/l/lake/natural/00000802.jpg
5194,089.Hooded_Merganser/Hooded_Merganser_0059_79016.jpg,1,0,1,3,/l/lake/natural/00000646.jpg
174,003.Sooty_Albatross/Sooty_Albatross_0019_796391.jpg,1,0,1,3,/o/ocean/00004462.jpg
3049,053.Western_Grebe/Western_Grebe_0069_36486.jpg,1,0,1,3,/l/lake/natural/00000231.jpg
3670,064.Ring_billed_Gull/Ring_Billed_Gull_0020_50204.jpg,1,0,1,3,/o/ocean/00003402.jpg
8470,145.Elegant_Tern/Elegant_Tern_0034_45914.jpg,1,0,1,3,/l/lake/natural/00003464.jpg
4853,084.Red_legged_Kittiwake/Red_Legged_Kittiwake_0001_795394.jpg,1,0,1,3,/l/lake/natural/00003909.jpg
5044,087.Mallard/Mallard_0052_76946.jpg,1,0,1,3,/o/ocean/00001143.jpg
242,005.Crested_Auklet/Crested_Auklet_0018_1817.jpg,1,0,1,3,/o/ocean/00000474.jpg
5827,100.Brown_Pelican/Brown_Pelican_0118_93475.jpg,1,0,1,3,/l/lake/natural/00001884.jpg
374,007.Parakeet_Auklet/Parakeet_Auklet_0076_796001.jpg,1,0,1,3,/o/ocean/00001928.jpg
8473,145.Elegant_Tern/Elegant_Tern_0088_151089.jpg,1,0,1,3,/o/ocean/00002777.jpg
3389,059.California_Gull/California_Gull_0105_41116.jpg,1,0,1,3,/o/ocean/00001625.jpg
281,005.Crested_Auklet/Crested_Auklet_0040_794912.jpg,1,0,1,3,/o/ocean/00001217.jpg
4147,072.Pomarine_Jaeger/Pomarine_Jaeger_0072_795743.jpg,1,0,1,3,/o/ocean/00000074.jpg
5230,090.Red_breasted_Merganser/Red_Breasted_Merganser_0040_79207.jpg,1,0,1,3,/l/lake/natural/00004393.jpg
5089,088.Western_Meadowlark/Western_Meadowlark_0048_78354.jpg,1,0,1,3,/l/lake/natural/00004963.jpg
3425,059.California_Gull/California_Gull_0109_41465.jpg,1,0,1,3,/o/ocean/00004567.jpg
8450,144.Common_Tern/Common_Tern_0117_148944.jpg,1,0,1,3,/o/ocean/00003863.jpg
353,007.Parakeet_Auklet/Parakeet_Auklet_0080_795965.jpg,1,0,1,3,/o/ocean/00002591.jpg
1259,023.Brandt_Cormorant/Brandt_Cormorant_0083_23156.jpg,1,0,1,3,/l/lake/natural/00000050.jpg
8544,146.Forsters_Tern/Forsters_Tern_0104_152666.jpg,1,0,1,3,/l/lake/natural/00004879.jpg
2980,052.Pied_billed_Grebe/Pied_Billed_Grebe_0122_35970.jpg,1,0,1,3,/o/ocean/00002159.jpg
4116,071.Long_tailed_Jaeger/Long_Tailed_Jaeger_0056_797092.jpg,1,0,1,3,/o/ocean/00004362.jpg
3451,060.Glaucous_winged_Gull/Glaucous_Winged_Gull_0081_45223.jpg,1,0,1,3,/o/ocean/00003652.jpg
2911,051.Horned_Grebe/Horned_Grebe_0046_34926.jpg,1,0,1,3,/l/lake/natural/00002318.jpg
4859,084.Red_legged_Kittiwake/Red_Legged_Kittiwake_0067_795401.jpg,1,0,1,3,/o/ocean/00002542.jpg
4156,072.Pomarine_Jaeger/Pomarine_Jaeger_0013_795759.jpg,1,0,1,3,/l/lake/natural/00004354.jpg
4162,072.Pomarine_Jaeger/Pomarine_Jaeger_0071_795769.jpg,1,0,1,3,/o/ocean/00003120.jpg
1175,021.Eastern_Towhee/Eastern_Towhee_0079_22690.jpg,1,0,1,3,/l/lake/natural/00000106.jpg
3023,053.Western_Grebe/Western_Grebe_0058_36403.jpg,1,0,1,3,/l/lake/natural/00002236.jpg
6166,106.Horned_Puffin/Horned_Puffin_0082_100876.jpg,1,0,1,3,/o/ocean/00003295.jpg
66,002.Laysan_Albatross/Laysan_Albatross_0050_870.jpg,1,0,1,3,/l/lake/natural/00002948.jpg
5256,090.Red_breasted_Merganser/Red_Breasted_Merganser_0076_79312.jpg,1,0,1,3,/l/lake/natural/00004306.jpg
125,003.Sooty_Albatross/Sooty_Albatross_0043_1076.jpg,1,0,1,3,/o/ocean/00003478.jpg
2989,052.Pied_billed_Grebe/Pied_Billed_Grebe_0086_35483.jpg,1,0,1,3,/o/ocean/00001531.jpg
8621,147.Least_Tern/Least_Tern_0119_153950.jpg,1,0,1,3,/o/ocean/00002866.jpg
3540,061.Heermann_Gull/Heermann_Gull_0100_45440.jpg,1,0,1,3,/o/ocean/00003332.jpg
8385,143.Caspian_Tern/Caspian_Tern_0034_147643.jpg,1,0,1,3,/l/lake/natural/00000297.jpg
5157,089.Hooded_Merganser/Hooded_Merganser_0014_796739.jpg,1,0,1,3,/o/ocean/00001259.jpg
2563,045.Northern_Fulmar/Northern_Fulmar_0041_44013.jpg,1,0,1,3,/o/ocean/00001919.jpg
1239,023.Brandt_Cormorant/Brandt_Cormorant_0016_23077.jpg,1,0,1,3,/l/lake/natural/00001928.jpg
5079,087.Mallard/Mallard_0014_76166.jpg,1,0,1,3,/o/ocean/00000339.jpg
2859,050.Eared_Grebe/Eared_Grebe_0010_34151.jpg,1,0,1,3,/l/lake/natural/00001627.jpg
159,003.Sooty_Albatross/Sooty_Albatross_0025_796361.jpg,1,0,1,3,/l/lake/natural/00003234.jpg
6190,106.Horned_Puffin/Horned_Puffin_0021_100780.jpg,1,0,1,3,/l/lake/natural/00001892.jpg
5215,090.Red_breasted_Merganser/Red_Breasted_Merganser_0021_79168.jpg,1,0,1,3,/o/ocean/00003071.jpg
8363,143.Caspian_Tern/Caspian_Tern_0066_147680.jpg,1,0,1,3,/o/ocean/00002036.jpg
1236,023.Brandt_Cormorant/Brandt_Cormorant_0072_23069.jpg,1,0,1,3,/l/lake/natural/00001099.jpg
1263,023.Brandt_Cormorant/Brandt_Cormorant_0045_22916.jpg,1,0,1,3,/o/ocean/00000067.jpg
8289,142.Black_Tern/Black_Tern_0057_143884.jpg,1,0,1,3,/l/lake/natural/00004480.jpg
5047,087.Mallard/Mallard_0141_76977.jpg,1,0,1,3,/o/ocean/00000966.jpg
3348,058.Pigeon_Guillemot/Pigeon_Guillemot_0103_39882.jpg,1,0,1,3,/o/ocean/00004469.jpg
2543,045.Northern_Fulmar/Northern_Fulmar_0079_43599.jpg,1,0,1,3,/o/ocean/00001096.jpg
1135,021.Eastern_Towhee/Eastern_Towhee_0064_22649.jpg,1,0,1,3,/l/lake/natural/00002047.jpg
121,003.Sooty_Albatross/Sooty_Albatross_0038_1065.jpg,1,0,1,3,/l/lake/natural/00002809.jpg
2634,046.Gadwall/Gadwall_0060_31686.jpg,1,0,1,3,/l/lake/natural/00000024.jpg
5880,101.White_Pelican/White_Pelican_0039_97363.jpg,1,0,1,3,/l/lake/natural/00000115.jpg
3740,065.Slaty_backed_Gull/Slaty_Backed_Gull_0056_796013.jpg,1,0,1,3,/l/lake/natural/00001112.jpg
272,005.Crested_Auklet/Crested_Auklet_0071_785255.jpg,1,0,1,3,/o/ocean/00003136.jpg
2584,045.Northern_Fulmar/Northern_Fulmar_0006_43753.jpg,1,0,1,3,/o/ocean/00001100.jpg
267,005.Crested_Auklet/Crested_Auklet_0073_785248.jpg,1,0,1,3,/l/lake/natural/00001035.jpg
4092,071.Long_tailed_Jaeger/Long_Tailed_Jaeger_0001_797061.jpg,1,0,1,3,/o/ocean/00000207.jpg
3803,066.Western_Gull/Western_Gull_0025_55421.jpg,1,0,1,3,/o/ocean/00001966.jpg
8460,144.Common_Tern/Common_Tern_0113_147949.jpg,1,0,1,3,/l/lake/natural/00003200.jpg
8410,144.Common_Tern/Common_Tern_0100_149541.jpg,1,0,1,3,/o/ocean/00002112.jpg
2882,050.Eared_Grebe/Eared_Grebe_0064_34251.jpg,1,0,1,3,/o/ocean/00004630.jpg
5906,101.White_Pelican/White_Pelican_0028_95950.jpg,1,0,1,3,/o/ocean/00004868.jpg
8445,144.Common_Tern/Common_Tern_0033_148675.jpg,1,0,1,3,/l/lake/natural/00002072.jpg
5922,102.Western_Wood_Pewee/Western_Wood_Pewee_0046_98113.jpg,1,0,1,3,/l/lake/natural/00000645.jpg
2597,046.Gadwall/Gadwall_0039_31013.jpg,1,0,1,3,/l/lake/natural/00003933.jpg
2516,044.Frigatebird/Frigatebird_0040_42860.jpg,1,0,1,3,/l/lake/natural/00003323.jpg
5211,090.Red_breasted_Merganser/Red_Breasted_Merganser_0081_79396.jpg,1,0,1,3,/o/ocean/00004839.jpg
2840,050.Eared_Grebe/Eared_Grebe_0053_34084.jpg,1,0,1,3,/l/lake/natural/00002020.jpg
5261,090.Red_breasted_Merganser/Red_Breasted_Merganser_0048_79323.jpg,1,0,1,3,/o/ocean/00001759.jpg
1312,024.Red_faced_Cormorant/Red_Faced_Cormorant_0061_796300.jpg,1,0,1,3,/o/ocean/00002223.jpg
2850,050.Eared_Grebe/Eared_Grebe_0020_34131.jpg,1,0,1,3,/l/lake/natural/00001556.jpg
275,005.Crested_Auklet/Crested_Auklet_0075_785259.jpg,1,0,1,3,/l/lake/natural/00000971.jpg
3398,059.California_Gull/California_Gull_0055_41218.jpg,1,0,1,3,/l/lake/natural/00002507.jpg
8405,144.Common_Tern/Common_Tern_0019_149769.jpg,1,0,1,3,/o/ocean/00002657.jpg
3476,060.Glaucous_winged_Gull/Glaucous_Winged_Gull_0005_44860.jpg,1,0,1,3,/l/lake/natural/00004928.jpg
80,002.Laysan_Albatross/Laysan_Albatross_0092_834.jpg,1,0,1,3,/o/ocean/00000759.jpg
5139,088.Western_Meadowlark/Western_Meadowlark_0095_78568.jpg,1,0,1,3,/o/ocean/00004933.jpg
5007,086.Pacific_Loon/Pacific_Loon_0034_75438.jpg,1,0,1,3,/l/lake/natural/00002664.jpg
2950,052.Pied_billed_Grebe/Pied_Billed_Grebe_0064_35843.jpg,1,0,1,3,/o/ocean/00001995.jpg
413,008.Rhinoceros_Auklet/Rhinoceros_Auklet_0049_797543.jpg,1,0,1,3,/o/ocean/00002304.jpg
4096,071.Long_tailed_Jaeger/Long_Tailed_Jaeger_0008_797066.jpg,1,0,1,3,/l/lake/natural/00000640.jpg
3559,062.Herring_Gull/Herring_Gull_0130_46675.jpg,1,0,1,3,/l/lake/natural/00004369.jpg
5945,102.Western_Wood_Pewee/Western_Wood_Pewee_0079_795047.jpg,1,0,1,3,/o/ocean/00002807.jpg
4079,071.Long_tailed_Jaeger/Long_Tailed_Jaeger_0027_60950.jpg,1,0,1,3,/o/ocean/00001809.jpg
2646,046.Gadwall/Gadwall_0034_31212.jpg,1,0,1,3,/o/ocean/00002563.jpg
3467,060.Glaucous_winged_Gull/Glaucous_Winged_Gull_0086_44268.jpg,1,0,1,3,/l/lake/natural/00002323.jpg
3479,060.Glaucous_winged_Gull/Glaucous_Winged_Gull_0110_44377.jpg,1,0,1,3,/l/lake/natural/00000209.jpg
368,007.Parakeet_Auklet/Parakeet_Auklet_0019_795987.jpg,1,0,1,3,/o/ocean/00004208.jpg
4134,071.Long_tailed_Jaeger/Long_Tailed_Jaeger_0053_60906.jpg,1,0,1,3,/o/ocean/00002318.jpg
1366,025.Pelagic_Cormorant/Pelagic_Cormorant_0038_23643.jpg,1,0,1,3,/o/ocean/00000497.jpg
5033,087.Mallard/Mallard_0026_76725.jpg,1,0,1,3,/o/ocean/00000167.jpg
2523,044.Frigatebird/Frigatebird_0022_43457.jpg,1,0,1,3,/l/lake/natural/00003262.jpg
8632,147.Least_Tern/Least_Tern_0006_153921.jpg,1,0,1,3,/o/ocean/00001195.jpg
5020,086.Pacific_Loon/Pacific_Loon_0006_75386.jpg,1,0,1,3,/l/lake/natural/00004483.jpg
3524,061.Heermann_Gull/Heermann_Gull_0053_45854.jpg,1,0,1,3,/l/lake/natural/00000078.jpg
8259,141.Artic_Tern/Artic_Tern_0105_141098.jpg,1,0,1,3,/o/ocean/00003396.jpg
3621,063.Ivory_Gull/Ivory_Gull_0089_49699.jpg,1,0,1,3,/o/ocean/00004201.jpg
8269,141.Artic_Tern/Artic_Tern_0122_142448.jpg,1,0,1,3,/o/ocean/00002725.jpg
8276,141.Artic_Tern/Artic_Tern_0107_141181.jpg,1,0,1,3,/l/lake/natural/00001647.jpg
5825,100.Brown_Pelican/Brown_Pelican_0031_93874.jpg,1,0,1,3,/o/ocean/00004850.jpg
4095,071.Long_tailed_Jaeger/Long_Tailed_Jaeger_0006_797065.jpg,1,0,1,3,/o/ocean/00000951.jpg
8281,141.Artic_Tern/Artic_Tern_0116_143613.jpg,1,0,1,3,/l/lake/natural/00001988.jpg
8422,144.Common_Tern/Common_Tern_0094_148309.jpg,1,0,1,3,/o/ocean/00001527.jpg
364,007.Parakeet_Auklet/Parakeet_Auklet_0048_795980.jpg,1,0,1,3,/o/ocean/00001875.jpg
2517,044.Frigatebird/Frigatebird_0006_43381.jpg,1,0,1,3,/l/lake/natural/00004837.jpg
8245,141.Artic_Tern/Artic_Tern_0021_143477.jpg,1,0,1,3,/o/ocean/00000219.jpg
1122,021.Eastern_Towhee/Eastern_Towhee_0099_22566.jpg,1,0,1,3,/l/lake/natural/00002969.jpg
8240,141.Artic_Tern/Artic_Tern_0080_140889.jpg,1,0,1,3,/o/ocean/00001099.jpg
5,001.Black_footed_Albatross/Black_Footed_Albatross_0014_89.jpg,1,0,1,3,/l/lake/natural/00001573.jpg
3397,059.California_Gull/California_Gull_0046_41209.jpg,1,0,1,3,/o/ocean/00003603.jpg
137,003.Sooty_Albatross/Sooty_Albatross_0034_1154.jpg,1,0,1,3,/o/ocean/00002776.jpg
2930,051.Horned_Grebe/Horned_Grebe_0019_34811.jpg,1,0,1,3,/l/lake/natural/00002785.jpg
2966,052.Pied_billed_Grebe/Pied_Billed_Grebe_0032_35931.jpg,1,0,1,3,/l/lake/natural/00001510.jpg
3002,052.Pied_billed_Grebe/Pied_Billed_Grebe_0015_35289.jpg,1,0,1,3,/l/lake/natural/00002819.jpg
5260,090.Red_breasted_Merganser/Red_Breasted_Merganser_0044_79321.jpg,1,0,1,3,/o/ocean/00001310.jpg
8486,145.Elegant_Tern/Elegant_Tern_0046_150905.jpg,1,0,1,3,/l/lake/natural/00000910.jpg
2914,051.Horned_Grebe/Horned_Grebe_0072_34497.jpg,1,0,1,3,/o/ocean/00002219.jpg
3783,066.Western_Gull/Western_Gull_0089_55306.jpg,1,0,1,3,/l/lake/natural/00000899.jpg
123,003.Sooty_Albatross/Sooty_Albatross_0001_1071.jpg,1,0,1,3,/o/ocean/00000464.jpg
8379,143.Caspian_Tern/Caspian_Tern_0009_145057.jpg,1,0,1,3,/o/ocean/00003905.jpg
2927,051.Horned_Grebe/Horned_Grebe_0101_35203.jpg,1,0,1,3,/l/lake/natural/00001223.jpg
4131,071.Long_tailed_Jaeger/Long_Tailed_Jaeger_0041_60891.jpg,1,0,1,3,/l/lake/natural/00003997.jpg
3736,065.Slaty_backed_Gull/Slaty_Backed_Gull_0076_796005.jpg,1,0,1,3,/l/lake/natural/00003949.jpg
1310,024.Red_faced_Cormorant/Red_Faced_Cormorant_0048_796296.jpg,1,0,1,3,/l/lake/natural/00001672.jpg
2945,051.Horned_Grebe/Horned_Grebe_0049_34779.jpg,1,0,1,3,/o/ocean/00003898.jpg
9,001.Black_footed_Albatross/Black_Footed_Albatross_0010_796097.jpg,1,0,1,3,/o/ocean/00000678.jpg
6156,106.Horned_Puffin/Horned_Puffin_0034_100895.jpg,1,0,1,3,/l/lake/natural/00002927.jpg
5908,101.White_Pelican/White_Pelican_0050_97913.jpg,1,0,1,3,/o/ocean/00001300.jpg
5851,100.Brown_Pelican/Brown_Pelican_0088_94076.jpg,1,0,1,3,/l/lake/natural/00002979.jpg
257,005.Crested_Auklet/Crested_Auklet_0001_794941.jpg,1,0,1,3,/l/lake/natural/00001662.jpg
8264,141.Artic_Tern/Artic_Tern_0101_141075.jpg,1,0,1,3,/o/ocean/00001472.jpg
2623,046.Gadwall/Gadwall_0066_31557.jpg,1,0,1,3,/o/ocean/00003698.jpg
8241,141.Artic_Tern/Artic_Tern_0026_141839.jpg,1,0,1,3,/o/ocean/00004139.jpg
3784,066.Western_Gull/Western_Gull_0124_53838.jpg,1,0,1,3,/l/lake/natural/00002427.jpg
3687,064.Ring_billed_Gull/Ring_Billed_Gull_0125_51307.jpg,1,0,1,3,/o/ocean/00001191.jpg
5249,090.Red_breasted_Merganser/Red_Breasted_Merganser_0054_79542.jpg,1,0,1,3,/o/ocean/00000960.jpg
5919,102.Western_Wood_Pewee/Western_Wood_Pewee_0021_98101.jpg,1,0,1,3,/l/lake/natural/00004131.jpg
8471,145.Elegant_Tern/Elegant_Tern_0064_150822.jpg,1,0,1,3,/o/ocean/00004578.jpg
8480,145.Elegant_Tern/Elegant_Tern_0026_150869.jpg,1,0,1,3,/l/lake/natural/00004778.jpg
3041,053.Western_Grebe/Western_Grebe_0047_36203.jpg,1,0,1,3,/o/ocean/00004692.jpg
5244,090.Red_breasted_Merganser/Red_Breasted_Merganser_0022_79274.jpg,1,0,1,3,/l/lake/natural/00004482.jpg
8597,147.Least_Tern/Least_Tern_0068_153738.jpg,1,0,1,3,/o/ocean/00003189.jpg
1326,024.Red_faced_Cormorant/Red_Faced_Cormorant_0028_796322.jpg,1,0,1,3,/o/ocean/00001688.jpg
5931,102.Western_Wood_Pewee/Western_Wood_Pewee_0007_97985.jpg,1,0,1,3,/o/ocean/00001280.jpg
245,005.Crested_Auklet/Crested_Auklet_0029_1824.jpg,1,0,1,3,/l/lake/natural/00003506.jpg
269,005.Crested_Auklet/Crested_Auklet_0066_785251.jpg,1,0,1,3,/l/lake/natural/00001412.jpg
8553,146.Forsters_Tern/Forsters_Tern_0119_152709.jpg,1,0,1,3,/o/ocean/00002366.jpg
4160,072.Pomarine_Jaeger/Pomarine_Jaeger_0046_61301.jpg,1,0,1,3,/o/ocean/00003583.jpg
3738,065.Slaty_backed_Gull/Slaty_Backed_Gull_0043_796009.jpg,1,0,1,3,/o/ocean/00002888.jpg
8374,143.Caspian_Tern/Caspian_Tern_0011_146058.jpg,1,0,1,3,/l/lake/natural/00004257.jpg
4867,084.Red_legged_Kittiwake/Red_Legged_Kittiwake_0022_795418.jpg,1,0,1,3,/o/ocean/00004120.jpg
3752,065.Slaty_backed_Gull/Slaty_Backed_Gull_0031_796029.jpg,1,0,1,3,/l/lake/natural/00001161.jpg
2,001.Black_footed_Albatross/Black_Footed_Albatross_0009_34.jpg,1,0,1,3,/o/ocean/00004984.jpg
5874,101.White_Pelican/White_Pelican_0035_96312.jpg,1,0,1,3,/l/lake/natural/00004194.jpg
1280,023.Brandt_Cormorant/Brandt_Cormorant_0035_23000.jpg,1,0,1,3,/l/lake/natural/00001831.jpg
4,001.Black_footed_Albatross/Black_Footed_Albatross_0074_59.jpg,1,0,1,3,/l/lake/natural/00004593.jpg
1365,025.Pelagic_Cormorant/Pelagic_Cormorant_0064_23641.jpg,1,0,1,3,/l/lake/natural/00000984.jpg
5864,100.Brown_Pelican/Brown_Pelican_0056_95229.jpg,1,0,1,3,/o/ocean/00002719.jpg
3462,060.Glaucous_winged_Gull/Glaucous_Winged_Gull_0126_44761.jpg,1,0,1,3,/l/lake/natural/00003688.jpg
1328,024.Red_faced_Cormorant/Red_Faced_Cormorant_0045_796324.jpg,1,0,1,3,/o/ocean/00004548.jpg
3602,062.Herring_Gull/Herring_Gull_0095_48058.jpg,1,0,1,3,/l/lake/natural/00004493.jpg
3439,060.Glaucous_winged_Gull/Glaucous_Winged_Gull_0002_44612.jpg,1,0,1,3,/l/lake/natural/00002093.jpg
5876,101.White_Pelican/White_Pelican_0071_96061.jpg,1,0,1,3,/l/lake/natural/00003948.jpg
3426,059.California_Gull/California_Gull_0031_41469.jpg,1,0,1,3,/o/ocean/00003187.jpg
287,006.Least_Auklet/Least_Auklet_0016_1903.jpg,1,0,1,3,/l/lake/natural/00004464.jpg
2907,051.Horned_Grebe/Horned_Grebe_0090_34640.jpg,1,0,1,3,/o/ocean/00000295.jpg
1252,023.Brandt_Cormorant/Brandt_Cormorant_0044_22884.jpg,1,0,1,3,/o/ocean/00000548.jpg
8584,147.Least_Tern/Least_Tern_0109_154127.jpg,1,0,1,3,/o/ocean/00000901.jpg
5968,102.Western_Wood_Pewee/Western_Wood_Pewee_0047_98274.jpg,1,0,1,3,/l/lake/natural/00000105.jpg
5950,102.Western_Wood_Pewee/Western_Wood_Pewee_0020_795054.jpg,1,0,1,3,/o/ocean/00001422.jpg
62,002.Laysan_Albatross/Laysan_Albatross_0003_1033.jpg,1,0,1,3,/l/lake/natural/00000749.jpg
84,002.Laysan_Albatross/Laysan_Albatross_0099_869.jpg,1,0,1,3,/o/ocean/00001283.jpg
3014,053.Western_Grebe/Western_Grebe_0099_36112.jpg,1,0,1,3,/l/lake/natural/00000101.jpg
31,001.Black_footed_Albatross/Black_Footed_Albatross_0047_796064.jpg,1,0,1,3,/o/ocean/00004218.jpg
2973,052.Pied_billed_Grebe/Pied_Billed_Grebe_0005_35437.jpg,1,0,1,3,/l/lake/natural/00001925.jpg
8236,141.Artic_Tern/Artic_Tern_0112_141893.jpg,1,0,1,3,/l/lake/natural/00001038.jpg
4093,071.Long_tailed_Jaeger/Long_Tailed_Jaeger_0005_797062.jpg,1,0,1,3,/o/ocean/00004997.jpg
1337,024.Red_faced_Cormorant/Red_Faced_Cormorant_0062_796336.jpg,1,0,1,3,/l/lake/natural/00004488.jpg
366,007.Parakeet_Auklet/Parakeet_Auklet_0003_795982.jpg,1,0,1,3,/l/lake/natural/00004430.jpg
3486,060.Glaucous_winged_Gull/Glaucous_Winged_Gull_0051_44543.jpg,1,0,1,3,/l/lake/natural/00000689.jpg
4174,072.Pomarine_Jaeger/Pomarine_Jaeger_0032_795789.jpg,1,0,1,3,/o/ocean/00002951.jpg
3658,063.Ivory_Gull/Ivory_Gull_0059_49662.jpg,1,0,1,3,/l/lake/natural/00001368.jpg
3371,059.California_Gull/California_Gull_0096_40978.jpg,1,0,1,3,/o/ocean/00001547.jpg
2870,050.Eared_Grebe/Eared_Grebe_0052_34205.jpg,1,0,1,3,/o/ocean/00002516.jpg
8341,142.Black_Tern/Black_Tern_0097_144724.jpg,1,0,1,3,/l/lake/natural/00003443.jpg
3805,066.Western_Gull/Western_Gull_0006_53504.jpg,1,0,1,3,/l/lake/natural/00004556.jpg
2502,044.Frigatebird/Frigatebird_0004_43221.jpg,1,0,1,3,/o/ocean/00003174.jpg
8361,143.Caspian_Tern/Caspian_Tern_0101_145164.jpg,1,0,1,3,/l/lake/natural/00003705.jpg
341,007.Parakeet_Auklet/Parakeet_Auklet_0043_795948.jpg,1,0,1,3,/l/lake/natural/00002881.jpg
2962,052.Pied_billed_Grebe/Pied_Billed_Grebe_0081_35409.jpg,1,0,1,3,/l/lake/natural/00000604.jpg
4103,071.Long_tailed_Jaeger/Long_Tailed_Jaeger_0038_797077.jpg,1,0,1,3,/o/ocean/00000919.jpg
1369,025.Pelagic_Cormorant/Pelagic_Cormorant_0029_23545.jpg,1,0,1,3,/l/lake/natural/00001952.jpg
3430,060.Glaucous_winged_Gull/Glaucous_Winged_Gull_0049_45065.jpg,1,0,1,3,/o/ocean/00001221.jpg
284,006.Least_Auklet/Least_Auklet_0050_1924.jpg,1,0,1,3,/l/lake/natural/00003716.jpg
8358,143.Caspian_Tern/Caspian_Tern_0105_145673.jpg,1,0,1,3,/l/lake/natural/00002443.jpg
5932,102.Western_Wood_Pewee/Western_Wood_Pewee_0015_98184.jpg,1,0,1,3,/o/ocean/00001705.jpg
8,001.Black_footed_Albatross/Black_Footed_Albatross_0051_796103.jpg,1,0,1,3,/l/lake/natural/00001199.jpg
8233,141.Artic_Tern/Artic_Tern_0012_143410.jpg,1,0,1,3,/o/ocean/00001515.jpg
399,008.Rhinoceros_Auklet/Rhinoceros_Auklet_0029_797520.jpg,1,0,1,3,/l/lake/natural/00001270.jpg
8321,142.Black_Tern/Black_Tern_0009_144046.jpg,1,0,1,3,/l/lake/natural/00004564.jpg
2643,046.Gadwall/Gadwall_0091_30941.jpg,1,0,1,3,/l/lake/natural/00001287.jpg
2546,045.Northern_Fulmar/Northern_Fulmar_0095_43860.jpg,1,0,1,3,/l/lake/natural/00001695.jpg
8231,141.Artic_Tern/Artic_Tern_0056_141858.jpg,1,0,1,3,/o/ocean/00004556.jpg
3533,061.Heermann_Gull/Heermann_Gull_0102_45904.jpg,1,0,1,3,/o/ocean/00003424.jpg
8462,144.Common_Tern/Common_Tern_0053_148472.jpg,1,0,1,3,/o/ocean/00002099.jpg
4078,071.Long_tailed_Jaeger/Long_Tailed_Jaeger_0012_797101.jpg,1,0,1,3,/o/ocean/00003477.jpg
4868,084.Red_legged_Kittiwake/Red_Legged_Kittiwake_0066_795419.jpg,1,0,1,3,/o/ocean/00000397.jpg
8436,144.Common_Tern/Common_Tern_0071_148796.jpg,1,0,1,3,/l/lake/natural/00002874.jpg
1139,021.Eastern_Towhee/Eastern_Towhee_0054_22147.jpg,1,0,1,3,/l/lake/natural/00004195.jpg
5001,086.Pacific_Loon/Pacific_Loon_0022_75405.jpg,1,0,1,3,/o/ocean/00000139.jpg
4974,086.Pacific_Loon/Pacific_Loon_0054_75543.jpg,1,0,1,3,/o/ocean/00001708.jpg
4090,071.Long_tailed_Jaeger/Long_Tailed_Jaeger_0061_61049.jpg,1,0,1,3,/l/lake/natural/00001286.jpg
8237,141.Artic_Tern/Artic_Tern_0039_141390.jpg,1,0,1,3,/l/lake/natural/00002295.jpg
5902,101.White_Pelican/White_Pelican_0005_95916.jpg,1,0,1,3,/o/ocean/00004661.jpg
2542,045.Northern_Fulmar/Northern_Fulmar_0019_43853.jpg,1,0,1,3,/l/lake/natural/00004290.jpg
3588,062.Herring_Gull/Herring_Gull_0039_46420.jpg,1,0,1,3,/l/lake/natural/00001021.jpg
3832,066.Western_Gull/Western_Gull_0022_54607.jpg,1,0,1,3,/l/lake/natural/00002503.jpg
4122,071.Long_tailed_Jaeger/Long_Tailed_Jaeger_0037_797099.jpg,1,0,1,3,/o/ocean/00004382.jpg
3459,060.Glaucous_winged_Gull/Glaucous_Winged_Gull_0129_44742.jpg,1,0,1,3,/l/lake/natural/00004983.jpg
5018,086.Pacific_Loon/Pacific_Loon_0023_75476.jpg,1,0,1,3,/l/lake/natural/00003829.jpg
8643,147.Least_Tern/Least_Tern_0038_153087.jpg,1,0,1,3,/o/ocean/00002385.jpg
1120,021.Eastern_Towhee/Eastern_Towhee_0052_22558.jpg,1,0,1,3,/l/lake/natural/00001707.jpg
3424,059.California_Gull/California_Gull_0019_41377.jpg,1,0,1,3,/o/ocean/00000109.jpg
289,006.Least_Auklet/Least_Auklet_0015_795065.jpg,1,0,1,3,/l/lake/natural/00000113.jpg
3035,053.Western_Grebe/Western_Grebe_0032_36439.jpg,1,0,1,3,/o/ocean/00003355.jpg
3484,060.Glaucous_winged_Gull/Glaucous_Winged_Gull_0096_45012.jpg,1,0,1,3,/o/ocean/00001326.jpg
2645,046.Gadwall/Gadwall_0071_31655.jpg,1,0,1,3,/l/lake/natural/00004960.jpg
362,007.Parakeet_Auklet/Parakeet_Auklet_0074_795976.jpg,1,0,1,3,/o/ocean/00002157.jpg
1270,023.Brandt_Cormorant/Brandt_Cormorant_0015_23198.jpg,1,0,1,3,/l/lake/natural/00003344.jpg
301,006.Least_Auklet/Least_Auklet_0052_795088.jpg,1,0,1,3,/l/lake/natural/00002789.jpg
3320,058.Pigeon_Guillemot/Pigeon_Guillemot_0083_39980.jpg,1,0,1,3,/l/lake/natural/00004695.jpg
5019,086.Pacific_Loon/Pacific_Loon_0012_75736.jpg,1,0,1,3,/l/lake/natural/00002667.jpg
416,008.Rhinoceros_Auklet/Rhinoceros_Auklet_0017_2155.jpg,1,0,1,3,/o/ocean/00003153.jpg
5812,100.Brown_Pelican/Brown_Pelican_0103_94787.jpg,1,0,1,3,/l/lake/natural/00000474.jpg
3681,064.Ring_billed_Gull/Ring_Billed_Gull_0033_51288.jpg,1,0,1,3,/l/lake/natural/00002334.jpg
2933,051.Horned_Grebe/Horned_Grebe_0006_34718.jpg,1,0,1,3,/l/lake/natural/00003381.jpg
421,008.Rhinoceros_Auklet/Rhinoceros_Auklet_0033_2169.jpg,1,0,1,3,/o/ocean/00002636.jpg
8309,142.Black_Tern/Black_Tern_0099_144242.jpg,1,0,1,3,/l/lake/natural/00002127.jpg
3650,063.Ivory_Gull/Ivory_Gull_0065_49566.jpg,1,0,1,3,/l/lake/natural/00000159.jpg
3553,062.Herring_Gull/Herring_Gull_0042_46637.jpg,1,0,1,3,/o/ocean/00000900.jpg
294,006.Least_Auklet/Least_Auklet_0008_795071.jpg,1,0,1,3,/l/lake/natural/00001275.jpg
3038,053.Western_Grebe/Western_Grebe_0093_36193.jpg,1,0,1,3,/l/lake/natural/00003749.jpg
5138,088.Western_Meadowlark/Western_Meadowlark_0118_78820.jpg,1,0,1,3,/o/ocean/00004876.jpg
9119,156.White_eyed_Vireo/White_Eyed_Vireo_0122_159284.jpg,0,1,0,0,/f/forest/broadleaf/00001317.jpg
7704,132.White_crowned_Sparrow/White_Crowned_Sparrow_0021_127092.jpg,0,1,0,0,/f/forest/broadleaf/00001785.jpg
874,016.Painted_Bunting/Painted_Bunting_0099_16525.jpg,0,1,0,0,/f/forest/broadleaf/00004464.jpg
5504,094.White_breasted_Nuthatch/White_Breasted_Nuthatch_0128_86947.jpg,0,1,0,0,/b/bamboo_forest/00003275.jpg
4614,080.Green_Kingfisher/Green_Kingfisher_0011_71183.jpg,0,1,0,0,/f/forest/broadleaf/00000418.jpg
6983,120.Fox_Sparrow/Fox_Sparrow_0092_114774.jpg,0,1,0,0,/f/forest/broadleaf/00004148.jpg
7407,127.Savannah_Sparrow/Savannah_Sparrow_0008_118929.jpg,0,1,0,0,/f/forest/broadleaf/00004095.jpg
7044,121.Grasshopper_Sparrow/Grasshopper_Sparrow_0125_116031.jpg,0,1,0,0,/b/bamboo_forest/00000250.jpg
6351,109.American_Redstart/American_Redstart_0049_103176.jpg,0,1,0,0,/f/forest/broadleaf/00003625.jpg
11397,194.Cactus_Wren/Cactus_Wren_0001_185645.jpg,0,1,0,0,/f/forest/broadleaf/00003459.jpg
593,011.Rusty_Blackbird/Rusty_Blackbird_0108_6867.jpg,0,1,0,0,/b/bamboo_forest/00000788.jpg
6958,119.Field_Sparrow/Field_Sparrow_0106_113350.jpg,0,1,0,0,/f/forest/broadleaf/00003305.jpg
631,012.Yellow_headed_Blackbird/Yellow_Headed_Blackbird_0062_8310.jpg,0,1,0,0,/b/bamboo_forest/00003297.jpg
4453,077.Tropical_Kingbird/Tropical_Kingbird_0074_69949.jpg,0,1,0,0,/f/forest/broadleaf/00001207.jpg
6754,116.Chipping_Sparrow/Chipping_Sparrow_0098_108644.jpg,0,1,0,0,/f/forest/broadleaf/00003522.jpg
678,013.Bobolink/Bobolink_0065_9375.jpg,0,1,0,0,/b/bamboo_forest/00000072.jpg
2270,040.Olive_sided_Flycatcher/Olive_Sided_Flycatcher_0034_30672.jpg,0,1,0,0,/f/forest/broadleaf/00001912.jpg
11580,197.Marsh_Wren/Marsh_Wren_0039_188201.jpg,0,1,0,0,/b/bamboo_forest/00002591.jpg
6985,120.Fox_Sparrow/Fox_Sparrow_0053_114780.jpg,0,1,0,0,/f/forest/broadleaf/00003080.jpg
1978,035.Purple_Finch/Purple_Finch_0088_28076.jpg,0,1,0,0,/f/forest/broadleaf/00004150.jpg
4786,082.Ringed_Kingfisher/Ringed_Kingfisher_0008_72943.jpg,0,1,0,0,/f/forest/broadleaf/00004353.jpg
1821,033.Yellow_billed_Cuckoo/Yellow_Billed_Cuckoo_0009_26656.jpg,0,1,0,0,/b/bamboo_forest/00000744.jpg
4508,078.Gray_Kingbird/Gray_Kingbird_0009_795023.jpg,0,1,0,0,/b/bamboo_forest/00000297.jpg
9150,156.White_eyed_Vireo/White_Eyed_Vireo_0118_159036.jpg,0,1,0,0,/b/bamboo_forest/00001311.jpg
3961,069.Rufous_Hummingbird/Rufous_Hummingbird_0102_59414.jpg,0,1,0,0,/f/forest/broadleaf/00002930.jpg
5430,093.Clark_Nutcracker/Clark_Nutcracker_0058_85384.jpg,0,1,0,0,/b/bamboo_forest/00003895.jpg
9287,158.Bay_breasted_Warbler/Bay_Breasted_Warbler_0020_159737.jpg,0,1,0,0,/b/bamboo_forest/00003889.jpg
5518,095.Baltimore_Oriole/Baltimore_Oriole_0084_89684.jpg,0,1,0,0,/b/bamboo_forest/00004877.jpg
7504,128.Seaside_Sparrow/Seaside_Sparrow_0044_119287.jpg,0,1,0,0,/f/forest/broadleaf/00002810.jpg
10739,183.Northern_Waterthrush/Northern_Waterthrush_0076_176986.jpg,0,1,0,0,/f/forest/broadleaf/00002986.jpg
7154,123.Henslow_Sparrow/Henslow_Sparrow_0096_116758.jpg,0,1,0,0,/f/forest/broadleaf/00000855.jpg
5718,098.Scott_Oriole/Scott_Oriole_0043_795828.jpg,0,1,0,0,/f/forest/broadleaf/00000096.jpg
10306,175.Pine_Warbler/Pine_Warbler_0041_171477.jpg,0,1,0,0,/f/forest/broadleaf/00000480.jpg
1115,020.Yellow_breasted_Chat/Yellow_Breasted_Chat_0013_22008.jpg,0,1,0,0,/f/forest/broadleaf/00002978.jpg
4259,074.Florida_Jay/Florida_Jay_0003_65036.jpg,0,1,0,0,/f/forest/broadleaf/00000351.jpg
581,011.Rusty_Blackbird/Rusty_Blackbird_0036_6550.jpg,0,1,0,0,/f/forest/broadleaf/00004989.jpg
537,010.Red_winged_Blackbird/Red_Winged_Blackbird_0025_5342.jpg,0,1,0,0,/b/bamboo_forest/00002142.jpg
11582,197.Marsh_Wren/Marsh_Wren_0097_188214.jpg,0,1,0,0,/b/bamboo_forest/00001682.jpg
8754,149.Brown_Thrasher/Brown_Thrasher_0095_155082.jpg,0,1,0,0,/b/bamboo_forest/00002404.jpg
11691,199.Winter_Wren/Winter_Wren_0113_189558.jpg,0,1,0,0,/b/bamboo_forest/00004914.jpg
5563,095.Baltimore_Oriole/Baltimore_Oriole_0007_88038.jpg,0,1,0,0,/f/forest/broadleaf/00004894.jpg
187,004.Groove_billed_Ani/Groove_Billed_Ani_0105_1562.jpg,0,1,0,0,/f/forest/broadleaf/00003027.jpg
3215,056.Pine_Grosbeak/Pine_Grosbeak_0043_38992.jpg,0,1,0,0,/f/forest/broadleaf/00000703.jpg
9496,162.Canada_Warbler/Canada_Warbler_0091_162378.jpg,0,1,0,0,/b/bamboo_forest/00004420.jpg
6026,103.Sayornis/Sayornis_0056_99553.jpg,0,1,0,0,/b/bamboo_forest/00000867.jpg
9859,168.Kentucky_Warbler/Kentucky_Warbler_0072_165305.jpg,0,1,0,0,/b/bamboo_forest/00003022.jpg
9568,163.Cape_May_Warbler/Cape_May_Warbler_0013_163052.jpg,0,1,0,0,/f/forest/broadleaf/00004358.jpg
11451,195.Carolina_Wren/Carolina_Wren_0095_186561.jpg,0,1,0,0,/b/bamboo_forest/00004178.jpg
7265,124.Le_Conte_Sparrow/Le_Conte_Sparrow_0067_117146.jpg,0,1,0,0,/b/bamboo_forest/00003733.jpg
10458,178.Swainson_Warbler/Swainson_Warbler_0002_174683.jpg,0,1,0,0,/f/forest/broadleaf/00004392.jpg
11493,196.House_Wren/House_Wren_0087_187946.jpg,0,1,0,0,/f/forest/broadleaf/00002425.jpg
10820,184.Louisiana_Waterthrush/Louisiana_Waterthrush_0001_795271.jpg,0,1,0,0,/f/forest/broadleaf/00000533.jpg
2659,047.American_Goldfinch/American_Goldfinch_0128_32333.jpg,0,1,0,0,/f/forest/broadleaf/00004552.jpg
870,016.Painted_Bunting/Painted_Bunting_0087_15232.jpg,0,1,0,0,/f/forest/broadleaf/00004078.jpg
3288,057.Rose_breasted_Grosbeak/Rose_Breasted_Grosbeak_0135_39227.jpg,0,1,0,0,/b/bamboo_forest/00001017.jpg
4006,069.Rufous_Hummingbird/Rufous_Hummingbird_0113_59444.jpg,0,1,0,0,/b/bamboo_forest/00000516.jpg
11782,200.Common_Yellowthroat/Common_Yellowthroat_0094_190690.jpg,0,1,0,0,/f/forest/broadleaf/00003404.jpg
10834,184.Louisiana_Waterthrush/Louisiana_Waterthrush_0082_177596.jpg,0,1,0,0,/f/forest/broadleaf/00004688.jpg
11613,198.Rock_Wren/Rock_Wren_0024_188942.jpg,0,1,0,0,/f/forest/broadleaf/00000973.jpg
7892,135.Bank_Swallow/Bank_Swallow_0002_129654.jpg,0,1,0,0,/b/bamboo_forest/00000248.jpg
6418,110.Geococcyx/Geococcyx_0117_104227.jpg,0,1,0,0,/b/bamboo_forest/00004417.jpg
1224,022.Chuck_will_Widow/Chuck_Will_Widow_0005_796998.jpg,0,1,0,0,/b/bamboo_forest/00004655.jpg
5367,092.Nighthawk/Nighthawk_0051_82619.jpg,0,1,0,0,/b/bamboo_forest/00003608.jpg
780,015.Lazuli_Bunting/Lazuli_Bunting_0073_14594.jpg,0,1,0,0,/f/forest/broadleaf/00002782.jpg
7211,124.Le_Conte_Sparrow/Le_Conte_Sparrow_0020_117035.jpg,0,1,0,0,/b/bamboo_forest/00002498.jpg
1051,019.Gray_Catbird/Gray_Catbird_0027_20968.jpg,0,1,0,0,/b/bamboo_forest/00000813.jpg
7774,133.White_throated_Sparrow/White_Throated_Sparrow_0031_128808.jpg,0,1,0,0,/b/bamboo_forest/00000185.jpg
7861,134.Cape_Glossy_Starling/Cape_Glossy_Starling_0012_129225.jpg,0,1,0,0,/f/forest/broadleaf/00000740.jpg
5354,092.Nighthawk/Nighthawk_0019_83850.jpg,0,1,0,0,/f/forest/broadleaf/00001817.jpg
2058,037.Acadian_Flycatcher/Acadian_Flycatcher_0016_29217.jpg,0,1,0,0,/b/bamboo_forest/00004024.jpg
5492,094.White_breasted_Nuthatch/White_Breasted_Nuthatch_0131_86416.jpg,0,1,0,0,/f/forest/broadleaf/00004762.jpg
11403,194.Cactus_Wren/Cactus_Wren_0033_186014.jpg,0,1,0,0,/f/forest/broadleaf/00004338.jpg
6121,105.Whip_poor_Will/Whip_Poor_Will_0049_83621.jpg,0,1,0,0,/f/forest/broadleaf/00000549.jpg
7713,132.White_crowned_Sparrow/White_Crowned_Sparrow_0068_126156.jpg,0,1,0,0,/f/forest/broadleaf/00000894.jpg
9774,167.Hooded_Warbler/Hooded_Warbler_0012_164891.jpg,0,1,1,1,/l/lake/natural/00001581.jpg
11635,198.Rock_Wren/Rock_Wren_0012_189021.jpg,0,1,1,1,/o/ocean/00003208.jpg
947,017.Cardinal/Cardinal_0057_17128.jpg,0,1,1,1,/l/lake/natural/00003520.jpg
1973,035.Purple_Finch/Purple_Finch_0134_27526.jpg,0,1,1,1,/l/lake/natural/00000628.jpg
5783,099.Ovenbird/Ovenbird_0064_93208.jpg,0,1,1,1,/o/ocean/00001210.jpg
6455,111.Loggerhead_Shrike/Loggerhead_Shrike_0073_106097.jpg,0,1,1,1,/o/ocean/00001713.jpg
2755,048.European_Goldfinch/European_Goldfinch_0008_33153.jpg,0,1,1,1,/o/ocean/00001792.jpg
1957,035.Purple_Finch/Purple_Finch_0081_27913.jpg,0,1,1,1,/o/ocean/00003752.jpg
5662,097.Orchard_Oriole/Orchard_Oriole_0033_91532.jpg,0,1,1,1,/o/ocean/00002057.jpg
9969,170.Mourning_Warbler/Mourning_Warbler_0052_166537.jpg,0,1,1,1,/o/ocean/00000033.jpg
3928,068.Ruby_throated_Hummingbird/Ruby_Throated_Hummingbird_0079_58075.jpg,0,1,1,1,/l/lake/natural/00002632.jpg
10920,186.Cedar_Waxwing/Cedar_Waxwing_0013_178830.jpg,0,1,1,1,/l/lake/natural/00001642.jpg
5300,091.Mockingbird/Mockingbird_0109_79682.jpg,0,1,1,1,/o/ocean/00000645.jpg
9700,165.Chestnut_sided_Warbler/Chestnut_Sided_Warbler_0107_164040.jpg,0,1,1,1,/o/ocean/00001882.jpg
7935,136.Barn_Swallow/Barn_Swallow_0056_132916.jpg,0,1,1,1,/o/ocean/00001894.jpg
727,014.Indigo_Bunting/Indigo_Bunting_0028_12335.jpg,0,1,1,1,/o/ocean/00002640.jpg
4946,085.Horned_Lark/Horned_Lark_0035_74555.jpg,0,1,1,1,/o/ocean/00004037.jpg
3205,056.Pine_Grosbeak/Pine_Grosbeak_0036_38968.jpg,0,1,1,1,/o/ocean/00000784.jpg
11022,188.Pileated_Woodpecker/Pileated_Woodpecker_0028_180258.jpg,0,1,1,1,/l/lake/natural/00003461.jpg
5611,096.Hooded_Oriole/Hooded_Oriole_0043_90499.jpg,0,1,1,1,/o/ocean/00002580.jpg
1026,019.Gray_Catbird/Gray_Catbird_0001_20695.jpg,0,1,1,1,/l/lake/natural/00003299.jpg
1961,035.Purple_Finch/Purple_Finch_0006_27950.jpg,0,1,1,1,/o/ocean/00002938.jpg
9068,155.Warbling_Vireo/Warbling_Vireo_0002_158319.jpg,0,1,1,1,/l/lake/natural/00003244.jpg
11177,190.Red_cockaded_Woodpecker/Red_Cockaded_Woodpecker_0033_794721.jpg,0,1,1,1,/o/ocean/00003178.jpg
559,011.Rusty_Blackbird/Rusty_Blackbird_0076_6716.jpg,0,1,1,1,/l/lake/natural/00004047.jpg
5609,096.Hooded_Oriole/Hooded_Oriole_0079_89978.jpg,0,1,1,1,/l/lake/natural/00002537.jpg
11084,189.Red_bellied_Woodpecker/Red_Bellied_Woodpecker_0055_180768.jpg,0,1,1,1,/l/lake/natural/00001967.jpg
1405,026.Bronzed_Cowbird/Bronzed_Cowbird_0012_796247.jpg,0,1,1,1,/l/lake/natural/00002749.jpg
10954,186.Cedar_Waxwing/Cedar_Waxwing_0054_178141.jpg,0,1,1,1,/o/ocean/00002674.jpg
10870,185.Bohemian_Waxwing/Bohemian_Waxwing_0092_796666.jpg,0,1,1,1,/l/lake/natural/00003151.jpg
4291,074.Florida_Jay/Florida_Jay_0093_64675.jpg,0,1,1,1,/l/lake/natural/00002153.jpg
2794,049.Boat_tailed_Grackle/Boat_Tailed_Grackle_0085_33384.jpg,0,1,1,1,/l/lake/natural/00003586.jpg
10728,183.Northern_Waterthrush/Northern_Waterthrush_0049_177173.jpg,0,1,1,1,/o/ocean/00001073.jpg
8799,150.Sage_Thrasher/Sage_Thrasher_0033_155511.jpg,0,1,1,1,/l/lake/natural/00001560.jpg
8938,153.Philadelphia_Vireo/Philadelphia_Vireo_0074_156492.jpg,0,1,1,1,/l/lake/natural/00004201.jpg
10413,177.Prothonotary_Warbler/Prothonotary_Warbler_0008_173425.jpg,0,1,1,1,/o/ocean/00004136.jpg
5803,099.Ovenbird/Ovenbird_0135_93168.jpg,0,1,1,1,/l/lake/natural/00003015.jpg
539,010.Red_winged_Blackbird/Red_Winged_Blackbird_0105_4842.jpg,0,1,1,1,/l/lake/natural/00000160.jpg
9906,169.Magnolia_Warbler/Magnolia_Warbler_0137_165507.jpg,0,1,1,1,/l/lake/natural/00000422.jpg
10850,185.Bohemian_Waxwing/Bohemian_Waxwing_0097_177944.jpg,0,1,1,1,/o/ocean/00000956.jpg
2426,043.Yellow_bellied_Flycatcher/Yellow_Bellied_Flycatcher_0023_795478.jpg,0,1,1,1,/l/lake/natural/00003535.jpg
1883,034.Gray_crowned_Rosy_Finch/Gray_Crowned_Rosy_Finch_0068_27196.jpg,0,1,1,1,/l/lake/natural/00003728.jpg
6771,116.Chipping_Sparrow/Chipping_Sparrow_0030_109741.jpg,0,1,1,1,/o/ocean/00003658.jpg
7152,123.Henslow_Sparrow/Henslow_Sparrow_0081_116755.jpg,0,1,1,1,/l/lake/natural/00000311.jpg
5481,094.White_breasted_Nuthatch/White_Breasted_Nuthatch_0025_85803.jpg,0,1,1,1,/l/lake/natural/00003836.jpg
3920,068.Ruby_throated_Hummingbird/Ruby_Throated_Hummingbird_0096_57505.jpg,0,1,1,1,/o/ocean/00001004.jpg
11375,194.Cactus_Wren/Cactus_Wren_0086_185630.jpg,0,1,1,1,/o/ocean/00001084.jpg
3278,057.Rose_breasted_Grosbeak/Rose_Breasted_Grosbeak_0050_39695.jpg,0,1,1,1,/l/lake/natural/00003702.jpg
1073,020.Yellow_breasted_Chat/Yellow_Breasted_Chat_0026_21845.jpg,0,1,1,1,/l/lake/natural/00001523.jpg
4935,085.Horned_Lark/Horned_Lark_0043_74450.jpg,0,1,1,1,/l/lake/natural/00002525.jpg
9630,164.Cerulean_Warbler/Cerulean_Warbler_0071_163201.jpg,0,1,1,1,/l/lake/natural/00001475.jpg
4953,085.Horned_Lark/Horned_Lark_0091_74087.jpg,0,1,1,1,/l/lake/natural/00003602.jpg
4241,073.Blue_Jay/Blue_Jay_0099_64435.jpg,0,1,1,1,/o/ocean/00002941.jpg
5517,095.Baltimore_Oriole/Baltimore_Oriole_0106_89680.jpg,0,1,1,1,/o/ocean/00000087.jpg
5338,092.Nighthawk/Nighthawk_0082_82242.jpg,0,1,1,1,/o/ocean/00004582.jpg
4700,081.Pied_Kingfisher/Pied_Kingfisher_0083_72430.jpg,0,1,1,1,/o/ocean/00001816.jpg
2011,036.Northern_Flicker/Northern_Flicker_0035_28332.jpg,0,1,1,1,/o/ocean/00000509.jpg
7780,133.White_throated_Sparrow/White_Throated_Sparrow_0125_128832.jpg,0,1,1,1,/o/ocean/00003184.jpg
4828,083.White_breasted_Kingfisher/White_Breasted_Kingfisher_0085_73363.jpg,0,1,1,1,/l/lake/natural/00002745.jpg
11385,194.Cactus_Wren/Cactus_Wren_0058_185903.jpg,0,1,1,1,/o/ocean/00001556.jpg
11219,191.Red_headed_Woodpecker/Red_Headed_Woodpecker_0097_182903.jpg,0,1,1,1,/o/ocean/00002907.jpg
6110,105.Whip_poor_Will/Whip_Poor_Will_0007_796431.jpg,0,1,1,1,/o/ocean/00002082.jpg
756,014.Indigo_Bunting/Indigo_Bunting_0047_12966.jpg,0,1,1,1,/l/lake/natural/00000513.jpg
9408,160.Black_throated_Blue_Warbler/Black_Throated_Blue_Warbler_0016_161216.jpg,0,1,1,1,/l/lake/natural/00003046.jpg
7729,132.White_crowned_Sparrow/White_Crowned_Sparrow_0061_126315.jpg,0,1,1,1,/l/lake/natural/00002164.jpg
11781,200.Common_Yellowthroat/Common_Yellowthroat_0098_190430.jpg,0,1,1,1,/o/ocean/00003405.jpg
3304,057.Rose_breasted_Grosbeak/Rose_Breasted_Grosbeak_0063_39802.jpg,0,1,1,1,/l/lake/natural/00001085.jpg
10657,181.Worm_eating_Warbler/Worm_Eating_Warbler_0101_795557.jpg,0,1,1,1,/o/ocean/00002061.jpg
5408,093.Clark_Nutcracker/Clark_Nutcracker_0075_85715.jpg,0,1,1,1,/l/lake/natural/00003855.jpg
10446,178.Swainson_Warbler/Swainson_Warbler_0051_794900.jpg,0,1,1,1,/l/lake/natural/00002096.jpg
6365,109.American_Redstart/American_Redstart_0109_103795.jpg,0,1,1,1,/o/ocean/00004018.jpg
6710,115.Brewer_Sparrow/Brewer_Sparrow_0022_107440.jpg,0,1,1,1,/o/ocean/00003036.jpg
6606,113.Baird_Sparrow/Baird_Sparrow_0039_794591.jpg,0,1,1,1,/o/ocean/00004225.jpg
10448,178.Swainson_Warbler/Swainson_Warbler_0007_174745.jpg,0,1,1,1,/o/ocean/00000807.jpg
8574,146.Forsters_Tern/Forsters_Tern_0100_151774.jpg,1,1,0,2,/b/bamboo_forest/00000114.jpg
5835,100.Brown_Pelican/Brown_Pelican_0125_93461.jpg,1,1,0,2,/b/bamboo_forest/00001453.jpg
5964,102.Western_Wood_Pewee/Western_Wood_Pewee_0049_98263.jpg,1,1,0,2,/f/forest/broadleaf/00002512.jpg
74,002.Laysan_Albatross/Laysan_Albatross_0085_564.jpg,1,1,0,2,/b/bamboo_forest/00002923.jpg
8415,144.Common_Tern/Common_Tern_0054_148028.jpg,1,1,0,2,/b/bamboo_forest/00002359.jpg
4100,071.Long_tailed_Jaeger/Long_Tailed_Jaeger_0022_797074.jpg,1,1,0,2,/b/bamboo_forest/00003543.jpg
64,002.Laysan_Albatross/Laysan_Albatross_0044_784.jpg,1,1,0,2,/b/bamboo_forest/00004321.jpg
153,003.Sooty_Albatross/Sooty_Albatross_0057_796354.jpg,1,1,0,2,/b/bamboo_forest/00000530.jpg
4895,084.Red_legged_Kittiwake/Red_Legged_Kittiwake_0004_73811.jpg,1,1,0,2,/b/bamboo_forest/00001723.jpg
355,007.Parakeet_Auklet/Parakeet_Auklet_0065_795969.jpg,1,1,0,2,/b/bamboo_forest/00000280.jpg
5895,101.White_Pelican/White_Pelican_0032_96920.jpg,1,1,0,2,/f/forest/broadleaf/00004709.jpg
3801,066.Western_Gull/Western_Gull_0097_54508.jpg,1,1,0,2,/f/forest/broadleaf/00004170.jpg
3363,058.Pigeon_Guillemot/Pigeon_Guillemot_0055_40171.jpg,1,1,0,2,/b/bamboo_forest/00002916.jpg
4164,072.Pomarine_Jaeger/Pomarine_Jaeger_0048_795771.jpg,1,1,0,2,/f/forest/broadleaf/00003943.jpg
1166,021.Eastern_Towhee/Eastern_Towhee_0013_22336.jpg,1,1,0,2,/b/bamboo_forest/00000865.jpg
18,001.Black_footed_Albatross/Black_Footed_Albatross_0089_796069.jpg,1,1,0,2,/f/forest/broadleaf/00001036.jpg
3440,060.Glaucous_winged_Gull/Glaucous_Winged_Gull_0034_44625.jpg,1,1,0,2,/f/forest/broadleaf/00001466.jpg
35,001.Black_footed_Albatross/Black_Footed_Albatross_0019_796104.jpg,1,1,0,2,/f/forest/broadleaf/00004625.jpg
166,003.Sooty_Albatross/Sooty_Albatross_0014_796373.jpg,1,1,0,2,/f/forest/broadleaf/00001677.jpg
3336,058.Pigeon_Guillemot/Pigeon_Guillemot_0041_39807.jpg,1,1,0,2,/b/bamboo_forest/00000636.jpg
3710,064.Ring_billed_Gull/Ring_Billed_Gull_0127_51485.jpg,1,1,0,2,/b/bamboo_forest/00002163.jpg
8641,147.Least_Tern/Least_Tern_0050_153254.jpg,1,1,0,2,/b/bamboo_forest/00003678.jpg
3606,062.Herring_Gull/Herring_Gull_0048_46061.jpg,1,1,0,2,/b/bamboo_forest/00000394.jpg
2833,050.Eared_Grebe/Eared_Grebe_0023_34309.jpg,1,1,0,2,/f/forest/broadleaf/00003654.jpg
397,008.Rhinoceros_Auklet/Rhinoceros_Auklet_0031_797518.jpg,1,1,0,2,/f/forest/broadleaf/00001158.jpg
67,002.Laysan_Albatross/Laysan_Albatross_0071_792.jpg,1,1,0,2,/f/forest/broadleaf/00004988.jpg
3405,059.California_Gull/California_Gull_0012_41272.jpg,1,1,0,2,/b/bamboo_forest/00003309.jpg
3610,063.Ivory_Gull/Ivory_Gull_0052_50013.jpg,1,1,0,2,/b/bamboo_forest/00003171.jpg
321,006.Least_Auklet/Least_Auklet_0054_795130.jpg,1,1,0,2,/b/bamboo_forest/00001232.jpg
5014,086.Pacific_Loon/Pacific_Loon_0052_75451.jpg,1,1,0,2,/f/forest/broadleaf/00004917.jpg
8540,146.Forsters_Tern/Forsters_Tern_0088_151893.jpg,1,1,0,2,/b/bamboo_forest/00001715.jpg
2884,050.Eared_Grebe/Eared_Grebe_0029_34258.jpg,1,1,0,2,/f/forest/broadleaf/00004052.jpg
5099,088.Western_Meadowlark/Western_Meadowlark_0098_78382.jpg,1,1,0,2,/b/bamboo_forest/00000588.jpg
4877,084.Red_legged_Kittiwake/Red_Legged_Kittiwake_0006_795436.jpg,1,1,0,2,/f/forest/broadleaf/00001007.jpg
2558,045.Northern_Fulmar/Northern_Fulmar_0061_43653.jpg,1,1,0,2,/f/forest/broadleaf/00002594.jpg
2864,050.Eared_Grebe/Eared_Grebe_0073_34172.jpg,1,1,0,2,/b/bamboo_forest/00004994.jpg
2506,044.Frigatebird/Frigatebird_0095_42785.jpg,1,1,0,2,/f/forest/broadleaf/00002773.jpg
3333,058.Pigeon_Guillemot/Pigeon_Guillemot_0014_40040.jpg,1,1,0,2,/f/forest/broadleaf/00002992.jpg
305,006.Least_Auklet/Least_Auklet_0060_795095.jpg,1,1,0,2,/b/bamboo_forest/00000653.jpg
86,002.Laysan_Albatross/Laysan_Albatross_0047_619.jpg,1,1,0,2,/f/forest/broadleaf/00002443.jpg
1318,024.Red_faced_Cormorant/Red_Faced_Cormorant_0046_23446.jpg,1,1,0,2,/b/bamboo_forest/00002850.jpg
3818,066.Western_Gull/Western_Gull_0117_44697.jpg,1,1,0,2,/f/forest/broadleaf/00000464.jpg
2978,052.Pied_billed_Grebe/Pied_Billed_Grebe_0068_35963.jpg,1,1,0,2,/b/bamboo_forest/00000309.jpg
6178,106.Horned_Puffin/Horned_Puffin_0030_100725.jpg,1,1,0,2,/b/bamboo_forest/00000493.jpg
2524,044.Frigatebird/Frigatebird_0115_42973.jpg,1,1,0,2,/f/forest/broadleaf/00003273.jpg
1124,021.Eastern_Towhee/Eastern_Towhee_0097_22580.jpg,1,1,0,2,/b/bamboo_forest/00000948.jpg
3608,063.Ivory_Gull/Ivory_Gull_0104_49666.jpg,1,1,0,2,/f/forest/broadleaf/00004817.jpg
5135,088.Western_Meadowlark/Western_Meadowlark_0053_77774.jpg,1,1,0,2,/f/forest/broadleaf/00004766.jpg
258,005.Crested_Auklet/Crested_Auklet_0039_794944.jpg,1,1,0,2,/f/forest/broadleaf/00001574.jpg
8598,147.Least_Tern/Least_Tern_0088_152941.jpg,1,1,0,2,/b/bamboo_forest/00000123.jpg
2642,046.Gadwall/Gadwall_0049_30936.jpg,1,1,0,2,/f/forest/broadleaf/00001418.jpg
306,006.Least_Auklet/Least_Auklet_0034_795096.jpg,1,1,0,2,/b/bamboo_forest/00004046.jpg
2620,046.Gadwall/Gadwall_0029_31637.jpg,1,1,0,2,/f/forest/broadleaf/00003020.jpg
4114,071.Long_tailed_Jaeger/Long_Tailed_Jaeger_0070_797090.jpg,1,1,0,2,/f/forest/broadleaf/00000521.jpg
3346,058.Pigeon_Guillemot/Pigeon_Guillemot_0092_39864.jpg,1,1,0,2,/b/bamboo_forest/00003487.jpg
1398,025.Pelagic_Cormorant/Pelagic_Cormorant_0026_23792.jpg,1,1,0,2,/b/bamboo_forest/00001307.jpg
8642,147.Least_Tern/Least_Tern_0112_153074.jpg,1,1,0,2,/f/forest/broadleaf/00001362.jpg
2891,051.Horned_Grebe/Horned_Grebe_0103_34822.jpg,1,1,0,2,/f/forest/broadleaf/00000822.jpg
8435,144.Common_Tern/Common_Tern_0064_148761.jpg,1,1,0,2,/f/forest/broadleaf/00002892.jpg
124,003.Sooty_Albatross/Sooty_Albatross_0016_1075.jpg,1,1,0,2,/f/forest/broadleaf/00004302.jpg
3560,062.Herring_Gull/Herring_Gull_0054_46164.jpg,1,1,0,2,/b/bamboo_forest/00003477.jpg
5937,102.Western_Wood_Pewee/Western_Wood_Pewee_0011_98205.jpg,1,1,0,2,/b/bamboo_forest/00004947.jpg
1279,023.Brandt_Cormorant/Brandt_Cormorant_0023_23254.jpg,1,1,0,2,/b/bamboo_forest/00000383.jpg
414,008.Rhinoceros_Auklet/Rhinoceros_Auklet_0038_797544.jpg,1,1,0,2,/b/bamboo_forest/00002542.jpg
1329,024.Red_faced_Cormorant/Red_Faced_Cormorant_0030_796325.jpg,1,1,0,2,/f/forest/broadleaf/00000218.jpg
2857,050.Eared_Grebe/Eared_Grebe_0061_34407.jpg,1,1,0,2,/f/forest/broadleaf/00000594.jpg
3456,060.Glaucous_winged_Gull/Glaucous_Winged_Gull_0060_44215.jpg,1,1,0,2,/b/bamboo_forest/00003358.jpg
3629,063.Ivory_Gull/Ivory_Gull_0099_49218.jpg,1,1,0,2,/b/bamboo_forest/00002396.jpg
8626,147.Least_Tern/Least_Tern_0020_153458.jpg,1,1,0,2,/b/bamboo_forest/00002114.jpg
2535,045.Northern_Fulmar/Northern_Fulmar_0065_44081.jpg,1,1,0,2,/b/bamboo_forest/00003576.jpg
8329,142.Black_Tern/Black_Tern_0083_144083.jpg,1,1,0,2,/b/bamboo_forest/00002883.jpg
5171,089.Hooded_Merganser/Hooded_Merganser_0058_796770.jpg,1,1,0,2,/b/bamboo_forest/00004479.jpg
8527,146.Forsters_Tern/Forsters_Tern_0068_152078.jpg,1,1,0,2,/b/bamboo_forest/00001505.jpg
37,001.Black_footed_Albatross/Black_Footed_Albatross_0041_796108.jpg,1,1,0,2,/f/forest/broadleaf/00001507.jpg
8350,143.Caspian_Tern/Caspian_Tern_0051_145930.jpg,1,1,1,3,/l/lake/natural/00002420.jpg
1260,023.Brandt_Cormorant/Brandt_Cormorant_0022_23157.jpg,1,1,1,3,/o/ocean/00002220.jpg
5162,089.Hooded_Merganser/Hooded_Merganser_0011_796750.jpg,1,1,1,3,/l/lake/natural/00004121.jpg
6177,106.Horned_Puffin/Horned_Puffin_0052_100977.jpg,1,1,1,3,/l/lake/natural/00004774.jpg
8484,145.Elegant_Tern/Elegant_Tern_0047_150626.jpg,1,1,1,3,/l/lake/natural/00000144.jpg
8376,143.Caspian_Tern/Caspian_Tern_0013_145553.jpg,1,1,1,3,/l/lake/natural/00004544.jpg
2932,051.Horned_Grebe/Horned_Grebe_0066_34738.jpg,1,1,1,3,/l/lake/natural/00004213.jpg
291,006.Least_Auklet/Least_Auklet_0043_795067.jpg,1,1,1,3,/o/ocean/00000667.jpg
8355,143.Caspian_Tern/Caspian_Tern_0109_145948.jpg,1,1,1,3,/o/ocean/00000018.jpg
6154,106.Horned_Puffin/Horned_Puffin_0040_100891.jpg,1,1,1,3,/l/lake/natural/00000371.jpg
1302,024.Red_faced_Cormorant/Red_Faced_Cormorant_0049_796279.jpg,1,1,1,3,/o/ocean/00002611.jpg
8441,144.Common_Tern/Common_Tern_0095_149960.jpg,1,1,1,3,/o/ocean/00003185.jpg
8392,143.Caspian_Tern/Caspian_Tern_0114_145612.jpg,1,1,1,3,/l/lake/natural/00000234.jpg
4869,084.Red_legged_Kittiwake/Red_Legged_Kittiwake_0064_795422.jpg,1,1,1,3,/l/lake/natural/00003324.jpg
404,008.Rhinoceros_Auklet/Rhinoceros_Auklet_0008_797531.jpg,1,1,1,3,/o/ocean/00003037.jpg
8402,143.Caspian_Tern/Caspian_Tern_0072_147667.jpg,1,1,1,3,/l/lake/natural/00000054.jpg
5116,088.Western_Meadowlark/Western_Meadowlark_0040_77823.jpg,1,1,1,3,/l/lake/natural/00003538.jpg
1327,024.Red_faced_Cormorant/Red_Faced_Cormorant_0017_796323.jpg,1,1,1,3,/l/lake/natural/00004135.jpg
326,007.Parakeet_Auklet/Parakeet_Auklet_0027_795925.jpg,1,1,1,3,/l/lake/natural/00003710.jpg
423,008.Rhinoceros_Auklet/Rhinoceros_Auklet_0005_2111.jpg,1,1,1,3,/o/ocean/00002957.jpg
3341,058.Pigeon_Guillemot/Pigeon_Guillemot_0020_40088.jpg,1,1,1,3,/o/ocean/00002855.jpg
176,003.Sooty_Albatross/Sooty_Albatross_0022_796398.jpg,1,1,1,3,/o/ocean/00003818.jpg
104,002.Laysan_Albatross/Laysan_Albatross_0006_702.jpg,1,1,1,3,/o/ocean/00001831.jpg
5148,089.Hooded_Merganser/Hooded_Merganser_0049_79136.jpg,1,1,1,3,/l/lake/natural/00000365.jpg
2591,046.Gadwall/Gadwall_0001_31235.jpg,1,1,1,3,/l/lake/natural/00000943.jpg
1320,024.Red_faced_Cormorant/Red_Faced_Cormorant_0009_796314.jpg,1,1,1,3,/l/lake/natural/00004160.jpg
5860,100.Brown_Pelican/Brown_Pelican_0025_95218.jpg,1,1,1,3,/o/ocean/00002761.jpg
8431,144.Common_Tern/Common_Tern_0062_147947.jpg,1,1,1,3,/o/ocean/00000484.jpg
2999,052.Pied_billed_Grebe/Pied_Billed_Grebe_0063_35529.jpg,1,1,1,3,/l/lake/natural/00000827.jpg
2533,045.Northern_Fulmar/Northern_Fulmar_0023_43809.jpg,1,1,1,3,/l/lake/natural/00004263.jpg
2844,050.Eared_Grebe/Eared_Grebe_0056_34098.jpg,1,1,1,3,/l/lake/natural/00001411.jpg
5904,101.White_Pelican/White_Pelican_0015_96952.jpg,1,1,1,3,/l/lake/natural/00001444.jpg
8549,146.Forsters_Tern/Forsters_Tern_0001_152174.jpg,1,1,1,3,/l/lake/natural/00002242.jpg
358,007.Parakeet_Auklet/Parakeet_Auklet_0001_795972.jpg,1,1,1,3,/o/ocean/00000361.jpg
4146,072.Pomarine_Jaeger/Pomarine_Jaeger_0009_795740.jpg,1,1,1,3,/l/lake/natural/00001027.jpg
4970,086.Pacific_Loon/Pacific_Loon_0031_75531.jpg,1,1,1,3,/l/lake/natural/00000257.jpg
127,003.Sooty_Albatross/Sooty_Albatross_0077_1080.jpg,1,1,1,3,/o/ocean/00003810.jpg
2969,052.Pied_billed_Grebe/Pied_Billed_Grebe_0044_35425.jpg,1,1,1,3,/o/ocean/00003162.jpg
158,003.Sooty_Albatross/Sooty_Albatross_0058_796360.jpg,1,1,1,3,/l/lake/natural/00003935.jpg
5840,100.Brown_Pelican/Brown_Pelican_0139_93995.jpg,1,1,1,3,/l/lake/natural/00002699.jpg
3620,063.Ivory_Gull/Ivory_Gull_0107_49186.jpg,1,1,1,3,/l/lake/natural/00000813.jpg
3660,063.Ivory_Gull/Ivory_Gull_0096_49487.jpg,1,1,1,3,/o/ocean/00002671.jpg
3427,059.California_Gull/California_Gull_0021_41471.jpg,1,1,1,3,/l/lake/natural/00000033.jpg
8494,145.Elegant_Tern/Elegant_Tern_0008_145044.jpg,1,1,1,3,/l/lake/natural/00001765.jpg
1277,023.Brandt_Cormorant/Brandt_Cormorant_0032_22886.jpg,1,1,1,3,/o/ocean/00000470.jpg
5172,089.Hooded_Merganser/Hooded_Merganser_0036_796771.jpg,1,1,1,3,/o/ocean/00003833.jpg
5882,101.White_Pelican/White_Pelican_0026_95832.jpg,1,1,1,3,/l/lake/natural/00003912.jpg
409,008.Rhinoceros_Auklet/Rhinoceros_Auklet_0013_797537.jpg,1,1,1,3,/l/lake/natural/00000504.jpg
3672,064.Ring_billed_Gull/Ring_Billed_Gull_0114_50214.jpg,1,1,1,3,/o/ocean/00004617.jpg
5236,090.Red_breasted_Merganser/Red_Breasted_Merganser_0023_79477.jpg,1,1,1,3,/l/lake/natural/00001399.jpg
8614,147.Least_Tern/Least_Tern_0012_153871.jpg,1,1,1,3,/o/ocean/00000306.jpg
290,006.Least_Auklet/Least_Auklet_0026_795066.jpg,1,1,1,3,/l/lake/natural/00001041.jpg
5011,086.Pacific_Loon/Pacific_Loon_0015_75443.jpg,1,1,1,3,/o/ocean/00002473.jpg
1361,025.Pelagic_Cormorant/Pelagic_Cormorant_0037_23889.jpg,1,1,1,3,/o/ocean/00004265.jpg
3725,064.Ring_billed_Gull/Ring_Billed_Gull_0055_51156.jpg,1,1,1,3,/l/lake/natural/00004877.jpg
8411,144.Common_Tern/Common_Tern_0043_147753.jpg,1,1,1,3,/o/ocean/00003734.jpg
3054,053.Western_Grebe/Western_Grebe_0025_36251.jpg,1,1,1,3,/o/ocean/00004787.jpg
1167,021.Eastern_Towhee/Eastern_Towhee_0040_22341.jpg,1,1,1,3,/o/ocean/00001933.jpg
5109,088.Western_Meadowlark/Western_Meadowlark_0001_78676.jpg,1,1,1,3,/o/ocean/00002240.jpg
5242,090.Red_breasted_Merganser/Red_Breasted_Merganser_0074_79497.jpg,1,1,1,3,/o/ocean/00004312.jpg
5152,089.Hooded_Merganser/Hooded_Merganser_0073_796726.jpg,1,1,1,3,/l/lake/natural/00002946.jpg
32,001.Black_footed_Albatross/Black_Footed_Albatross_0017_796098.jpg,1,1,1,3,/l/lake/natural/00004652.jpg
2576,045.Northern_Fulmar/Northern_Fulmar_0100_43732.jpg,1,1,1,3,/l/lake/natural/00002696.jpg
3807,066.Western_Gull/Western_Gull_0062_53538.jpg,1,1,1,3,/o/ocean/00003675.jpg
4184,072.Pomarine_Jaeger/Pomarine_Jaeger_0075_61349.jpg,1,1,1,3,/l/lake/natural/00001389.jpg
2484,044.Frigatebird/Frigatebird_0008_43058.jpg,1,1,1,3,/l/lake/natural/00002633.jpg
1157,021.Eastern_Towhee/Eastern_Towhee_0090_22273.jpg,1,1,1,3,/l/lake/natural/00001571.jpg
1380,025.Pelagic_Cormorant/Pelagic_Cormorant_0093_23722.jpg,1,1,1,3,/l/lake/natural/00001875.jpg
3612,063.Ivory_Gull/Ivory_Gull_0037_49068.jpg,1,1,1,3,/l/lake/natural/00000158.jpg
2638,046.Gadwall/Gadwall_0077_30929.jpg,1,1,1,3,/l/lake/natural/00002360.jpg
3349,058.Pigeon_Guillemot/Pigeon_Guillemot_0026_40126.jpg,1,1,1,3,/l/lake/natural/00004081.jpg
49,001.Black_footed_Albatross/Black_Footed_Albatross_0036_796127.jpg,1,1,1,3,/l/lake/natural/00003108.jpg
8587,147.Least_Tern/Least_Tern_0067_154145.jpg,1,1,1,3,/o/ocean/00001776.jpg
3464,060.Glaucous_winged_Gull/Glaucous_Winged_Gull_0127_44258.jpg,1,1,1,3,/l/lake/natural/00001702.jpg
3911,068.Ruby_throated_Hummingbird/Ruby_Throated_Hummingbird_0090_57411.jpg,0,2,0,0,/f/forest/broadleaf/00002579.jpg
8872,151.Black_capped_Vireo/Black_Capped_Vireo_0026_155745.jpg,0,2,0,0,/f/forest/broadleaf/00000733.jpg
10141,173.Orange_crowned_Warbler/Orange_Crowned_Warbler_0097_168004.jpg,0,2,0,0,/b/bamboo_forest/00004606.jpg
9172,156.White_eyed_Vireo/White_Eyed_Vireo_0059_159225.jpg,0,2,0,0,/b/bamboo_forest/00003449.jpg
3261,057.Rose_breasted_Grosbeak/Rose_Breasted_Grosbeak_0103_39580.jpg,0,2,0,0,/b/bamboo_forest/00004049.jpg
7739,132.White_crowned_Sparrow/White_Crowned_Sparrow_0071_127922.jpg,0,2,0,0,/f/forest/broadleaf/00004252.jpg
9048,154.Red_eyed_Vireo/Red_Eyed_Vireo_0074_157170.jpg,0,2,0,0,/f/forest/broadleaf/00002237.jpg
10601,180.Wilson_Warbler/Wilson_Warbler_0095_175595.jpg,0,2,0,0,/b/bamboo_forest/00003846.jpg
11741,200.Common_Yellowthroat/Common_Yellowthroat_0125_190902.jpg,0,2,0,0,/b/bamboo_forest/00002308.jpg
10178,173.Orange_crowned_Warbler/Orange_Crowned_Warbler_0005_168314.jpg,0,2,0,0,/f/forest/broadleaf/00003416.jpg
1206,022.Chuck_will_Widow/Chuck_Will_Widow_0027_796978.jpg,0,2,0,0,/b/bamboo_forest/00004518.jpg
1986,035.Purple_Finch/Purple_Finch_0106_27607.jpg,0,2,0,0,/b/bamboo_forest/00001765.jpg
5623,096.Hooded_Oriole/Hooded_Oriole_0062_90089.jpg,0,2,0,0,/b/bamboo_forest/00000875.jpg
8029,137.Cliff_Swallow/Cliff_Swallow_0052_133055.jpg,0,2,0,0,/b/bamboo_forest/00003077.jpg
10268,175.Pine_Warbler/Pine_Warbler_0133_171641.jpg,0,2,0,0,/f/forest/broadleaf/00001820.jpg
7069,121.Grasshopper_Sparrow/Grasshopper_Sparrow_0077_116127.jpg,0,2,0,0,/f/forest/broadleaf/00003700.jpg
7133,122.Harris_Sparrow/Harris_Sparrow_0001_116398.jpg,0,2,0,0,/b/bamboo_forest/00004725.jpg
10401,177.Prothonotary_Warbler/Prothonotary_Warbler_0019_173838.jpg,0,2,0,0,/f/forest/broadleaf/00003597.jpg
2204,039.Least_Flycatcher/Least_Flycatcher_0087_30123.jpg,0,2,0,0,/b/bamboo_forest/00000690.jpg
1451,026.Bronzed_Cowbird/Bronzed_Cowbird_0031_24139.jpg,0,2,0,0,/b/bamboo_forest/00001213.jpg
7651,131.Vesper_Sparrow/Vesper_Sparrow_0049_125806.jpg,0,2,0,0,/f/forest/broadleaf/00004546.jpg
8757,149.Brown_Thrasher/Brown_Thrasher_0049_155110.jpg,0,2,0,0,/b/bamboo_forest/00001816.jpg
9777,167.Hooded_Warbler/Hooded_Warbler_0030_164897.jpg,0,2,0,0,/b/bamboo_forest/00003687.jpg
4797,083.White_breasted_Kingfisher/White_Breasted_Kingfisher_0023_73230.jpg,0,2,0,0,/b/bamboo_forest/00004483.jpg
1876,034.Gray_crowned_Rosy_Finch/Gray_Crowned_Rosy_Finch_0027_27153.jpg,0,2,0,0,/b/bamboo_forest/00001643.jpg
3837,067.Anna_Hummingbird/Anna_Hummingbird_0106_56335.jpg,0,2,0,0,/f/forest/broadleaf/00001468.jpg
6263,108.White_necked_Raven/White_Necked_Raven_0047_102660.jpg,0,2,0,0,/f/forest/broadleaf/00004363.jpg
3226,056.Pine_Grosbeak/Pine_Grosbeak_0055_38730.jpg,0,2,0,0,/f/forest/broadleaf/00003295.jpg
2223,039.Least_Flycatcher/Least_Flycatcher_0050_30189.jpg,0,2,0,0,/b/bamboo_forest/00002576.jpg
6912,119.Field_Sparrow/Field_Sparrow_0060_114177.jpg,0,2,0,0,/b/bamboo_forest/00004220.jpg
5299,091.Mockingbird/Mockingbird_0067_79723.jpg,0,2,0,0,/f/forest/broadleaf/00002890.jpg
9451,161.Blue_winged_Warbler/Blue_Winged_Warbler_0052_161739.jpg,0,2,0,0,/f/forest/broadleaf/00004965.jpg
1410,026.Bronzed_Cowbird/Bronzed_Cowbird_0030_24103.jpg,0,2,0,0,/f/forest/broadleaf/00001782.jpg
11365,193.Bewick_Wren/Bewick_Wren_0014_184810.jpg,0,2,0,0,/b/bamboo_forest/00003944.jpg
8130,139.Scarlet_Tanager/Scarlet_Tanager_0021_138199.jpg,0,2,0,0,/b/bamboo_forest/00001302.jpg
10970,187.American_Three_toed_Woodpecker/American_Three_Toed_Woodpecker_0028_796175.jpg,0,2,0,0,/f/forest/broadleaf/00001833.jpg
11729,200.Common_Yellowthroat/Common_Yellowthroat_0020_190720.jpg,0,2,0,0,/b/bamboo_forest/00004833.jpg
1054,019.Gray_Catbird/Gray_Catbird_0071_20974.jpg,0,2,0,0,/f/forest/broadleaf/00001319.jpg
7722,132.White_crowned_Sparrow/White_Crowned_Sparrow_0002_127774.jpg,0,2,0,0,/f/forest/broadleaf/00003617.jpg
1851,033.Yellow_billed_Cuckoo/Yellow_Billed_Cuckoo_0033_26521.jpg,0,2,0,0,/f/forest/broadleaf/00000213.jpg
8919,152.Blue_headed_Vireo/Blue_Headed_Vireo_0017_156063.jpg,0,2,0,0,/b/bamboo_forest/00004922.jpg
6089,104.American_Pipit/American_Pipit_0101_100053.jpg,0,2,0,0,/f/forest/broadleaf/00003644.jpg
9652,165.Chestnut_sided_Warbler/Chestnut_Sided_Warbler_0038_164354.jpg,0,2,0,0,/f/forest/broadleaf/00001194.jpg
3298,057.Rose_breasted_Grosbeak/Rose_Breasted_Grosbeak_0060_39279.jpg,0,2,0,0,/b/bamboo_forest/00004705.jpg
4693,081.Pied_Kingfisher/Pied_Kingfisher_0065_71871.jpg,0,2,0,0,/b/bamboo_forest/00002327.jpg
2438,043.Yellow_bellied_Flycatcher/Yellow_Bellied_Flycatcher_0053_795493.jpg,0,2,0,0,/f/forest/broadleaf/00001560.jpg
7030,121.Grasshopper_Sparrow/Grasshopper_Sparrow_0067_115979.jpg,0,2,0,0,/b/bamboo_forest/00002602.jpg
4431,076.Dark_eyed_Junco/Dark_Eyed_Junco_0111_66488.jpg,0,2,0,0,/f/forest/broadleaf/00002875.jpg
6226,107.Common_Raven/Common_Raven_0091_101524.jpg,0,2,0,0,/b/bamboo_forest/00001509.jpg
8998,154.Red_eyed_Vireo/Red_Eyed_Vireo_0044_156708.jpg,0,2,0,0,/b/bamboo_forest/00001761.jpg
10664,182.Yellow_Warbler/Yellow_Warbler_0071_176655.jpg,0,2,0,0,/b/bamboo_forest/00002423.jpg
7237,124.Le_Conte_Sparrow/Le_Conte_Sparrow_0025_795188.jpg,0,2,0,0,/f/forest/broadleaf/00001715.jpg
7970,136.Barn_Swallow/Barn_Swallow_0052_131539.jpg,0,2,0,0,/f/forest/broadleaf/00004980.jpg
10364,176.Prairie_Warbler/Prairie_Warbler_0009_173022.jpg,0,2,0,0,/b/bamboo_forest/00001173.jpg
9683,165.Chestnut_sided_Warbler/Chestnut_Sided_Warbler_0057_163957.jpg,0,2,0,0,/f/forest/broadleaf/00000359.jpg
8719,149.Brown_Thrasher/Brown_Thrasher_0084_155189.jpg,0,2,0,0,/f/forest/broadleaf/00001546.jpg
1862,033.Yellow_billed_Cuckoo/Yellow_Billed_Cuckoo_0104_26814.jpg,0,2,0,0,/f/forest/broadleaf/00001695.jpg
1627,029.American_Crow/American_Crow_0031_25433.jpg,0,2,0,0,/b/bamboo_forest/00004259.jpg
11499,196.House_Wren/House_Wren_0064_187489.jpg,0,2,0,0,/b/bamboo_forest/00004223.jpg
7349,126.Nelson_Sharp_tailed_Sparrow/Nelson_Sharp_Tailed_Sparrow_0039_118074.jpg,0,2,0,0,/b/bamboo_forest/00000046.jpg
6453,111.Loggerhead_Shrike/Loggerhead_Shrike_0059_106086.jpg,0,2,0,0,/f/forest/broadleaf/00004617.jpg
6677,115.Brewer_Sparrow/Brewer_Sparrow_0044_796698.jpg,0,2,0,0,/f/forest/broadleaf/00001678.jpg
1609,029.American_Crow/American_Crow_0121_25720.jpg,0,2,0,0,/f/forest/broadleaf/00000612.jpg
9155,156.White_eyed_Vireo/White_Eyed_Vireo_0130_159075.jpg,0,2,0,0,/f/forest/broadleaf/00002185.jpg
11714,199.Winter_Wren/Winter_Wren_0086_189692.jpg,0,2,0,0,/b/bamboo_forest/00003853.jpg
2180,039.Least_Flycatcher/Least_Flycatcher_0006_30262.jpg,0,2,0,0,/b/bamboo_forest/00000863.jpg
1215,022.Chuck_will_Widow/Chuck_Will_Widow_0014_796987.jpg,0,2,0,0,/f/forest/broadleaf/00003381.jpg
7277,125.Lincoln_Sparrow/Lincoln_Sparrow_0131_117277.jpg,0,2,0,0,/b/bamboo_forest/00001958.jpg
5746,099.Ovenbird/Ovenbird_0108_92675.jpg,0,2,0,0,/b/bamboo_forest/00002796.jpg
3220,056.Pine_Grosbeak/Pine_Grosbeak_0106_38218.jpg,0,2,0,0,/f/forest/broadleaf/00002659.jpg
7306,125.Lincoln_Sparrow/Lincoln_Sparrow_0055_117506.jpg,0,2,0,0,/b/bamboo_forest/00002475.jpg
7391,127.Savannah_Sparrow/Savannah_Sparrow_0106_118294.jpg,0,2,0,0,/f/forest/broadleaf/00001151.jpg
11482,195.Carolina_Wren/Carolina_Wren_0083_186324.jpg,0,2,0,0,/b/bamboo_forest/00000668.jpg
10093,172.Nashville_Warbler/Nashville_Warbler_0120_167149.jpg,0,2,0,0,/f/forest/broadleaf/00002224.jpg
4430,076.Dark_eyed_Junco/Dark_Eyed_Junco_0105_66479.jpg,0,2,0,0,/b/bamboo_forest/00000041.jpg
1796,032.Mangrove_Cuckoo/Mangrove_Cuckoo_0001_794601.jpg,0,2,0,0,/b/bamboo_forest/00002466.jpg
8821,150.Sage_Thrasher/Sage_Thrasher_0023_796458.jpg,0,2,0,0,/b/bamboo_forest/00000692.jpg
10256,175.Pine_Warbler/Pine_Warbler_0095_171588.jpg,0,2,0,0,/f/forest/broadleaf/00004698.jpg
9843,168.Kentucky_Warbler/Kentucky_Warbler_0058_165441.jpg,0,2,0,0,/b/bamboo_forest/00000625.jpg
3231,056.Pine_Grosbeak/Pine_Grosbeak_0053_38805.jpg,0,2,0,0,/b/bamboo_forest/00000135.jpg
522,010.Red_winged_Blackbird/Red_Winged_Blackbird_0045_4526.jpg,0,2,0,0,/f/forest/broadleaf/00003061.jpg
4652,080.Green_Kingfisher/Green_Kingfisher_0034_71075.jpg,0,2,0,0,/b/bamboo_forest/00003412.jpg
911,017.Cardinal/Cardinal_0040_17477.jpg,0,2,0,0,/f/forest/broadleaf/00003288.jpg
11250,192.Downy_Woodpecker/Downy_Woodpecker_0116_184326.jpg,0,2,0,0,/b/bamboo_forest/00003203.jpg
9407,160.Black_throated_Blue_Warbler/Black_Throated_Blue_Warbler_0110_161726.jpg,0,2,0,0,/b/bamboo_forest/00003356.jpg
8712,149.Brown_Thrasher/Brown_Thrasher_0057_155164.jpg,0,2,0,0,/f/forest/broadleaf/00000262.jpg
10463,178.Swainson_Warbler/Swainson_Warbler_0031_174696.jpg,0,2,0,0,/b/bamboo_forest/00000508.jpg
2188,039.Least_Flycatcher/Least_Flycatcher_0046_30316.jpg,0,2,0,0,/b/bamboo_forest/00000501.jpg
4312,074.Florida_Jay/Florida_Jay_0058_64997.jpg,0,2,0,0,/f/forest/broadleaf/00004042.jpg
4823,083.White_breasted_Kingfisher/White_Breasted_Kingfisher_0030_73335.jpg,0,2,0,0,/f/forest/broadleaf/00004277.jpg
7282,125.Lincoln_Sparrow/Lincoln_Sparrow_0100_117835.jpg,0,2,0,0,/b/bamboo_forest/00001724.jpg
9733,166.Golden_winged_Warbler/Golden_Winged_Warbler_0052_164529.jpg,0,2,0,0,/f/forest/broadleaf/00003930.jpg
7383,126.Nelson_Sharp_tailed_Sparrow/Nelson_Sharp_Tailed_Sparrow_0029_796923.jpg,0,2,0,0,/f/forest/broadleaf/00001916.jpg
8168,140.Summer_Tanager/Summer_Tanager_0071_140289.jpg,0,2,0,0,/b/bamboo_forest/00003465.jpg
10054,171.Myrtle_Warbler/Myrtle_Warbler_0113_166834.jpg,0,2,0,0,/b/bamboo_forest/00002759.jpg
6981,120.Fox_Sparrow/Fox_Sparrow_0136_115278.jpg,0,2,0,0,/b/bamboo_forest/00000200.jpg
4668,080.Green_Kingfisher/Green_Kingfisher_0039_71037.jpg,0,2,0,0,/f/forest/broadleaf/00002294.jpg
3259,057.Rose_breasted_Grosbeak/Rose_Breasted_Grosbeak_0059_39045.jpg,0,2,0,0,/b/bamboo_forest/00000699.jpg
2164,038.Great_Crested_Flycatcher/Great_Crested_Flycatcher_0074_29553.jpg,0,2,0,0,/f/forest/broadleaf/00004565.jpg
5580,096.Hooded_Oriole/Hooded_Oriole_0072_90298.jpg,0,2,0,0,/f/forest/broadleaf/00002037.jpg
11709,199.Winter_Wren/Winter_Wren_0004_189670.jpg,0,2,0,0,/f/forest/broadleaf/00003374.jpg
9919,169.Magnolia_Warbler/Magnolia_Warbler_0103_165647.jpg,0,2,0,0,/b/bamboo_forest/00002363.jpg
6978,120.Fox_Sparrow/Fox_Sparrow_0020_114744.jpg,0,2,0,0,/f/forest/broadleaf/00000173.jpg
10385,177.Prothonotary_Warbler/Prothonotary_Warbler_0127_174149.jpg,0,2,0,0,/b/bamboo_forest/00000263.jpg
7947,136.Barn_Swallow/Barn_Swallow_0083_132949.jpg,0,2,0,0,/f/forest/broadleaf/00000789.jpg
9250,158.Bay_breasted_Warbler/Bay_Breasted_Warbler_0018_159897.jpg,0,2,0,0,/f/forest/broadleaf/00003542.jpg
11372,194.Cactus_Wren/Cactus_Wren_0088_185873.jpg,0,2,0,0,/b/bamboo_forest/00000058.jpg
7882,135.Bank_Swallow/Bank_Swallow_0039_129599.jpg,0,2,0,0,/f/forest/broadleaf/00000204.jpg
10538,179.Tennessee_Warbler/Tennessee_Warbler_0048_175079.jpg,0,2,0,0,/b/bamboo_forest/00004447.jpg
11723,199.Winter_Wren/Winter_Wren_0132_189861.jpg,0,2,0,0,/f/forest/broadleaf/00001065.jpg
1838,033.Yellow_billed_Cuckoo/Yellow_Billed_Cuckoo_0090_26714.jpg,0,2,0,0,/b/bamboo_forest/00003956.jpg
8086,138.Tree_Swallow/Tree_Swallow_0090_135325.jpg,0,2,0,0,/f/forest/broadleaf/00004577.jpg
5615,096.Hooded_Oriole/Hooded_Oriole_0004_91057.jpg,0,2,0,0,/f/forest/broadleaf/00002115.jpg
3992,069.Rufous_Hummingbird/Rufous_Hummingbird_0036_59562.jpg,0,2,0,0,/b/bamboo_forest/00000774.jpg
10488,179.Tennessee_Warbler/Tennessee_Warbler_0014_175126.jpg,0,2,0,0,/f/forest/broadleaf/00001965.jpg
901,017.Cardinal/Cardinal_0035_17678.jpg,0,2,0,0,/f/forest/broadleaf/00001452.jpg
6217,107.Common_Raven/Common_Raven_0126_101459.jpg,0,2,0,0,/f/forest/broadleaf/00000291.jpg
5344,092.Nighthawk/Nighthawk_0087_82280.jpg,0,2,0,0,/b/bamboo_forest/00004961.jpg
9009,154.Red_eyed_Vireo/Red_Eyed_Vireo_0049_156785.jpg,0,2,0,0,/b/bamboo_forest/00004279.jpg
1423,026.Bronzed_Cowbird/Bronzed_Cowbird_0073_796226.jpg,0,2,0,0,/b/bamboo_forest/00002559.jpg
8743,149.Brown_Thrasher/Brown_Thrasher_0073_155376.jpg,0,2,0,0,/f/forest/broadleaf/00002410.jpg
10993,187.American_Three_toed_Woodpecker/American_Three_Toed_Woodpecker_0017_179830.jpg,0,2,0,0,/f/forest/broadleaf/00002751.jpg
11438,195.Carolina_Wren/Carolina_Wren_0090_186942.jpg,0,2,0,0,/f/forest/broadleaf/00004782.jpg
1212,022.Chuck_will_Widow/Chuck_Will_Widow_0052_796984.jpg,0,2,0,0,/b/bamboo_forest/00004630.jpg
10392,177.Prothonotary_Warbler/Prothonotary_Warbler_0106_174221.jpg,0,2,0,0,/b/bamboo_forest/00004986.jpg
7820,134.Cape_Glossy_Starling/Cape_Glossy_Starling_0007_129345.jpg,0,2,0,0,/b/bamboo_forest/00002282.jpg
9982,170.Mourning_Warbler/Mourning_Warbler_0061_166598.jpg,0,2,0,0,/f/forest/broadleaf/00003437.jpg
7344,126.Nelson_Sharp_tailed_Sparrow/Nelson_Sharp_Tailed_Sparrow_0054_796936.jpg,0,2,0,0,/f/forest/broadleaf/00004608.jpg
11684,199.Winter_Wren/Winter_Wren_0019_189533.jpg,0,2,0,0,/b/bamboo_forest/00004490.jpg
8827,151.Black_capped_Vireo/Black_Capped_Vireo_0048_797449.jpg,0,2,0,0,/f/forest/broadleaf/00002645.jpg
8049,138.Tree_Swallow/Tree_Swallow_0100_137493.jpg,0,2,0,0,/b/bamboo_forest/00004759.jpg
6087,104.American_Pipit/American_Pipit_0121_100040.jpg,0,2,0,0,/f/forest/broadleaf/00000757.jpg
7242,124.Le_Conte_Sparrow/Le_Conte_Sparrow_0102_795195.jpg,0,2,0,0,/f/forest/broadleaf/00002176.jpg
9860,168.Kentucky_Warbler/Kentucky_Warbler_0049_165313.jpg,0,2,0,0,/f/forest/broadleaf/00001371.jpg
802,015.Lazuli_Bunting/Lazuli_Bunting_0035_14920.jpg,0,2,0,0,/b/bamboo_forest/00000797.jpg
3153,055.Evening_Grosbeak/Evening_Grosbeak_0061_38026.jpg,0,2,0,0,/f/forest/broadleaf/00000598.jpg
2412,043.Yellow_bellied_Flycatcher/Yellow_Bellied_Flycatcher_0050_42598.jpg,0,2,0,0,/f/forest/broadleaf/00003253.jpg
10301,175.Pine_Warbler/Pine_Warbler_0080_171975.jpg,0,2,0,0,/f/forest/broadleaf/00004146.jpg
7614,130.Tree_Sparrow/Tree_Sparrow_0024_123805.jpg,0,2,0,0,/f/forest/broadleaf/00004799.jpg
2257,040.Olive_sided_Flycatcher/Olive_Sided_Flycatcher_0006_30824.jpg,0,2,0,0,/f/forest/broadleaf/00003502.jpg
2802,049.Boat_tailed_Grackle/Boat_Tailed_Grackle_0049_33422.jpg,0,2,0,0,/b/bamboo_forest/00000337.jpg
5298,091.Mockingbird/Mockingbird_0042_81728.jpg,0,2,0,0,/f/forest/broadleaf/00004468.jpg
11458,195.Carolina_Wren/Carolina_Wren_0108_186089.jpg,0,2,0,0,/f/forest/broadleaf/00000837.jpg
2400,042.Vermilion_Flycatcher/Vermilion_Flycatcher_0031_42201.jpg,0,2,0,0,/b/bamboo_forest/00003213.jpg
6640,114.Black_throated_Sparrow/Black_Throated_Sparrow_0053_107282.jpg,0,2,0,0,/f/forest/broadleaf/00002271.jpg
10748,183.Northern_Waterthrush/Northern_Waterthrush_0036_177274.jpg,0,2,0,0,/b/bamboo_forest/00002930.jpg
6846,117.Clay_colored_Sparrow/Clay_Colored_Sparrow_0107_110825.jpg,0,2,0,0,/f/forest/broadleaf/00001439.jpg
11689,199.Winter_Wren/Winter_Wren_0082_189549.jpg,0,2,0,0,/b/bamboo_forest/00004133.jpg
11649,198.Rock_Wren/Rock_Wren_0116_189101.jpg,0,2,0,0,/b/bamboo_forest/00000942.jpg
11352,193.Bewick_Wren/Bewick_Wren_0005_184699.jpg,0,2,0,0,/f/forest/broadleaf/00004167.jpg
9796,167.Hooded_Warbler/Hooded_Warbler_0117_165106.jpg,0,2,0,0,/f/forest/broadleaf/00002154.jpg
2195,039.Least_Flycatcher/Least_Flycatcher_0023_30352.jpg,0,2,0,0,/b/bamboo_forest/00000645.jpg
5777,099.Ovenbird/Ovenbird_0122_92993.jpg,0,2,0,0,/f/forest/broadleaf/00003993.jpg
5293,091.Mockingbird/Mockingbird_0060_79972.jpg,0,2,0,0,/f/forest/broadleaf/00000827.jpg
11029,188.Pileated_Woodpecker/Pileated_Woodpecker_0121_180026.jpg,0,2,0,0,/b/bamboo_forest/00001741.jpg
8124,139.Scarlet_Tanager/Scarlet_Tanager_0012_138410.jpg,0,2,0,0,/b/bamboo_forest/00000882.jpg
9182,157.Yellow_throated_Vireo/Yellow_Throated_Vireo_0057_159570.jpg,0,2,0,0,/f/forest/broadleaf/00003630.jpg
5572,096.Hooded_Oriole/Hooded_Oriole_0034_90686.jpg,0,2,0,0,/f/forest/broadleaf/00001828.jpg
866,016.Painted_Bunting/Painted_Bunting_0098_15226.jpg,0,2,0,0,/b/bamboo_forest/00004213.jpg
7206,123.Henslow_Sparrow/Henslow_Sparrow_0060_796619.jpg,0,2,0,0,/f/forest/broadleaf/00001708.jpg
10604,181.Worm_eating_Warbler/Worm_Eating_Warbler_0075_176045.jpg,0,2,0,0,/f/forest/broadleaf/00004673.jpg
3856,067.Anna_Hummingbird/Anna_Hummingbird_0101_56459.jpg,0,2,0,0,/b/bamboo_forest/00002995.jpg
8225,140.Summer_Tanager/Summer_Tanager_0093_139517.jpg,0,2,0,0,/b/bamboo_forest/00000536.jpg
6354,109.American_Redstart/American_Redstart_0041_103717.jpg,0,2,0,0,/f/forest/broadleaf/00000736.jpg
10557,180.Wilson_Warbler/Wilson_Warbler_0075_175234.jpg,0,2,0,0,/b/bamboo_forest/00001948.jpg
3249,056.Pine_Grosbeak/Pine_Grosbeak_0004_38396.jpg,0,2,0,0,/b/bamboo_forest/00001020.jpg
745,014.Indigo_Bunting/Indigo_Bunting_0071_11639.jpg,0,2,0,0,/f/forest/broadleaf/00001539.jpg
7173,123.Henslow_Sparrow/Henslow_Sparrow_0055_796557.jpg,0,2,0,0,/f/forest/broadleaf/00004922.jpg
9697,165.Chestnut_sided_Warbler/Chestnut_Sided_Warbler_0086_164024.jpg,0,2,0,0,/b/bamboo_forest/00000414.jpg
10667,182.Yellow_Warbler/Yellow_Warbler_0080_176542.jpg,0,2,0,0,/b/bamboo_forest/00001667.jpg
6769,116.Chipping_Sparrow/Chipping_Sparrow_0074_108401.jpg,0,2,0,0,/b/bamboo_forest/00003732.jpg
9127,156.White_eyed_Vireo/White_Eyed_Vireo_0049_158835.jpg,0,2,0,0,/f/forest/broadleaf/00001375.jpg
7222,124.Le_Conte_Sparrow/Le_Conte_Sparrow_0083_795163.jpg,0,2,0,0,/b/bamboo_forest/00003577.jpg
11730,200.Common_Yellowthroat/Common_Yellowthroat_0016_190986.jpg,0,2,0,0,/f/forest/broadleaf/00002816.jpg
11161,190.Red_cockaded_Woodpecker/Red_Cockaded_Woodpecker_0024_794708.jpg,0,2,0,0,/f/forest/broadleaf/00001415.jpg
9972,170.Mourning_Warbler/Mourning_Warbler_0038_166549.jpg,0,2,0,0,/b/bamboo_forest/00004225.jpg
2104,037.Acadian_Flycatcher/Acadian_Flycatcher_0005_29157.jpg,0,2,0,0,/b/bamboo_forest/00001277.jpg
9737,166.Golden_winged_Warbler/Golden_Winged_Warbler_0091_794808.jpg,0,2,0,0,/f/forest/broadleaf/00003579.jpg
498,010.Red_winged_Blackbird/Red_Winged_Blackbird_0064_4936.jpg,0,2,0,0,/f/forest/broadleaf/00002855.jpg
1618,029.American_Crow/American_Crow_0004_25819.jpg,0,2,0,0,/b/bamboo_forest/00000313.jpg
2278,040.Olive_sided_Flycatcher/Olive_Sided_Flycatcher_0045_796888.jpg,0,2,0,0,/b/bamboo_forest/00000670.jpg
5544,095.Baltimore_Oriole/Baltimore_Oriole_0056_88355.jpg,0,2,0,0,/f/forest/broadleaf/00003989.jpg
551,011.Rusty_Blackbird/Rusty_Blackbird_0043_2597.jpg,0,2,0,0,/b/bamboo_forest/00003071.jpg
10377,177.Prothonotary_Warbler/Prothonotary_Warbler_0094_173607.jpg,0,2,0,0,/f/forest/broadleaf/00003368.jpg
7125,122.Harris_Sparrow/Harris_Sparrow_0050_116369.jpg,0,2,0,0,/f/forest/broadleaf/00004916.jpg
6495,111.Loggerhead_Shrike/Loggerhead_Shrike_0068_105400.jpg,0,2,0,0,/b/bamboo_forest/00001935.jpg
5626,097.Orchard_Oriole/Orchard_Oriole_0077_91651.jpg,0,2,0,0,/f/forest/broadleaf/00000033.jpg
513,010.Red_winged_Blackbird/Red_Winged_Blackbird_0062_4233.jpg,0,2,0,0,/f/forest/broadleaf/00004437.jpg
8802,150.Sage_Thrasher/Sage_Thrasher_0064_155531.jpg,0,2,0,0,/f/forest/broadleaf/00000606.jpg
8699,148.Green_tailed_Towhee/Green_Tailed_Towhee_0010_797431.jpg,0,2,0,0,/b/bamboo_forest/00001956.jpg
5510,095.Baltimore_Oriole/Baltimore_Oriole_0108_87576.jpg,0,2,0,0,/b/bamboo_forest/00003985.jpg
9141,156.White_eyed_Vireo/White_Eyed_Vireo_0026_158963.jpg,0,2,0,0,/b/bamboo_forest/00000204.jpg
7352,126.Nelson_Sharp_tailed_Sparrow/Nelson_Sharp_Tailed_Sparrow_0005_118078.jpg,0,2,0,0,/b/bamboo_forest/00004932.jpg
9323,159.Black_and_white_Warbler/Black_And_White_Warbler_0047_160547.jpg,0,2,0,0,/f/forest/broadleaf/00003137.jpg
4766,082.Ringed_Kingfisher/Ringed_Kingfisher_0073_73118.jpg,0,2,0,0,/b/bamboo_forest/00001917.jpg
7007,120.Fox_Sparrow/Fox_Sparrow_0068_114967.jpg,0,2,0,0,/f/forest/broadleaf/00000872.jpg
2292,041.Scissor_tailed_Flycatcher/Scissor_Tailed_Flycatcher_0096_41733.jpg,0,2,0,0,/f/forest/broadleaf/00000117.jpg
9476,162.Canada_Warbler/Canada_Warbler_0063_162324.jpg,0,2,0,0,/f/forest/broadleaf/00004121.jpg
9135,156.White_eyed_Vireo/White_Eyed_Vireo_0115_158932.jpg,0,2,0,0,/b/bamboo_forest/00000514.jpg
11128,189.Red_bellied_Woodpecker/Red_Bellied_Woodpecker_0007_182242.jpg,0,2,0,0,/f/forest/broadleaf/00002068.jpg
6942,119.Field_Sparrow/Field_Sparrow_0042_113815.jpg,0,2,0,0,/f/forest/broadleaf/00004183.jpg
1887,034.Gray_crowned_Rosy_Finch/Gray_Crowned_Rosy_Finch_0018_26978.jpg,0,2,0,0,/b/bamboo_forest/00003556.jpg
2431,043.Yellow_bellied_Flycatcher/Yellow_Bellied_Flycatcher_0025_795484.jpg,0,2,0,0,/b/bamboo_forest/00002892.jpg
6524,112.Great_Grey_Shrike/Great_Grey_Shrike_0080_106850.jpg,0,2,0,0,/b/bamboo_forest/00003601.jpg
2371,042.Vermilion_Flycatcher/Vermilion_Flycatcher_0057_42562.jpg,0,2,0,0,/b/bamboo_forest/00004715.jpg
10080,172.Nashville_Warbler/Nashville_Warbler_0115_167039.jpg,0,2,0,0,/b/bamboo_forest/00002234.jpg
8900,152.Blue_headed_Vireo/Blue_Headed_Vireo_0086_156244.jpg,0,2,0,0,/f/forest/broadleaf/00003813.jpg
3287,057.Rose_breasted_Grosbeak/Rose_Breasted_Grosbeak_0003_39223.jpg,0,2,0,0,/f/forest/broadleaf/00001824.jpg
6928,119.Field_Sparrow/Field_Sparrow_0035_113479.jpg,0,2,0,0,/f/forest/broadleaf/00001018.jpg
7374,126.Nelson_Sharp_tailed_Sparrow/Nelson_Sharp_Tailed_Sparrow_0006_796909.jpg,0,2,0,0,/f/forest/broadleaf/00003821.jpg
8166,140.Summer_Tanager/Summer_Tanager_0103_139267.jpg,0,2,0,0,/b/bamboo_forest/00003755.jpg
10730,183.Northern_Waterthrush/Northern_Waterthrush_0041_177199.jpg,0,2,0,0,/f/forest/broadleaf/00000323.jpg
8709,149.Brown_Thrasher/Brown_Thrasher_0046_155154.jpg,0,2,0,0,/b/bamboo_forest/00002300.jpg
7165,123.Henslow_Sparrow/Henslow_Sparrow_0022_116835.jpg,0,2,0,0,/b/bamboo_forest/00004851.jpg
11117,189.Red_bellied_Woodpecker/Red_Bellied_Woodpecker_0023_181958.jpg,0,2,0,0,/f/forest/broadleaf/00004794.jpg
2390,042.Vermilion_Flycatcher/Vermilion_Flycatcher_0039_42423.jpg,0,2,0,0,/f/forest/broadleaf/00004070.jpg
11260,192.Downy_Woodpecker/Downy_Woodpecker_0113_184413.jpg,0,2,0,0,/f/forest/broadleaf/00001137.jpg
1696,030.Fish_Crow/Fish_Crow_0055_26077.jpg,0,2,0,0,/b/bamboo_forest/00004469.jpg
6808,117.Clay_colored_Sparrow/Clay_Colored_Sparrow_0034_797252.jpg,0,2,0,0,/f/forest/broadleaf/00001244.jpg
11340,193.Bewick_Wren/Bewick_Wren_0123_185069.jpg,0,2,0,0,/b/bamboo_forest/00001462.jpg
6002,103.Sayornis/Sayornis_0037_98949.jpg,0,2,0,0,/b/bamboo_forest/00003676.jpg
10685,182.Yellow_Warbler/Yellow_Warbler_0073_176218.jpg,0,2,0,0,/f/forest/broadleaf/00003323.jpg
695,013.Bobolink/Bobolink_0112_11073.jpg,0,2,0,0,/b/bamboo_forest/00001023.jpg
6057,104.American_Pipit/American_Pipit_0123_99929.jpg,0,2,0,0,/b/bamboo_forest/00002650.jpg
7009,120.Fox_Sparrow/Fox_Sparrow_0018_114468.jpg,0,2,0,0,/f/forest/broadleaf/00003577.jpg
2032,036.Northern_Flicker/Northern_Flicker_0124_28966.jpg,0,2,0,0,/b/bamboo_forest/00000477.jpg
2163,038.Great_Crested_Flycatcher/Great_Crested_Flycatcher_0064_29546.jpg,0,2,0,0,/f/forest/broadleaf/00000875.jpg
10591,180.Wilson_Warbler/Wilson_Warbler_0092_175676.jpg,0,2,0,0,/f/forest/broadleaf/00000553.jpg
9413,161.Blue_winged_Warbler/Blue_Winged_Warbler_0041_161802.jpg,0,2,0,0,/b/bamboo_forest/00001219.jpg
8058,138.Tree_Swallow/Tree_Swallow_0044_135984.jpg,0,2,0,0,/f/forest/broadleaf/00003605.jpg
4577,079.Belted_Kingfisher/Belted_Kingfisher_0079_70524.jpg,0,2,0,0,/f/forest/broadleaf/00001446.jpg
442,009.Brewer_Blackbird/Brewer_Blackbird_0041_2653.jpg,0,2,0,0,/f/forest/broadleaf/00004977.jpg
10971,187.American_Three_toed_Woodpecker/American_Three_Toed_Woodpecker_0040_796180.jpg,0,2,0,0,/f/forest/broadleaf/00001619.jpg
2322,041.Scissor_tailed_Flycatcher/Scissor_Tailed_Flycatcher_0019_41936.jpg,0,2,0,0,/b/bamboo_forest/00003265.jpg
11637,198.Rock_Wren/Rock_Wren_0066_189034.jpg,0,2,0,0,/b/bamboo_forest/00004728.jpg
2360,042.Vermilion_Flycatcher/Vermilion_Flycatcher_0030_42523.jpg,0,2,0,0,/b/bamboo_forest/00002001.jpg
10425,177.Prothonotary_Warbler/Prothonotary_Warbler_0054_174556.jpg,0,2,0,0,/f/forest/broadleaf/00000524.jpg
7032,121.Grasshopper_Sparrow/Grasshopper_Sparrow_0117_115983.jpg,0,2,0,0,/f/forest/broadleaf/00002540.jpg
4739,082.Ringed_Kingfisher/Ringed_Kingfisher_0107_72983.jpg,0,2,0,0,/f/forest/broadleaf/00000015.jpg
8883,152.Blue_headed_Vireo/Blue_Headed_Vireo_0118_156193.jpg,0,2,0,0,/f/forest/broadleaf/00000702.jpg
921,017.Cardinal/Cardinal_0105_19045.jpg,0,2,0,0,/b/bamboo_forest/00000809.jpg
11756,200.Common_Yellowthroat/Common_Yellowthroat_0031_190582.jpg,0,2,0,0,/b/bamboo_forest/00002780.jpg
10234,174.Palm_Warbler/Palm_Warbler_0047_169354.jpg,0,2,0,0,/b/bamboo_forest/00001893.jpg
7647,131.Vesper_Sparrow/Vesper_Sparrow_0004_125787.jpg,0,2,0,0,/b/bamboo_forest/00004110.jpg
7369,126.Nelson_Sharp_tailed_Sparrow/Nelson_Sharp_Tailed_Sparrow_0047_117991.jpg,0,2,0,0,/b/bamboo_forest/00001386.jpg
7772,133.White_throated_Sparrow/White_Throated_Sparrow_0063_128803.jpg,0,2,0,0,/f/forest/broadleaf/00001176.jpg
10167,173.Orange_crowned_Warbler/Orange_Crowned_Warbler_0081_167647.jpg,0,2,0,0,/b/bamboo_forest/00002662.jpg
5735,098.Scott_Oriole/Scott_Oriole_0010_795852.jpg,0,2,0,0,/f/forest/broadleaf/00003038.jpg
7302,125.Lincoln_Sparrow/Lincoln_Sparrow_0099_117482.jpg,0,2,0,0,/f/forest/broadleaf/00003198.jpg
10528,179.Tennessee_Warbler/Tennessee_Warbler_0007_174796.jpg,0,2,0,0,/f/forest/broadleaf/00000107.jpg
4033,070.Green_Violetear/Green_Violetear_0002_795699.jpg,0,2,0,0,/f/forest/broadleaf/00004883.jpg
501,010.Red_winged_Blackbird/Red_Winged_Blackbird_0024_4180.jpg,0,2,0,0,/f/forest/broadleaf/00002470.jpg
6643,114.Black_throated_Sparrow/Black_Throated_Sparrow_0005_107150.jpg,0,2,0,0,/b/bamboo_forest/00001381.jpg
11028,188.Pileated_Woodpecker/Pileated_Woodpecker_0002_180024.jpg,0,2,0,0,/b/bamboo_forest/00001831.jpg
9449,161.Blue_winged_Warbler/Blue_Winged_Warbler_0072_161991.jpg,0,2,0,0,/b/bamboo_forest/00002948.jpg
9498,162.Canada_Warbler/Canada_Warbler_0023_162383.jpg,0,2,0,0,/b/bamboo_forest/00000753.jpg
1753,031.Black_billed_Cuckoo/Black_Billed_Cuckoo_0046_795328.jpg,0,2,0,0,/b/bamboo_forest/00001391.jpg
4059,070.Green_Violetear/Green_Violetear_0114_60809.jpg,0,2,0,0,/f/forest/broadleaf/00000685.jpg
2382,042.Vermilion_Flycatcher/Vermilion_Flycatcher_0049_42380.jpg,0,2,0,0,/b/bamboo_forest/00002088.jpg
9560,163.Cape_May_Warbler/Cape_May_Warbler_0100_162923.jpg,0,2,0,0,/b/bamboo_forest/00004585.jpg
1616,029.American_Crow/American_Crow_0088_25303.jpg,0,2,0,0,/f/forest/broadleaf/00004571.jpg
9524,162.Canada_Warbler/Canada_Warbler_0051_162447.jpg,0,2,0,0,/b/bamboo_forest/00003150.jpg
2767,048.European_Goldfinch/European_Goldfinch_0005_33263.jpg,0,2,0,0,/f/forest/broadleaf/00002289.jpg
3179,055.Evening_Grosbeak/Evening_Grosbeak_0118_37299.jpg,0,2,0,0,/b/bamboo_forest/00003288.jpg
1432,026.Bronzed_Cowbird/Bronzed_Cowbird_0062_796238.jpg,0,2,0,0,/b/bamboo_forest/00002922.jpg
709,013.Bobolink/Bobolink_0114_10627.jpg,0,2,0,0,/f/forest/broadleaf/00001778.jpg
3863,067.Anna_Hummingbird/Anna_Hummingbird_0019_57025.jpg,0,2,0,0,/f/forest/broadleaf/00000539.jpg
5717,098.Scott_Oriole/Scott_Oriole_0014_795827.jpg,0,2,0,0,/b/bamboo_forest/00002008.jpg
4832,083.White_breasted_Kingfisher/White_Breasted_Kingfisher_0089_73371.jpg,0,2,0,0,/f/forest/broadleaf/00004592.jpg
842,016.Painted_Bunting/Painted_Bunting_0053_16404.jpg,0,2,0,0,/f/forest/broadleaf/00003144.jpg
2713,048.European_Goldfinch/European_Goldfinch_0017_794638.jpg,0,2,0,0,/f/forest/broadleaf/00001704.jpg
7067,121.Grasshopper_Sparrow/Grasshopper_Sparrow_0006_115864.jpg,0,2,0,0,/f/forest/broadleaf/00003657.jpg
604,012.Yellow_headed_Blackbird/Yellow_Headed_Blackbird_0108_7937.jpg,0,2,0,0,/f/forest/broadleaf/00000622.jpg
5413,093.Clark_Nutcracker/Clark_Nutcracker_0027_85266.jpg,0,2,0,0,/f/forest/broadleaf/00000249.jpg
8910,152.Blue_headed_Vireo/Blue_Headed_Vireo_0005_156007.jpg,0,2,0,0,/f/forest/broadleaf/00004306.jpg
1553,028.Brown_Creeper/Brown_Creeper_0085_24938.jpg,0,2,0,0,/b/bamboo_forest/00003351.jpg
11077,189.Red_bellied_Woodpecker/Red_Bellied_Woodpecker_0079_181010.jpg,0,2,0,0,/b/bamboo_forest/00003335.jpg
10567,180.Wilson_Warbler/Wilson_Warbler_0118_175779.jpg,0,2,0,0,/b/bamboo_forest/00000084.jpg
10084,172.Nashville_Warbler/Nashville_Warbler_0041_167534.jpg,0,2,0,0,/f/forest/broadleaf/00001822.jpg
11651,198.Rock_Wren/Rock_Wren_0053_189112.jpg,0,2,0,0,/b/bamboo_forest/00001142.jpg
5532,095.Baltimore_Oriole/Baltimore_Oriole_0054_89825.jpg,0,2,0,0,/b/bamboo_forest/00004923.jpg
1563,028.Brown_Creeper/Brown_Creeper_0046_24463.jpg,0,2,0,0,/b/bamboo_forest/00003922.jpg
9539,163.Cape_May_Warbler/Cape_May_Warbler_0122_163131.jpg,0,2,0,0,/b/bamboo_forest/00003414.jpg
5273,091.Mockingbird/Mockingbird_0095_81177.jpg,0,2,0,0,/f/forest/broadleaf/00000136.jpg
1771,032.Mangrove_Cuckoo/Mangrove_Cuckoo_0040_26378.jpg,0,2,0,0,/f/forest/broadleaf/00001720.jpg
9587,163.Cape_May_Warbler/Cape_May_Warbler_0067_162539.jpg,0,2,0,0,/b/bamboo_forest/00003795.jpg
2818,049.Boat_tailed_Grackle/Boat_Tailed_Grackle_0035_33750.jpg,0,2,0,0,/f/forest/broadleaf/00003301.jpg
4344,075.Green_Jay/Green_Jay_0027_65783.jpg,0,2,0,0,/f/forest/broadleaf/00000340.jpg
9252,158.Bay_breasted_Warbler/Bay_Breasted_Warbler_0085_797107.jpg,0,2,0,0,/f/forest/broadleaf/00004265.jpg
858,016.Painted_Bunting/Painted_Bunting_0016_15200.jpg,0,2,0,0,/b/bamboo_forest/00001846.jpg
11478,195.Carolina_Wren/Carolina_Wren_0066_186818.jpg,0,2,0,0,/f/forest/broadleaf/00000255.jpg
7239,124.Le_Conte_Sparrow/Le_Conte_Sparrow_0024_795190.jpg,0,2,0,0,/b/bamboo_forest/00003615.jpg
7020,120.Fox_Sparrow/Fox_Sparrow_0062_115056.jpg,0,2,0,0,/f/forest/broadleaf/00001000.jpg
6630,114.Black_throated_Sparrow/Black_Throated_Sparrow_0094_107085.jpg,0,2,0,0,/b/bamboo_forest/00003664.jpg
8995,154.Red_eyed_Vireo/Red_Eyed_Vireo_0061_157202.jpg,0,2,0,0,/f/forest/broadleaf/00003507.jpg
7987,137.Cliff_Swallow/Cliff_Swallow_0084_133974.jpg,0,2,0,0,/b/bamboo_forest/00001054.jpg
11496,196.House_Wren/House_Wren_0012_187973.jpg,0,2,0,0,/f/forest/broadleaf/00003959.jpg
7859,134.Cape_Glossy_Starling/Cape_Glossy_Starling_0081_129220.jpg,0,2,0,0,/b/bamboo_forest/00001991.jpg
825,015.Lazuli_Bunting/Lazuli_Bunting_0093_15030.jpg,0,2,0,0,/b/bamboo_forest/00003399.jpg
8793,150.Sage_Thrasher/Sage_Thrasher_0006_155478.jpg,0,2,0,0,/b/bamboo_forest/00004135.jpg
6737,116.Chipping_Sparrow/Chipping_Sparrow_0096_109853.jpg,0,2,0,0,/f/forest/broadleaf/00001999.jpg
9262,158.Bay_breasted_Warbler/Bay_Breasted_Warbler_0054_797124.jpg,0,2,0,0,/f/forest/broadleaf/00001444.jpg
7058,121.Grasshopper_Sparrow/Grasshopper_Sparrow_0069_116332.jpg,0,2,0,0,/f/forest/broadleaf/00001650.jpg
6497,111.Loggerhead_Shrike/Loggerhead_Shrike_0017_104864.jpg,0,2,0,0,/f/forest/broadleaf/00000470.jpg
5614,096.Hooded_Oriole/Hooded_Oriole_0002_91034.jpg,0,2,0,0,/f/forest/broadleaf/00003136.jpg
7552,129.Song_Sparrow/Song_Sparrow_0113_121683.jpg,0,2,0,0,/f/forest/broadleaf/00000743.jpg
9327,159.Black_and_white_Warbler/Black_And_White_Warbler_0025_160584.jpg,0,2,0,0,/b/bamboo_forest/00003547.jpg
192,004.Groove_billed_Ani/Groove_Billed_Ani_0035_1591.jpg,0,2,0,0,/f/forest/broadleaf/00004945.jpg
5617,096.Hooded_Oriole/Hooded_Oriole_0082_90045.jpg,0,2,0,0,/f/forest/broadleaf/00002820.jpg
6065,104.American_Pipit/American_Pipit_0022_100227.jpg,0,2,0,0,/b/bamboo_forest/00002646.jpg
9084,155.Warbling_Vireo/Warbling_Vireo_0064_158437.jpg,0,2,0,0,/f/forest/broadleaf/00004416.jpg
4707,081.Pied_Kingfisher/Pied_Kingfisher_0025_72469.jpg,0,2,0,0,/f/forest/broadleaf/00004826.jpg
2312,041.Scissor_tailed_Flycatcher/Scissor_Tailed_Flycatcher_0072_42085.jpg,0,2,0,0,/b/bamboo_forest/00001706.jpg
11402,194.Cactus_Wren/Cactus_Wren_0124_185501.jpg,0,2,0,0,/f/forest/broadleaf/00004540.jpg
9761,166.Golden_winged_Warbler/Golden_Winged_Warbler_0067_794846.jpg,0,2,0,0,/f/forest/broadleaf/00003375.jpg
6972,120.Fox_Sparrow/Fox_Sparrow_0106_114720.jpg,0,2,0,0,/b/bamboo_forest/00004803.jpg
9791,167.Hooded_Warbler/Hooded_Warbler_0035_165040.jpg,0,2,0,0,/f/forest/broadleaf/00002347.jpg
5437,093.Clark_Nutcracker/Clark_Nutcracker_0121_85435.jpg,0,2,0,0,/b/bamboo_forest/00004306.jpg
4763,082.Ringed_Kingfisher/Ringed_Kingfisher_0040_72852.jpg,0,2,0,0,/b/bamboo_forest/00004911.jpg
1664,030.Fish_Crow/Fish_Crow_0013_25939.jpg,0,2,0,0,/f/forest/broadleaf/00001604.jpg
9492,162.Canada_Warbler/Canada_Warbler_0074_162366.jpg,0,2,0,0,/b/bamboo_forest/00001466.jpg
585,011.Rusty_Blackbird/Rusty_Blackbird_0092_2727.jpg,0,2,0,0,/b/bamboo_forest/00002531.jpg
5665,097.Orchard_Oriole/Orchard_Oriole_0060_91536.jpg,0,2,0,0,/b/bamboo_forest/00004815.jpg
4215,073.Blue_Jay/Blue_Jay_0055_61507.jpg,0,2,0,0,/f/forest/broadleaf/00002572.jpg
3156,055.Evening_Grosbeak/Evening_Grosbeak_0078_38051.jpg,0,2,0,0,/b/bamboo_forest/00002798.jpg
8658,148.Green_tailed_Towhee/Green_Tailed_Towhee_0072_154946.jpg,0,2,0,0,/f/forest/broadleaf/00002739.jpg
5301,091.Mockingbird/Mockingbird_0040_79680.jpg,0,2,0,0,/f/forest/broadleaf/00001376.jpg
8986,153.Philadelphia_Vireo/Philadelphia_Vireo_0031_156632.jpg,0,2,0,0,/b/bamboo_forest/00004949.jpg
6541,112.Great_Grey_Shrike/Great_Grey_Shrike_0025_106622.jpg,0,2,0,0,/f/forest/broadleaf/00003276.jpg
8776,150.Sage_Thrasher/Sage_Thrasher_0029_796459.jpg,0,2,0,0,/b/bamboo_forest/00002330.jpg
2327,041.Scissor_tailed_Flycatcher/Scissor_Tailed_Flycatcher_0123_41638.jpg,0,2,0,0,/b/bamboo_forest/00001035.jpg
6205,107.Common_Raven/Common_Raven_0059_101893.jpg,0,2,0,0,/f/forest/broadleaf/00003407.jpg
3169,055.Evening_Grosbeak/Evening_Grosbeak_0038_37228.jpg,0,2,0,0,/f/forest/broadleaf/00003663.jpg
958,018.Spotted_Catbird/Spotted_Catbird_0033_796805.jpg,0,2,0,0,/f/forest/broadleaf/00002444.jpg
721,014.Indigo_Bunting/Indigo_Bunting_0014_14167.jpg,0,2,0,0,/b/bamboo_forest/00002510.jpg
6424,110.Geococcyx/Geococcyx_0079_104249.jpg,0,2,0,0,/b/bamboo_forest/00001026.jpg
9835,168.Kentucky_Warbler/Kentucky_Warbler_0019_165389.jpg,0,2,0,0,/b/bamboo_forest/00004017.jpg
6071,104.American_Pipit/American_Pipit_0109_99710.jpg,0,2,0,0,/b/bamboo_forest/00003839.jpg
4403,076.Dark_eyed_Junco/Dark_Eyed_Junco_0093_67335.jpg,0,2,0,0,/f/forest/broadleaf/00000723.jpg
5647,097.Orchard_Oriole/Orchard_Oriole_0107_91472.jpg,0,2,0,0,/f/forest/broadleaf/00000234.jpg
5530,095.Baltimore_Oriole/Baltimore_Oriole_0042_87216.jpg,0,2,0,0,/b/bamboo_forest/00000569.jpg
10549,180.Wilson_Warbler/Wilson_Warbler_0066_117820.jpg,0,2,0,0,/b/bamboo_forest/00004099.jpg
4759,082.Ringed_Kingfisher/Ringed_Kingfisher_0005_73086.jpg,0,2,0,0,/f/forest/broadleaf/00001214.jpg
687,013.Bobolink/Bobolink_0110_9496.jpg,0,2,0,0,/f/forest/broadleaf/00001863.jpg
885,016.Painted_Bunting/Painted_Bunting_0078_16565.jpg,0,2,0,0,/b/bamboo_forest/00003228.jpg
1559,028.Brown_Creeper/Brown_Creeper_0001_24449.jpg,0,2,0,0,/b/bamboo_forest/00002012.jpg
4336,075.Green_Jay/Green_Jay_0077_65736.jpg,0,2,0,0,/f/forest/broadleaf/00000996.jpg
7228,124.Le_Conte_Sparrow/Le_Conte_Sparrow_0013_795176.jpg,0,2,0,0,/f/forest/broadleaf/00004934.jpg
6932,119.Field_Sparrow/Field_Sparrow_0129_113748.jpg,0,2,0,0,/b/bamboo_forest/00002824.jpg
11611,198.Rock_Wren/Rock_Wren_0034_187656.jpg,0,2,0,0,/b/bamboo_forest/00004673.jpg
949,017.Cardinal/Cardinal_0082_17875.jpg,0,2,0,0,/f/forest/broadleaf/00003014.jpg
10825,184.Louisiana_Waterthrush/Louisiana_Waterthrush_0033_795281.jpg,0,2,0,0,/f/forest/broadleaf/00004632.jpg
4597,079.Belted_Kingfisher/Belted_Kingfisher_0028_70358.jpg,0,2,0,0,/f/forest/broadleaf/00001131.jpg
8859,151.Black_capped_Vireo/Black_Capped_Vireo_0011_797488.jpg,0,2,0,0,/b/bamboo_forest/00002506.jpg
4595,079.Belted_Kingfisher/Belted_Kingfisher_0096_70347.jpg,0,2,0,0,/b/bamboo_forest/00000198.jpg
7507,129.Song_Sparrow/Song_Sparrow_0060_122371.jpg,0,2,0,0,/f/forest/broadleaf/00004426.jpg
10139,173.Orange_crowned_Warbler/Orange_Crowned_Warbler_0006_167998.jpg,0,2,0,0,/f/forest/broadleaf/00004496.jpg
10254,175.Pine_Warbler/Pine_Warbler_0111_171040.jpg,0,2,0,0,/b/bamboo_forest/00003164.jpg
10259,175.Pine_Warbler/Pine_Warbler_0035_98396.jpg,0,2,0,0,/f/forest/broadleaf/00004208.jpg
2464,043.Yellow_bellied_Flycatcher/Yellow_Bellied_Flycatcher_0060_42595.jpg,0,2,0,0,/b/bamboo_forest/00003908.jpg
4038,070.Green_Violetear/Green_Violetear_0024_795705.jpg,0,2,0,0,/f/forest/broadleaf/00004921.jpg
5353,092.Nighthawk/Nighthawk_0047_82820.jpg,0,2,0,0,/f/forest/broadleaf/00003535.jpg
1807,032.Mangrove_Cuckoo/Mangrove_Cuckoo_0008_26357.jpg,0,2,0,0,/f/forest/broadleaf/00003826.jpg
7440,127.Savannah_Sparrow/Savannah_Sparrow_0005_119735.jpg,0,2,0,0,/f/forest/broadleaf/00004744.jpg
4298,074.Florida_Jay/Florida_Jay_0013_64706.jpg,0,2,0,0,/b/bamboo_forest/00000122.jpg
9618,164.Cerulean_Warbler/Cerulean_Warbler_0075_797233.jpg,0,2,0,0,/f/forest/broadleaf/00004493.jpg
10780,183.Northern_Waterthrush/Northern_Waterthrush_0087_177148.jpg,0,2,0,0,/f/forest/broadleaf/00004359.jpg
2160,038.Great_Crested_Flycatcher/Great_Crested_Flycatcher_0051_29530.jpg,0,2,0,0,/f/forest/broadleaf/00000845.jpg
1102,020.Yellow_breasted_Chat/Yellow_Breasted_Chat_0034_21955.jpg,0,2,0,0,/f/forest/broadleaf/00003779.jpg
6814,117.Clay_colored_Sparrow/Clay_Colored_Sparrow_0010_797262.jpg,0,2,0,0,/f/forest/broadleaf/00000091.jpg
462,009.Brewer_Blackbird/Brewer_Blackbird_0010_2269.jpg,0,2,0,0,/b/bamboo_forest/00003910.jpg
4640,080.Green_Kingfisher/Green_Kingfisher_0092_71106.jpg,0,2,0,0,/f/forest/broadleaf/00000405.jpg
1805,032.Mangrove_Cuckoo/Mangrove_Cuckoo_0007_794610.jpg,0,2,0,0,/f/forest/broadleaf/00002571.jpg
9636,164.Cerulean_Warbler/Cerulean_Warbler_0016_163265.jpg,0,2,0,0,/b/bamboo_forest/00000884.jpg
11692,199.Winter_Wren/Winter_Wren_0102_189563.jpg,0,2,0,0,/b/bamboo_forest/00003332.jpg
9527,162.Canada_Warbler/Canada_Warbler_0122_162219.jpg,0,2,0,0,/b/bamboo_forest/00000992.jpg
9124,156.White_eyed_Vireo/White_Eyed_Vireo_0132_158908.jpg,0,2,0,0,/b/bamboo_forest/00003952.jpg
1866,033.Yellow_billed_Cuckoo/Yellow_Billed_Cuckoo_0006_26578.jpg,0,2,0,0,/f/forest/broadleaf/00003950.jpg
11711,199.Winter_Wren/Winter_Wren_0048_189683.jpg,0,2,0,0,/f/forest/broadleaf/00001046.jpg
4375,076.Dark_eyed_Junco/Dark_Eyed_Junco_0015_66576.jpg,0,2,0,0,/f/forest/broadleaf/00003906.jpg
5551,095.Baltimore_Oriole/Baltimore_Oriole_0109_87398.jpg,0,2,0,0,/f/forest/broadleaf/00004907.jpg
11648,198.Rock_Wren/Rock_Wren_0109_189094.jpg,0,2,0,0,/f/forest/broadleaf/00004378.jpg
11665,198.Rock_Wren/Rock_Wren_0100_189426.jpg,0,2,0,0,/f/forest/broadleaf/00004791.jpg
9428,161.Blue_winged_Warbler/Blue_Winged_Warbler_0067_161860.jpg,0,2,0,0,/f/forest/broadleaf/00003306.jpg
10082,172.Nashville_Warbler/Nashville_Warbler_0086_167045.jpg,0,2,0,0,/b/bamboo_forest/00004364.jpg
11288,192.Downy_Woodpecker/Downy_Woodpecker_0098_184567.jpg,0,2,0,0,/f/forest/broadleaf/00001676.jpg
847,016.Painted_Bunting/Painted_Bunting_0040_16691.jpg,0,2,0,0,/b/bamboo_forest/00000430.jpg
919,017.Cardinal/Cardinal_0033_19215.jpg,0,2,0,0,/b/bamboo_forest/00000257.jpg
7672,131.Vesper_Sparrow/Vesper_Sparrow_0031_125631.jpg,0,2,0,0,/b/bamboo_forest/00000630.jpg
618,012.Yellow_headed_Blackbird/Yellow_Headed_Blackbird_0088_8257.jpg,0,2,0,0,/f/forest/broadleaf/00003223.jpg
9891,169.Magnolia_Warbler/Magnolia_Warbler_0047_165900.jpg,0,2,0,0,/b/bamboo_forest/00002122.jpg
5328,092.Nighthawk/Nighthawk_0016_84490.jpg,0,2,0,0,/b/bamboo_forest/00002988.jpg
2357,042.Vermilion_Flycatcher/Vermilion_Flycatcher_0059_42261.jpg,0,2,0,0,/f/forest/broadleaf/00004784.jpg
10307,175.Pine_Warbler/Pine_Warbler_0101_171501.jpg,0,2,0,0,/b/bamboo_forest/00001755.jpg
7011,120.Fox_Sparrow/Fox_Sparrow_0123_114488.jpg,0,2,0,0,/f/forest/broadleaf/00002827.jpg
2709,047.American_Goldfinch/American_Goldfinch_0105_32238.jpg,0,2,0,0,/b/bamboo_forest/00002868.jpg
6113,105.Whip_poor_Will/Whip_Poor_Will_0025_796434.jpg,0,2,0,0,/f/forest/broadleaf/00003976.jpg
4960,085.Horned_Lark/Horned_Lark_0112_73971.jpg,0,2,0,0,/f/forest/broadleaf/00003451.jpg
10519,179.Tennessee_Warbler/Tennessee_Warbler_0075_174763.jpg,0,2,0,0,/f/forest/broadleaf/00004290.jpg
7065,121.Grasshopper_Sparrow/Grasshopper_Sparrow_0121_116110.jpg,0,2,0,0,/b/bamboo_forest/00004783.jpg
2657,047.American_Goldfinch/American_Goldfinch_0040_32323.jpg,0,2,0,0,/b/bamboo_forest/00000624.jpg
8984,153.Philadelphia_Vireo/Philadelphia_Vireo_0058_156558.jpg,0,2,0,0,/f/forest/broadleaf/00003559.jpg
5999,103.Sayornis/Sayornis_0116_98939.jpg,0,2,0,0,/f/forest/broadleaf/00003720.jpg
5645,097.Orchard_Oriole/Orchard_Oriole_0074_91979.jpg,0,2,0,0,/b/bamboo_forest/00000701.jpg
1575,028.Brown_Creeper/Brown_Creeper_0006_25034.jpg,0,2,0,0,/b/bamboo_forest/00001564.jpg
1865,033.Yellow_billed_Cuckoo/Yellow_Billed_Cuckoo_0024_26832.jpg,0,2,0,0,/b/bamboo_forest/00001072.jpg
7745,132.White_crowned_Sparrow/White_Crowned_Sparrow_0092_125934.jpg,0,2,0,0,/b/bamboo_forest/00001224.jpg
1956,035.Purple_Finch/Purple_Finch_0117_27427.jpg,0,2,0,0,/b/bamboo_forest/00000906.jpg
11737,200.Common_Yellowthroat/Common_Yellowthroat_0019_190524.jpg,0,2,0,0,/f/forest/broadleaf/00004204.jpg
3138,055.Evening_Grosbeak/Evening_Grosbeak_0114_37416.jpg,0,2,0,0,/b/bamboo_forest/00003276.jpg
5361,092.Nighthawk/Nighthawk_0020_83869.jpg,0,2,0,0,/f/forest/broadleaf/00002881.jpg
7330,126.Nelson_Sharp_tailed_Sparrow/Nelson_Sharp_Tailed_Sparrow_0044_796932.jpg,0,2,0,0,/f/forest/broadleaf/00001077.jpg
9597,164.Cerulean_Warbler/Cerulean_Warbler_0093_797196.jpg,0,2,0,0,/f/forest/broadleaf/00002504.jpg
5412,093.Clark_Nutcracker/Clark_Nutcracker_0047_85630.jpg,0,2,0,0,/f/forest/broadleaf/00003405.jpg
11213,191.Red_headed_Woodpecker/Red_Headed_Woodpecker_0091_183144.jpg,0,2,0,0,/b/bamboo_forest/00004435.jpg
5679,097.Orchard_Oriole/Orchard_Oriole_0018_91601.jpg,0,2,0,0,/f/forest/broadleaf/00004827.jpg
2049,036.Northern_Flicker/Northern_Flicker_0127_28411.jpg,0,2,0,0,/f/forest/broadleaf/00002440.jpg
4605,079.Belted_Kingfisher/Belted_Kingfisher_0112_70634.jpg,0,2,0,0,/b/bamboo_forest/00001677.jpg
1969,035.Purple_Finch/Purple_Finch_0065_27473.jpg,0,2,0,0,/b/bamboo_forest/00003212.jpg
6422,110.Geococcyx/Geococcyx_0116_104240.jpg,0,2,0,0,/f/forest/broadleaf/00001219.jpg
4650,080.Green_Kingfisher/Green_Kingfisher_0045_71064.jpg,0,2,0,0,/b/bamboo_forest/00000944.jpg
6624,114.Black_throated_Sparrow/Black_Throated_Sparrow_0080_107050.jpg,0,2,0,0,/f/forest/broadleaf/00002523.jpg
7054,121.Grasshopper_Sparrow/Grasshopper_Sparrow_0116_116066.jpg,0,2,0,0,/b/bamboo_forest/00000234.jpg
2792,049.Boat_tailed_Grackle/Boat_Tailed_Grackle_0054_33633.jpg,0,2,0,0,/f/forest/broadleaf/00004040.jpg
6750,116.Chipping_Sparrow/Chipping_Sparrow_0041_108370.jpg,0,2,0,0,/b/bamboo_forest/00001971.jpg
1891,034.Gray_crowned_Rosy_Finch/Gray_Crowned_Rosy_Finch_0048_27236.jpg,0,2,0,0,/f/forest/broadleaf/00001594.jpg
6542,112.Great_Grey_Shrike/Great_Grey_Shrike_0005_797055.jpg,0,2,0,0,/b/bamboo_forest/00001129.jpg
5624,096.Hooded_Oriole/Hooded_Oriole_0084_90607.jpg,0,2,0,0,/b/bamboo_forest/00001460.jpg
10029,171.Myrtle_Warbler/Myrtle_Warbler_0093_166986.jpg,0,2,0,0,/f/forest/broadleaf/00002585.jpg
11052,188.Pileated_Woodpecker/Pileated_Woodpecker_0118_180138.jpg,0,2,0,0,/b/bamboo_forest/00002623.jpg
2091,037.Acadian_Flycatcher/Acadian_Flycatcher_0072_795603.jpg,0,2,0,0,/f/forest/broadleaf/00003789.jpg
1666,030.Fish_Crow/Fish_Crow_0072_25945.jpg,0,2,0,0,/b/bamboo_forest/00001703.jpg
11370,194.Cactus_Wren/Cactus_Wren_0040_185859.jpg,0,2,0,0,/f/forest/broadleaf/00003264.jpg
7725,132.White_crowned_Sparrow/White_Crowned_Sparrow_0049_128311.jpg,0,2,0,0,/b/bamboo_forest/00001257.jpg
8106,139.Scarlet_Tanager/Scarlet_Tanager_0116_138242.jpg,0,2,0,0,/f/forest/broadleaf/00003339.jpg
1804,032.Mangrove_Cuckoo/Mangrove_Cuckoo_0026_794609.jpg,0,2,0,0,/b/bamboo_forest/00001629.jpg
10720,182.Yellow_Warbler/Yellow_Warbler_0058_176891.jpg,0,2,0,0,/b/bamboo_forest/00000386.jpg
9370,160.Black_throated_Blue_Warbler/Black_Throated_Blue_Warbler_0009_161534.jpg,0,2,0,0,/f/forest/broadleaf/00000135.jpg
10096,172.Nashville_Warbler/Nashville_Warbler_0018_167191.jpg,0,2,0,0,/f/forest/broadleaf/00004902.jpg
10699,182.Yellow_Warbler/Yellow_Warbler_0112_176301.jpg,0,2,0,0,/f/forest/broadleaf/00000558.jpg
2466,043.Yellow_bellied_Flycatcher/Yellow_Bellied_Flycatcher_0039_795471.jpg,0,2,0,0,/b/bamboo_forest/00003840.jpg
808,015.Lazuli_Bunting/Lazuli_Bunting_0032_14778.jpg,0,2,0,0,/f/forest/broadleaf/00000799.jpg
10521,179.Tennessee_Warbler/Tennessee_Warbler_0070_174962.jpg,0,2,0,0,/b/bamboo_forest/00000210.jpg
11247,191.Red_headed_Woodpecker/Red_Headed_Woodpecker_0027_183029.jpg,0,2,0,0,/f/forest/broadleaf/00003447.jpg
11712,199.Winter_Wren/Winter_Wren_0093_189686.jpg,0,2,0,0,/f/forest/broadleaf/00000542.jpg
582,011.Rusty_Blackbird/Rusty_Blackbird_0105_6937.jpg,0,2,0,0,/f/forest/broadleaf/00000395.jpg
2676,047.American_Goldfinch/American_Goldfinch_0062_31921.jpg,0,2,0,0,/b/bamboo_forest/00004339.jpg
2315,041.Scissor_tailed_Flycatcher/Scissor_Tailed_Flycatcher_0031_41836.jpg,0,2,0,0,/f/forest/broadleaf/00003113.jpg
4496,078.Gray_Kingbird/Gray_Kingbird_0056_70156.jpg,0,2,0,0,/f/forest/broadleaf/00003468.jpg
9260,158.Bay_breasted_Warbler/Bay_Breasted_Warbler_0082_797121.jpg,0,2,0,0,/b/bamboo_forest/00000577.jpg
11581,197.Marsh_Wren/Marsh_Wren_0070_188205.jpg,0,2,0,0,/b/bamboo_forest/00001062.jpg
6323,109.American_Redstart/American_Redstart_0094_103425.jpg,0,2,0,0,/f/forest/broadleaf/00003019.jpg
10641,181.Worm_eating_Warbler/Worm_Eating_Warbler_0014_176042.jpg,0,2,0,0,/f/forest/broadleaf/00003181.jpg
6432,110.Geococcyx/Geococcyx_0027_104291.jpg,0,2,0,0,/f/forest/broadleaf/00001904.jpg
2348,041.Scissor_tailed_Flycatcher/Scissor_Tailed_Flycatcher_0012_41853.jpg,0,2,0,0,/f/forest/broadleaf/00004508.jpg
1819,033.Yellow_billed_Cuckoo/Yellow_Billed_Cuckoo_0117_26651.jpg,0,2,0,0,/b/bamboo_forest/00002320.jpg
2336,041.Scissor_tailed_Flycatcher/Scissor_Tailed_Flycatcher_0122_41679.jpg,0,2,0,0,/f/forest/broadleaf/00003661.jpg
8174,140.Summer_Tanager/Summer_Tanager_0127_139297.jpg,0,2,0,0,/f/forest/broadleaf/00003406.jpg
7056,121.Grasshopper_Sparrow/Grasshopper_Sparrow_0099_116069.jpg,0,2,0,0,/b/bamboo_forest/00000197.jpg
3219,056.Pine_Grosbeak/Pine_Grosbeak_0016_38743.jpg,0,2,0,0,/f/forest/broadleaf/00003885.jpg
1902,034.Gray_crowned_Rosy_Finch/Gray_Crowned_Rosy_Finch_0040_26985.jpg,0,2,0,0,/b/bamboo_forest/00001410.jpg
9696,165.Chestnut_sided_Warbler/Chestnut_Sided_Warbler_0004_164279.jpg,0,2,0,0,/b/bamboo_forest/00003268.jpg
9282,158.Bay_breasted_Warbler/Bay_Breasted_Warbler_0042_797160.jpg,0,2,0,0,/f/forest/broadleaf/00004993.jpg
8791,150.Sage_Thrasher/Sage_Thrasher_0050_155475.jpg,0,2,0,0,/f/forest/broadleaf/00000892.jpg
11704,199.Winter_Wren/Winter_Wren_0097_190139.jpg,0,2,0,0,/b/bamboo_forest/00004996.jpg
643,012.Yellow_headed_Blackbird/Yellow_Headed_Blackbird_0013_8362.jpg,0,2,0,0,/f/forest/broadleaf/00004684.jpg
6584,113.Baird_Sparrow/Baird_Sparrow_0004_794568.jpg,0,2,0,0,/f/forest/broadleaf/00003413.jpg
546,011.Rusty_Blackbird/Rusty_Blackbird_0055_6923.jpg,0,2,0,0,/f/forest/broadleaf/00004436.jpg
6076,104.American_Pipit/American_Pipit_0046_100240.jpg,0,2,0,0,/b/bamboo_forest/00002899.jpg
7404,127.Savannah_Sparrow/Savannah_Sparrow_0015_118910.jpg,0,2,0,0,/b/bamboo_forest/00003558.jpg
4843,083.White_breasted_Kingfisher/White_Breasted_Kingfisher_0050_73682.jpg,0,2,0,0,/b/bamboo_forest/00004964.jpg
6679,115.Brewer_Sparrow/Brewer_Sparrow_0007_796700.jpg,0,2,0,0,/b/bamboo_forest/00002099.jpg
7169,123.Henslow_Sparrow/Henslow_Sparrow_0104_796541.jpg,0,2,0,0,/f/forest/broadleaf/00004712.jpg
1061,020.Yellow_breasted_Chat/Yellow_Breasted_Chat_0010_21777.jpg,0,2,0,0,/f/forest/broadleaf/00001926.jpg
8936,153.Philadelphia_Vireo/Philadelphia_Vireo_0008_156551.jpg,0,2,0,0,/f/forest/broadleaf/00002421.jpg
2790,049.Boat_tailed_Grackle/Boat_Tailed_Grackle_0009_33373.jpg,0,2,0,0,/f/forest/broadleaf/00001644.jpg
6953,119.Field_Sparrow/Field_Sparrow_0123_113847.jpg,0,2,0,0,/f/forest/broadleaf/00000335.jpg
8968,153.Philadelphia_Vireo/Philadelphia_Vireo_0082_156574.jpg,0,2,0,0,/b/bamboo_forest/00001911.jpg
4610,079.Belted_Kingfisher/Belted_Kingfisher_0027_70397.jpg,0,2,0,0,/f/forest/broadleaf/00001394.jpg
5760,099.Ovenbird/Ovenbird_0026_92850.jpg,0,2,0,0,/b/bamboo_forest/00004525.jpg
3991,069.Rufous_Hummingbird/Rufous_Hummingbird_0100_59541.jpg,0,2,0,0,/b/bamboo_forest/00002649.jpg
6738,116.Chipping_Sparrow/Chipping_Sparrow_0017_107552.jpg,0,2,0,0,/f/forest/broadleaf/00003718.jpg
9772,167.Hooded_Warbler/Hooded_Warbler_0068_164872.jpg,0,2,0,0,/b/bamboo_forest/00003739.jpg
1846,033.Yellow_billed_Cuckoo/Yellow_Billed_Cuckoo_0043_26492.jpg,0,2,0,0,/b/bamboo_forest/00003974.jpg
9865,168.Kentucky_Warbler/Kentucky_Warbler_0009_795865.jpg,0,2,0,0,/f/forest/broadleaf/00002888.jpg
4295,074.Florida_Jay/Florida_Jay_0078_64692.jpg,0,2,0,0,/b/bamboo_forest/00004064.jpg
1095,020.Yellow_breasted_Chat/Yellow_Breasted_Chat_0041_21683.jpg,0,2,0,0,/b/bamboo_forest/00003701.jpg
6472,111.Loggerhead_Shrike/Loggerhead_Shrike_0025_104828.jpg,0,2,0,0,/f/forest/broadleaf/00001056.jpg
5480,094.White_breasted_Nuthatch/White_Breasted_Nuthatch_0076_85801.jpg,0,2,0,0,/b/bamboo_forest/00003540.jpg
7990,137.Cliff_Swallow/Cliff_Swallow_0039_133645.jpg,0,2,0,0,/b/bamboo_forest/00002289.jpg
7924,135.Bank_Swallow/Bank_Swallow_0019_129788.jpg,0,2,0,0,/b/bamboo_forest/00003002.jpg
8854,151.Black_capped_Vireo/Black_Capped_Vireo_0021_797480.jpg,0,2,0,0,/b/bamboo_forest/00001927.jpg
2351,042.Vermilion_Flycatcher/Vermilion_Flycatcher_0019_42241.jpg,0,2,0,0,/b/bamboo_forest/00002179.jpg
9196,157.Yellow_throated_Vireo/Yellow_Throated_Vireo_0048_794982.jpg,0,2,0,0,/b/bamboo_forest/00002024.jpg
7122,122.Harris_Sparrow/Harris_Sparrow_0066_116362.jpg,0,2,0,0,/f/forest/broadleaf/00003844.jpg
1665,030.Fish_Crow/Fish_Crow_0065_25942.jpg,0,2,0,0,/b/bamboo_forest/00000109.jpg
9987,170.Mourning_Warbler/Mourning_Warbler_0019_795347.jpg,0,2,0,0,/b/bamboo_forest/00000335.jpg
3968,069.Rufous_Hummingbird/Rufous_Hummingbird_0125_58932.jpg,0,2,0,0,/b/bamboo_forest/00004032.jpg
2004,036.Northern_Flicker/Northern_Flicker_0006_28290.jpg,0,2,0,0,/b/bamboo_forest/00004209.jpg
448,009.Brewer_Blackbird/Brewer_Blackbird_0028_2682.jpg,0,2,0,0,/f/forest/broadleaf/00001758.jpg
4064,070.Green_Violetear/Green_Violetear_0110_60866.jpg,0,2,0,0,/b/bamboo_forest/00001799.jpg
8858,151.Black_capped_Vireo/Black_Capped_Vireo_0052_797487.jpg,0,2,0,0,/f/forest/broadleaf/00001296.jpg
6343,109.American_Redstart/American_Redstart_0126_103091.jpg,0,2,0,0,/b/bamboo_forest/00002334.jpg
3980,069.Rufous_Hummingbird/Rufous_Hummingbird_0130_59500.jpg,0,2,0,0,/b/bamboo_forest/00000300.jpg
9591,164.Cerulean_Warbler/Cerulean_Warbler_0019_797186.jpg,0,2,0,0,/f/forest/broadleaf/00003804.jpg
9504,162.Canada_Warbler/Canada_Warbler_0117_162394.jpg,0,2,0,0,/b/bamboo_forest/00001192.jpg
3292,057.Rose_breasted_Grosbeak/Rose_Breasted_Grosbeak_0069_39254.jpg,0,2,0,0,/f/forest/broadleaf/00003408.jpg
4560,079.Belted_Kingfisher/Belted_Kingfisher_0094_70698.jpg,0,2,0,0,/f/forest/broadleaf/00002085.jpg
3116,054.Blue_Grosbeak/Blue_Grosbeak_0097_37067.jpg,0,2,0,0,/f/forest/broadleaf/00000649.jpg
5474,094.White_breasted_Nuthatch/White_Breasted_Nuthatch_0129_86761.jpg,0,2,0,0,/f/forest/broadleaf/00000123.jpg
5457,094.White_breasted_Nuthatch/White_Breasted_Nuthatch_0063_86573.jpg,0,2,0,0,/f/forest/broadleaf/00004722.jpg
9431,161.Blue_winged_Warbler/Blue_Winged_Warbler_0042_161869.jpg,0,2,0,0,/f/forest/broadleaf/00003849.jpg
646,012.Yellow_headed_Blackbird/Yellow_Headed_Blackbird_0098_8367.jpg,0,2,0,0,/b/bamboo_forest/00003850.jpg
9661,165.Chestnut_sided_Warbler/Chestnut_Sided_Warbler_0062_163859.jpg,0,2,0,0,/f/forest/broadleaf/00001547.jpg
3882,067.Anna_Hummingbird/Anna_Hummingbird_0117_55785.jpg,0,2,0,0,/f/forest/broadleaf/00001224.jpg
4502,078.Gray_Kingbird/Gray_Kingbird_0075_70188.jpg,0,2,0,0,/f/forest/broadleaf/00002396.jpg
5650,097.Orchard_Oriole/Orchard_Oriole_0101_91233.jpg,0,2,0,0,/b/bamboo_forest/00001422.jpg
6501,111.Loggerhead_Shrike/Loggerhead_Shrike_0030_104930.jpg,0,2,0,0,/b/bamboo_forest/00002098.jpg
11079,189.Red_bellied_Woodpecker/Red_Bellied_Woodpecker_0025_180756.jpg,0,2,0,0,/f/forest/broadleaf/00001331.jpg
7478,128.Seaside_Sparrow/Seaside_Sparrow_0063_120707.jpg,0,2,0,0,/f/forest/broadleaf/00002595.jpg
9945,169.Magnolia_Warbler/Magnolia_Warbler_0136_166388.jpg,0,2,0,0,/f/forest/broadleaf/00001098.jpg
8753,149.Brown_Thrasher/Brown_Thrasher_0124_155052.jpg,0,2,0,0,/b/bamboo_forest/00002250.jpg
1646,030.Fish_Crow/Fish_Crow_0067_26124.jpg,0,2,0,0,/f/forest/broadleaf/00004246.jpg
2189,039.Least_Flycatcher/Least_Flycatcher_0085_30318.jpg,0,2,0,0,/f/forest/broadleaf/00000663.jpg
6645,114.Black_throated_Sparrow/Black_Throated_Sparrow_0040_107172.jpg,0,2,0,0,/b/bamboo_forest/00004094.jpg
10576,180.Wilson_Warbler/Wilson_Warbler_0012_175328.jpg,0,2,0,0,/b/bamboo_forest/00004551.jpg
1942,035.Purple_Finch/Purple_Finch_0030_27255.jpg,0,2,0,0,/b/bamboo_forest/00004140.jpg
6222,107.Common_Raven/Common_Raven_0075_102530.jpg,0,2,0,0,/f/forest/broadleaf/00001841.jpg
602,011.Rusty_Blackbird/Rusty_Blackbird_0013_6902.jpg,0,2,0,0,/f/forest/broadleaf/00003004.jpg
10235,174.Palm_Warbler/Palm_Warbler_0039_170894.jpg,0,2,0,0,/f/forest/broadleaf/00001405.jpg
1443,026.Bronzed_Cowbird/Bronzed_Cowbird_0024_24167.jpg,0,2,0,0,/f/forest/broadleaf/00000366.jpg
1894,034.Gray_crowned_Rosy_Finch/Gray_Crowned_Rosy_Finch_0007_797278.jpg,0,2,0,0,/b/bamboo_forest/00002454.jpg
1737,031.Black_billed_Cuckoo/Black_Billed_Cuckoo_0008_795305.jpg,0,2,0,0,/f/forest/broadleaf/00001174.jpg
4497,078.Gray_Kingbird/Gray_Kingbird_0017_70161.jpg,0,2,0,0,/b/bamboo_forest/00002277.jpg
4460,077.Tropical_Kingbird/Tropical_Kingbird_0047_69719.jpg,0,2,0,0,/b/bamboo_forest/00002425.jpg
7897,135.Bank_Swallow/Bank_Swallow_0043_129685.jpg,0,2,0,0,/b/bamboo_forest/00000502.jpg
6807,117.Clay_colored_Sparrow/Clay_Colored_Sparrow_0075_797251.jpg,0,2,0,0,/f/forest/broadleaf/00003983.jpg
9756,166.Golden_winged_Warbler/Golden_Winged_Warbler_0031_794840.jpg,0,2,0,0,/f/forest/broadleaf/00000700.jpg
3201,056.Pine_Grosbeak/Pine_Grosbeak_0096_38441.jpg,0,2,0,0,/b/bamboo_forest/00002555.jpg
656,012.Yellow_headed_Blackbird/Yellow_Headed_Blackbird_0047_7929.jpg,0,2,0,0,/b/bamboo_forest/00001008.jpg
494,010.Red_winged_Blackbird/Red_Winged_Blackbird_0042_3635.jpg,0,2,0,0,/b/bamboo_forest/00000368.jpg
3301,057.Rose_breasted_Grosbeak/Rose_Breasted_Grosbeak_0122_39284.jpg,0,2,0,0,/f/forest/broadleaf/00002336.jpg
6425,110.Geococcyx/Geococcyx_0063_104250.jpg,0,2,0,0,/f/forest/broadleaf/00004024.jpg
4451,077.Tropical_Kingbird/Tropical_Kingbird_0045_69605.jpg,0,2,0,0,/f/forest/broadleaf/00003709.jpg
11713,199.Winter_Wren/Winter_Wren_0071_189689.jpg,0,2,0,0,/b/bamboo_forest/00004393.jpg
11625,198.Rock_Wren/Rock_Wren_0041_189227.jpg,0,2,0,0,/f/forest/broadleaf/00000603.jpg
6304,108.White_necked_Raven/White_Necked_Raven_0056_797373.jpg,0,2,0,0,/f/forest/broadleaf/00001125.jpg
608,012.Yellow_headed_Blackbird/Yellow_Headed_Blackbird_0015_8207.jpg,0,2,0,0,/b/bamboo_forest/00002906.jpg
1712,031.Black_billed_Cuckoo/Black_Billed_Cuckoo_0045_26194.jpg,0,2,0,0,/f/forest/broadleaf/00003839.jpg
10454,178.Swainson_Warbler/Swainson_Warbler_0033_794856.jpg,0,2,0,0,/b/bamboo_forest/00002787.jpg
6526,112.Great_Grey_Shrike/Great_Grey_Shrike_0011_106852.jpg,0,2,0,0,/f/forest/broadleaf/00004249.jpg
5748,099.Ovenbird/Ovenbird_0047_93203.jpg,0,2,0,0,/f/forest/broadleaf/00004510.jpg
1030,019.Gray_Catbird/Gray_Catbird_0092_20735.jpg,0,2,0,0,/f/forest/broadleaf/00000930.jpg
3295,057.Rose_breasted_Grosbeak/Rose_Breasted_Grosbeak_0016_39265.jpg,0,2,0,0,/f/forest/broadleaf/00004979.jpg
7043,121.Grasshopper_Sparrow/Grasshopper_Sparrow_0107_116286.jpg,0,2,0,0,/f/forest/broadleaf/00004337.jpg
560,011.Rusty_Blackbird/Rusty_Blackbird_0075_6717.jpg,0,2,0,0,/f/forest/broadleaf/00004221.jpg
10623,181.Worm_eating_Warbler/Worm_Eating_Warbler_0016_795528.jpg,0,2,0,0,/b/bamboo_forest/00004432.jpg
4711,081.Pied_Kingfisher/Pied_Kingfisher_0021_72498.jpg,0,2,0,0,/b/bamboo_forest/00004430.jpg
11070,188.Pileated_Woodpecker/Pileated_Woodpecker_0053_179960.jpg,0,2,0,0,/f/forest/broadleaf/00003138.jpg
4063,070.Green_Violetear/Green_Violetear_0072_60858.jpg,0,2,0,0,/f/forest/broadleaf/00003037.jpg
5372,092.Nighthawk/Nighthawk_0072_795336.jpg,0,2,0,0,/f/forest/broadleaf/00001116.jpg
3871,067.Anna_Hummingbird/Anna_Hummingbird_0070_56085.jpg,0,2,0,0,/b/bamboo_forest/00001012.jpg
5547,095.Baltimore_Oriole/Baltimore_Oriole_0041_87367.jpg,0,2,0,0,/f/forest/broadleaf/00004231.jpg
483,009.Brewer_Blackbird/Brewer_Blackbird_0004_2345.jpg,0,2,0,0,/b/bamboo_forest/00003621.jpg
11318,193.Bewick_Wren/Bewick_Wren_0070_184892.jpg,0,2,0,0,/b/bamboo_forest/00003806.jpg
8199,140.Summer_Tanager/Summer_Tanager_0041_139902.jpg,0,2,0,0,/f/forest/broadleaf/00001613.jpg
8028,137.Cliff_Swallow/Cliff_Swallow_0093_133052.jpg,0,2,0,0,/f/forest/broadleaf/00001660.jpg
10302,175.Pine_Warbler/Pine_Warbler_0020_171989.jpg,0,2,0,0,/f/forest/broadleaf/00001825.jpg
11032,188.Pileated_Woodpecker/Pileated_Woodpecker_0067_179979.jpg,0,2,0,0,/b/bamboo_forest/00004249.jpg
11486,195.Carolina_Wren/Carolina_Wren_0006_186742.jpg,0,2,0,0,/b/bamboo_forest/00002727.jpg
9795,167.Hooded_Warbler/Hooded_Warbler_0105_165095.jpg,0,2,0,0,/b/bamboo_forest/00001135.jpg
7477,128.Seaside_Sparrow/Seaside_Sparrow_0070_796540.jpg,0,2,0,0,/f/forest/broadleaf/00002380.jpg
4287,074.Florida_Jay/Florida_Jay_0011_64920.jpg,0,2,0,0,/f/forest/broadleaf/00002213.jpg
1050,019.Gray_Catbird/Gray_Catbird_0044_20955.jpg,0,2,0,0,/b/bamboo_forest/00004755.jpg
11476,195.Carolina_Wren/Carolina_Wren_0077_186294.jpg,0,2,0,0,/f/forest/broadleaf/00000104.jpg
1580,028.Brown_Creeper/Brown_Creeper_0102_25000.jpg,0,2,0,0,/b/bamboo_forest/00000409.jpg
5391,093.Clark_Nutcracker/Clark_Nutcracker_0102_85089.jpg,0,2,0,0,/b/bamboo_forest/00000281.jpg
6400,110.Geococcyx/Geococcyx_0056_104142.jpg,0,2,0,0,/b/bamboo_forest/00001874.jpg
9148,156.White_eyed_Vireo/White_Eyed_Vireo_0041_159032.jpg,0,2,0,0,/b/bamboo_forest/00001547.jpg
779,014.Indigo_Bunting/Indigo_Bunting_0074_12829.jpg,0,2,0,0,/b/bamboo_forest/00003642.jpg
4052,070.Green_Violetear/Green_Violetear_0107_60781.jpg,0,2,0,0,/f/forest/broadleaf/00000609.jpg
2805,049.Boat_tailed_Grackle/Boat_Tailed_Grackle_0019_33687.jpg,0,2,0,0,/f/forest/broadleaf/00001558.jpg
9181,157.Yellow_throated_Vireo/Yellow_Throated_Vireo_0076_794984.jpg,0,2,0,0,/b/bamboo_forest/00002406.jpg
6839,117.Clay_colored_Sparrow/Clay_Colored_Sparrow_0009_797256.jpg,0,2,0,0,/b/bamboo_forest/00000359.jpg
1906,034.Gray_crowned_Rosy_Finch/Gray_Crowned_Rosy_Finch_0079_797294.jpg,0,2,0,0,/f/forest/broadleaf/00000348.jpg
9320,159.Black_and_white_Warbler/Black_And_White_Warbler_0114_160537.jpg,0,2,0,0,/f/forest/broadleaf/00003852.jpg
8760,149.Brown_Thrasher/Brown_Thrasher_0063_155127.jpg,0,2,0,0,/b/bamboo_forest/00004377.jpg
3253,057.Rose_breasted_Grosbeak/Rose_Breasted_Grosbeak_0101_39495.jpg,0,2,0,0,/f/forest/broadleaf/00002723.jpg
8729,149.Brown_Thrasher/Brown_Thrasher_0038_155246.jpg,0,2,0,0,/f/forest/broadleaf/00004479.jpg
9011,154.Red_eyed_Vireo/Red_Eyed_Vireo_0023_156800.jpg,0,2,0,0,/b/bamboo_forest/00002495.jpg
10520,179.Tennessee_Warbler/Tennessee_Warbler_0089_174764.jpg,0,2,0,0,/b/bamboo_forest/00002895.jpg
492,010.Red_winged_Blackbird/Red_Winged_Blackbird_0058_4141.jpg,0,2,0,0,/b/bamboo_forest/00003498.jpg
10343,176.Prairie_Warbler/Prairie_Warbler_0133_173279.jpg,0,2,0,0,/b/bamboo_forest/00004602.jpg
1634,029.American_Crow/American_Crow_0001_25053.jpg,0,2,0,0,/b/bamboo_forest/00001210.jpg
4583,079.Belted_Kingfisher/Belted_Kingfisher_0104_70596.jpg,0,2,0,0,/b/bamboo_forest/00001967.jpg
4927,085.Horned_Lark/Horned_Lark_0048_73894.jpg,0,2,0,0,/f/forest/broadleaf/00003887.jpg
8865,151.Black_capped_Vireo/Black_Capped_Vireo_0037_797495.jpg,0,2,0,0,/b/bamboo_forest/00003354.jpg
5525,095.Baltimore_Oriole/Baltimore_Oriole_0087_89726.jpg,0,2,0,0,/b/bamboo_forest/00002636.jpg
2250,040.Olive_sided_Flycatcher/Olive_Sided_Flycatcher_0072_796877.jpg,0,2,0,0,/f/forest/broadleaf/00003674.jpg
7719,132.White_crowned_Sparrow/White_Crowned_Sparrow_0054_126068.jpg,0,2,0,0,/f/forest/broadleaf/00004569.jpg
4721,081.Pied_Kingfisher/Pied_Kingfisher_0013_72114.jpg,0,2,0,0,/f/forest/broadleaf/00001612.jpg
10351,176.Prairie_Warbler/Prairie_Warbler_0066_173350.jpg,0,2,0,0,/b/bamboo_forest/00003569.jpg
11733,200.Common_Yellowthroat/Common_Yellowthroat_0114_190501.jpg,0,2,0,0,/f/forest/broadleaf/00002035.jpg
9426,161.Blue_winged_Warbler/Blue_Winged_Warbler_0049_161856.jpg,0,2,0,0,/b/bamboo_forest/00000295.jpg
3071,054.Blue_Grosbeak/Blue_Grosbeak_0061_36633.jpg,0,2,0,0,/b/bamboo_forest/00004219.jpg
1550,028.Brown_Creeper/Brown_Creeper_0029_24912.jpg,0,2,0,0,/b/bamboo_forest/00002471.jpg
3127,054.Blue_Grosbeak/Blue_Grosbeak_0057_37116.jpg,0,2,0,0,/b/bamboo_forest/00001203.jpg
8148,139.Scarlet_Tanager/Scarlet_Tanager_0065_138683.jpg,0,2,0,0,/f/forest/broadleaf/00001196.jpg
5591,096.Hooded_Oriole/Hooded_Oriole_0077_90886.jpg,0,2,0,0,/f/forest/broadleaf/00002105.jpg
4397,076.Dark_eyed_Junco/Dark_Eyed_Junco_0031_66785.jpg,0,2,0,0,/f/forest/broadleaf/00000671.jpg
7553,129.Song_Sparrow/Song_Sparrow_0099_121193.jpg,0,2,0,0,/b/bamboo_forest/00001836.jpg
1964,035.Purple_Finch/Purple_Finch_0020_27961.jpg,0,2,0,0,/b/bamboo_forest/00001493.jpg
7991,137.Cliff_Swallow/Cliff_Swallow_0042_133646.jpg,0,2,0,0,/b/bamboo_forest/00000869.jpg
8898,152.Blue_headed_Vireo/Blue_Headed_Vireo_0002_156241.jpg,0,2,0,0,/f/forest/broadleaf/00000526.jpg
6569,113.Baird_Sparrow/Baird_Sparrow_0012_794552.jpg,0,2,0,0,/f/forest/broadleaf/00003785.jpg
9669,165.Chestnut_sided_Warbler/Chestnut_Sided_Warbler_0090_163629.jpg,0,2,0,0,/b/bamboo_forest/00002260.jpg
4479,077.Tropical_Kingbird/Tropical_Kingbird_0084_69312.jpg,0,2,0,0,/f/forest/broadleaf/00000974.jpg
942,017.Cardinal/Cardinal_0016_17862.jpg,0,2,0,0,/b/bamboo_forest/00000336.jpg
1832,033.Yellow_billed_Cuckoo/Yellow_Billed_Cuckoo_0061_26692.jpg,0,2,0,0,/b/bamboo_forest/00000592.jpg
10833,184.Louisiana_Waterthrush/Louisiana_Waterthrush_0052_177519.jpg,0,2,0,0,/b/bamboo_forest/00000907.jpg
7783,133.White_throated_Sparrow/White_Throated_Sparrow_0026_128843.jpg,0,2,0,0,/b/bamboo_forest/00002057.jpg
6528,112.Great_Grey_Shrike/Great_Grey_Shrike_0055_106858.jpg,0,2,0,0,/f/forest/broadleaf/00000231.jpg
8686,148.Green_tailed_Towhee/Green_Tailed_Towhee_0037_797405.jpg,0,2,0,0,/b/bamboo_forest/00001519.jpg
3840,067.Anna_Hummingbird/Anna_Hummingbird_0126_55983.jpg,0,2,0,0,/b/bamboo_forest/00003060.jpg
3895,067.Anna_Hummingbird/Anna_Hummingbird_0036_56809.jpg,0,2,0,0,/b/bamboo_forest/00004586.jpg
1076,020.Yellow_breasted_Chat/Yellow_Breasted_Chat_0008_21856.jpg,0,2,0,0,/f/forest/broadleaf/00002121.jpg
7955,136.Barn_Swallow/Barn_Swallow_0086_132477.jpg,0,2,0,0,/b/bamboo_forest/00003623.jpg
11419,194.Cactus_Wren/Cactus_Wren_0045_185556.jpg,0,2,0,0,/b/bamboo_forest/00003329.jpg
2030,036.Northern_Flicker/Northern_Flicker_0045_28805.jpg,0,2,0,0,/b/bamboo_forest/00004526.jpg
1018,019.Gray_Catbird/Gray_Catbird_0060_20656.jpg,0,2,0,0,/f/forest/broadleaf/00002796.jpg
5797,099.Ovenbird/Ovenbird_0126_92602.jpg,0,2,0,0,/f/forest/broadleaf/00001049.jpg
7622,130.Tree_Sparrow/Tree_Sparrow_0073_123871.jpg,0,2,0,0,/f/forest/broadleaf/00003873.jpg
8013,137.Cliff_Swallow/Cliff_Swallow_0006_133489.jpg,0,2,0,0,/f/forest/broadleaf/00002051.jpg
7280,125.Lincoln_Sparrow/Lincoln_Sparrow_0069_117812.jpg,0,2,0,0,/f/forest/broadleaf/00000684.jpg
1882,034.Gray_crowned_Rosy_Finch/Gray_Crowned_Rosy_Finch_0019_27192.jpg,0,2,0,0,/f/forest/broadleaf/00001356.jpg
2300,041.Scissor_tailed_Flycatcher/Scissor_Tailed_Flycatcher_0013_42024.jpg,0,2,0,0,/b/bamboo_forest/00003833.jpg
2744,048.European_Goldfinch/European_Goldfinch_0077_33346.jpg,0,2,0,0,/f/forest/broadleaf/00002625.jpg
11357,193.Bewick_Wren/Bewick_Wren_0055_185230.jpg,0,2,0,0,/b/bamboo_forest/00003605.jpg
3844,067.Anna_Hummingbird/Anna_Hummingbird_0027_55873.jpg,0,2,0,0,/b/bamboo_forest/00002461.jpg
4073,070.Green_Violetear/Green_Violetear_0106_795643.jpg,0,2,0,0,/f/forest/broadleaf/00000517.jpg
637,012.Yellow_headed_Blackbird/Yellow_Headed_Blackbird_0080_8601.jpg,0,2,0,0,/b/bamboo_forest/00000876.jpg
5423,093.Clark_Nutcracker/Clark_Nutcracker_0142_85322.jpg,0,2,0,0,/b/bamboo_forest/00002765.jpg
2037,036.Northern_Flicker/Northern_Flicker_0090_28491.jpg,0,2,1,1,/o/ocean/00000346.jpg
2341,041.Scissor_tailed_Flycatcher/Scissor_Tailed_Flycatcher_0058_41948.jpg,0,2,1,1,/o/ocean/00004247.jpg
7083,121.Grasshopper_Sparrow/Grasshopper_Sparrow_0051_115923.jpg,0,2,1,1,/l/lake/natural/00002128.jpg
8140,139.Scarlet_Tanager/Scarlet_Tanager_0073_138108.jpg,0,2,1,1,/l/lake/natural/00000204.jpg
6100,105.Whip_poor_Will/Whip_Poor_Will_0028_796421.jpg,0,2,1,1,/l/lake/natural/00003103.jpg
3291,057.Rose_breasted_Grosbeak/Rose_Breasted_Grosbeak_0025_39252.jpg,0,2,1,1,/l/lake/natural/00000714.jpg
7405,127.Savannah_Sparrow/Savannah_Sparrow_0131_119946.jpg,0,2,1,1,/l/lake/natural/00003097.jpg
7874,135.Bank_Swallow/Bank_Swallow_0013_129563.jpg,0,2,1,1,/l/lake/natural/00004272.jpg
4262,074.Florida_Jay/Florida_Jay_0086_65025.jpg,0,2,1,1,/o/ocean/00004796.jpg
1999,036.Northern_Flicker/Northern_Flicker_0034_28740.jpg,0,2,1,1,/l/lake/natural/00000794.jpg
7487,128.Seaside_Sparrow/Seaside_Sparrow_0058_120744.jpg,0,2,1,1,/l/lake/natural/00004309.jpg
10241,174.Palm_Warbler/Palm_Warbler_0013_169411.jpg,0,2,1,1,/o/ocean/00001616.jpg
4911,085.Horned_Lark/Horned_Lark_0110_73826.jpg,0,2,1,1,/o/ocean/00000913.jpg
2031,036.Northern_Flicker/Northern_Flicker_0131_28962.jpg,0,2,1,1,/o/ocean/00004640.jpg
759,014.Indigo_Bunting/Indigo_Bunting_0054_12213.jpg,0,2,1,1,/o/ocean/00004565.jpg
6545,112.Great_Grey_Shrike/Great_Grey_Shrike_0062_106628.jpg,0,2,1,1,/l/lake/natural/00002541.jpg
7219,124.Le_Conte_Sparrow/Le_Conte_Sparrow_0023_795156.jpg,0,2,1,1,/o/ocean/00000781.jpg
9849,168.Kentucky_Warbler/Kentucky_Warbler_0023_165247.jpg,0,2,1,1,/o/ocean/00000737.jpg
1531,028.Brown_Creeper/Brown_Creeper_0079_24647.jpg,0,2,1,1,/l/lake/natural/00004673.jpg
6800,117.Clay_colored_Sparrow/Clay_Colored_Sparrow_0028_797241.jpg,0,2,1,1,/l/lake/natural/00000294.jpg
4274,074.Florida_Jay/Florida_Jay_0083_64599.jpg,0,2,1,1,/o/ocean/00002443.jpg
9422,161.Blue_winged_Warbler/Blue_Winged_Warbler_0030_162088.jpg,0,2,1,1,/o/ocean/00004587.jpg
8795,150.Sage_Thrasher/Sage_Thrasher_0057_155488.jpg,0,2,1,1,/o/ocean/00002031.jpg
7249,124.Le_Conte_Sparrow/Le_Conte_Sparrow_0035_795214.jpg,0,2,1,1,/l/lake/natural/00002458.jpg
6227,107.Common_Raven/Common_Raven_0092_102550.jpg,0,2,1,1,/l/lake/natural/00001355.jpg
4571,079.Belted_Kingfisher/Belted_Kingfisher_0025_70501.jpg,0,2,1,1,/o/ocean/00002101.jpg
4247,073.Blue_Jay/Blue_Jay_0076_61817.jpg,0,2,1,1,/l/lake/natural/00004239.jpg
3130,055.Evening_Grosbeak/Evening_Grosbeak_0120_37378.jpg,0,2,1,1,/o/ocean/00001406.jpg
11442,195.Carolina_Wren/Carolina_Wren_0001_186455.jpg,0,2,1,1,/o/ocean/00003844.jpg
765,014.Indigo_Bunting/Indigo_Bunting_0010_13000.jpg,0,2,1,1,/o/ocean/00001650.jpg
11011,187.American_Three_toed_Woodpecker/American_Three_Toed_Woodpecker_0035_796158.jpg,0,2,1,1,/l/lake/natural/00000188.jpg
11262,192.Downy_Woodpecker/Downy_Woodpecker_0074_183907.jpg,0,2,1,1,/o/ocean/00001957.jpg
1566,028.Brown_Creeper/Brown_Creeper_0051_24468.jpg,0,2,1,1,/l/lake/natural/00002511.jpg
1648,030.Fish_Crow/Fish_Crow_0018_25879.jpg,0,2,1,1,/o/ocean/00003944.jpg
1561,028.Brown_Creeper/Brown_Creeper_0056_24452.jpg,0,2,1,1,/o/ocean/00000510.jpg
6355,109.American_Redstart/American_Redstart_0002_103723.jpg,0,2,1,1,/o/ocean/00000562.jpg
3896,067.Anna_Hummingbird/Anna_Hummingbird_0119_56309.jpg,0,2,1,1,/l/lake/natural/00002019.jpg
9706,165.Chestnut_sided_Warbler/Chestnut_Sided_Warbler_0117_164066.jpg,0,2,1,1,/o/ocean/00000724.jpg
10900,185.Bohemian_Waxwing/Bohemian_Waxwing_0029_177915.jpg,0,2,1,1,/l/lake/natural/00003987.jpg
665,013.Bobolink/Bobolink_0039_9779.jpg,0,2,1,1,/l/lake/natural/00004503.jpg
9319,159.Black_and_white_Warbler/Black_And_White_Warbler_0106_160014.jpg,0,2,1,1,/l/lake/natural/00002005.jpg
2249,040.Olive_sided_Flycatcher/Olive_Sided_Flycatcher_0069_30544.jpg,0,2,1,1,/o/ocean/00004022.jpg
10222,174.Palm_Warbler/Palm_Warbler_0073_169781.jpg,0,2,1,1,/l/lake/natural/00003412.jpg
9267,158.Bay_breasted_Warbler/Bay_Breasted_Warbler_0068_797133.jpg,0,2,1,1,/o/ocean/00000774.jpg
6322,108.White_necked_Raven/White_Necked_Raven_0005_102653.jpg,0,2,1,1,/l/lake/natural/00003641.jpg
7909,135.Bank_Swallow/Bank_Swallow_0028_129754.jpg,0,2,1,1,/o/ocean/00002861.jpg
6837,117.Clay_colored_Sparrow/Clay_Colored_Sparrow_0097_110516.jpg,0,2,1,1,/o/ocean/00004061.jpg
8850,151.Black_capped_Vireo/Black_Capped_Vireo_0036_797475.jpg,0,2,1,1,/l/lake/natural/00003910.jpg
2803,049.Boat_tailed_Grackle/Boat_Tailed_Grackle_0065_33423.jpg,0,2,1,1,/l/lake/natural/00001081.jpg
6797,117.Clay_colored_Sparrow/Clay_Colored_Sparrow_0001_110632.jpg,0,2,1,1,/o/ocean/00003318.jpg
6921,119.Field_Sparrow/Field_Sparrow_0067_113448.jpg,0,2,1,1,/l/lake/natural/00001235.jpg
11361,193.Bewick_Wren/Bewick_Wren_0127_184756.jpg,0,2,1,1,/o/ocean/00000906.jpg
3075,054.Blue_Grosbeak/Blue_Grosbeak_0042_36742.jpg,0,2,1,1,/l/lake/natural/00003698.jpg
10537,179.Tennessee_Warbler/Tennessee_Warbler_0013_163552.jpg,0,2,1,1,/o/ocean/00001261.jpg
10052,171.Myrtle_Warbler/Myrtle_Warbler_0014_166831.jpg,0,2,1,1,/o/ocean/00001040.jpg
4054,070.Green_Violetear/Green_Violetear_0034_60792.jpg,0,2,1,1,/o/ocean/00001023.jpg
5755,099.Ovenbird/Ovenbird_0012_92778.jpg,0,2,1,1,/l/lake/natural/00002666.jpg
4512,078.Gray_Kingbird/Gray_Kingbird_0054_70264.jpg,0,2,1,1,/o/ocean/00002983.jpg
1490,027.Shiny_Cowbird/Shiny_Cowbird_0018_796830.jpg,0,2,1,1,/o/ocean/00004467.jpg
4909,085.Horned_Lark/Horned_Lark_0065_74279.jpg,0,2,1,1,/l/lake/natural/00002277.jpg
10242,174.Palm_Warbler/Palm_Warbler_0108_169426.jpg,0,2,1,1,/o/ocean/00003294.jpg
4728,081.Pied_Kingfisher/Pied_Kingfisher_0067_71641.jpg,0,2,1,1,/l/lake/natural/00004811.jpg
10174,173.Orange_crowned_Warbler/Orange_Crowned_Warbler_0009_168228.jpg,0,2,1,1,/o/ocean/00001379.jpg
8017,137.Cliff_Swallow/Cliff_Swallow_0061_133259.jpg,0,2,1,1,/l/lake/natural/00000109.jpg
2293,041.Scissor_tailed_Flycatcher/Scissor_Tailed_Flycatcher_0042_41990.jpg,0,2,1,1,/l/lake/natural/00003489.jpg
9851,168.Kentucky_Warbler/Kentucky_Warbler_0074_165269.jpg,0,2,1,1,/l/lake/natural/00000278.jpg
2655,047.American_Goldfinch/American_Goldfinch_0084_32295.jpg,0,2,1,1,/o/ocean/00001495.jpg
976,018.Spotted_Catbird/Spotted_Catbird_0002_796827.jpg,0,2,1,1,/l/lake/natural/00003823.jpg
1473,027.Shiny_Cowbird/Shiny_Cowbird_0029_24372.jpg,0,2,1,1,/o/ocean/00001707.jpg
7915,135.Bank_Swallow/Bank_Swallow_0033_129509.jpg,0,2,1,1,/o/ocean/00003962.jpg
10811,184.Louisiana_Waterthrush/Louisiana_Waterthrush_0007_795258.jpg,0,2,1,1,/o/ocean/00000308.jpg
1873,033.Yellow_billed_Cuckoo/Yellow_Billed_Cuckoo_0067_26878.jpg,0,2,1,1,/o/ocean/00003742.jpg
4492,077.Tropical_Kingbird/Tropical_Kingbird_0079_69371.jpg,0,2,1,1,/o/ocean/00004345.jpg
8011,137.Cliff_Swallow/Cliff_Swallow_0099_133948.jpg,0,2,1,1,/l/lake/natural/00001011.jpg
7092,122.Harris_Sparrow/Harris_Sparrow_0087_116490.jpg,0,2,1,1,/o/ocean/00003541.jpg
4065,070.Green_Violetear/Green_Violetear_0059_60873.jpg,0,2,1,1,/o/ocean/00000206.jpg
6298,108.White_necked_Raven/White_Necked_Raven_0024_797364.jpg,0,2,1,1,/o/ocean/00002369.jpg
5644,097.Orchard_Oriole/Orchard_Oriole_0045_91205.jpg,0,2,1,1,/l/lake/natural/00004304.jpg
632,012.Yellow_headed_Blackbird/Yellow_Headed_Blackbird_0042_8574.jpg,0,2,1,1,/o/ocean/00001810.jpg
6908,118.House_Sparrow/House_Sparrow_0098_111073.jpg,0,2,1,1,/l/lake/natural/00000142.jpg
753,014.Indigo_Bunting/Indigo_Bunting_0060_14495.jpg,0,2,1,1,/l/lake/natural/00000155.jpg
9547,163.Cape_May_Warbler/Cape_May_Warbler_0048_162915.jpg,0,2,1,1,/l/lake/natural/00003473.jpg
11567,197.Marsh_Wren/Marsh_Wren_0071_188111.jpg,0,2,1,1,/o/ocean/00000892.jpg
2411,043.Yellow_bellied_Flycatcher/Yellow_Bellied_Flycatcher_0013_42769.jpg,0,2,1,1,/l/lake/natural/00004800.jpg
1216,022.Chuck_will_Widow/Chuck_Will_Widow_0028_796988.jpg,0,2,1,1,/l/lake/natural/00000713.jpg
7104,122.Harris_Sparrow/Harris_Sparrow_0085_116534.jpg,0,2,1,1,/o/ocean/00004851.jpg
7895,135.Bank_Swallow/Bank_Swallow_0040_129674.jpg,0,2,1,1,/l/lake/natural/00001009.jpg
1784,032.Mangrove_Cuckoo/Mangrove_Cuckoo_0002_26410.jpg,0,2,1,1,/o/ocean/00002187.jpg
6244,107.Common_Raven/Common_Raven_0122_101708.jpg,0,2,1,1,/l/lake/natural/00002338.jpg
9996,170.Mourning_Warbler/Mourning_Warbler_0040_795370.jpg,0,2,1,1,/l/lake/natural/00004352.jpg
5515,095.Baltimore_Oriole/Baltimore_Oriole_0126_89651.jpg,0,2,1,1,/o/ocean/00001594.jpg
4778,082.Ringed_Kingfisher/Ringed_Kingfisher_0023_72910.jpg,0,2,1,1,/l/lake/natural/00000726.jpg
6616,114.Black_throated_Sparrow/Black_Throated_Sparrow_0021_107021.jpg,0,2,1,1,/l/lake/natural/00001238.jpg
4464,077.Tropical_Kingbird/Tropical_Kingbird_0027_69735.jpg,0,2,1,1,/l/lake/natural/00000644.jpg
6098,105.Whip_poor_Will/Whip_Poor_Will_0042_796419.jpg,0,2,1,1,/o/ocean/00000496.jpg
7747,133.White_throated_Sparrow/White_Throated_Sparrow_0078_129041.jpg,0,2,1,1,/o/ocean/00000453.jpg
11525,196.House_Wren/House_Wren_0139_187177.jpg,0,2,1,1,/o/ocean/00004555.jpg
6964,119.Field_Sparrow/Field_Sparrow_0109_113375.jpg,0,2,1,1,/o/ocean/00000505.jpg
6893,118.House_Sparrow/House_Sparrow_0005_111967.jpg,0,2,1,1,/l/lake/natural/00000977.jpg
7297,125.Lincoln_Sparrow/Lincoln_Sparrow_0017_117432.jpg,0,2,1,1,/l/lake/natural/00002562.jpg
10450,178.Swainson_Warbler/Swainson_Warbler_0009_174746.jpg,0,2,1,1,/o/ocean/00001890.jpg
7182,123.Henslow_Sparrow/Henslow_Sparrow_0028_796570.jpg,0,2,1,1,/l/lake/natural/00004314.jpg
7389,127.Savannah_Sparrow/Savannah_Sparrow_0059_119810.jpg,0,2,1,1,/l/lake/natural/00001329.jpg
8143,139.Scarlet_Tanager/Scarlet_Tanager_0008_137607.jpg,0,2,1,1,/o/ocean/00002586.jpg
9201,157.Yellow_throated_Vireo/Yellow_Throated_Vireo_0027_794989.jpg,0,2,1,1,/l/lake/natural/00002074.jpg
5759,099.Ovenbird/Ovenbird_0044_92828.jpg,0,2,1,1,/o/ocean/00002703.jpg
7781,133.White_throated_Sparrow/White_Throated_Sparrow_0132_128833.jpg,0,2,1,1,/l/lake/natural/00001866.jpg
10740,183.Northern_Waterthrush/Northern_Waterthrush_0082_177243.jpg,0,2,1,1,/o/ocean/00004450.jpg
1944,035.Purple_Finch/Purple_Finch_0119_27260.jpg,0,2,1,1,/o/ocean/00002822.jpg
7000,120.Fox_Sparrow/Fox_Sparrow_0099_115399.jpg,0,2,1,1,/o/ocean/00000417.jpg
6397,110.Geococcyx/Geococcyx_0118_104131.jpg,0,2,1,1,/l/lake/natural/00004841.jpg
11217,191.Red_headed_Woodpecker/Red_Headed_Woodpecker_0049_183229.jpg,0,2,1,1,/o/ocean/00002815.jpg
10024,171.Myrtle_Warbler/Myrtle_Warbler_0034_166720.jpg,0,2,1,1,/o/ocean/00000451.jpg
11245,191.Red_headed_Woodpecker/Red_Headed_Woodpecker_0099_183524.jpg,0,2,1,1,/o/ocean/00002503.jpg
11539,196.House_Wren/House_Wren_0086_187815.jpg,0,2,1,1,/o/ocean/00001197.jpg
4598,079.Belted_Kingfisher/Belted_Kingfisher_0093_70360.jpg,0,2,1,1,/l/lake/natural/00000137.jpg
10824,184.Louisiana_Waterthrush/Louisiana_Waterthrush_0055_795280.jpg,0,2,1,1,/l/lake/natural/00000072.jpg
6232,107.Common_Raven/Common_Raven_0093_102058.jpg,0,2,1,1,/o/ocean/00004084.jpg
11409,194.Cactus_Wren/Cactus_Wren_0042_185514.jpg,0,2,1,1,/o/ocean/00000485.jpg
9537,163.Cape_May_Warbler/Cape_May_Warbler_0115_163121.jpg,0,2,1,1,/l/lake/natural/00000074.jpg
978,018.Spotted_Catbird/Spotted_Catbird_0046_19399.jpg,0,2,1,1,/l/lake/natural/00003682.jpg
9668,165.Chestnut_sided_Warbler/Chestnut_Sided_Warbler_0036_163622.jpg,0,2,1,1,/o/ocean/00003414.jpg
3100,054.Blue_Grosbeak/Blue_Grosbeak_0085_36990.jpg,0,2,1,1,/o/ocean/00004801.jpg
7198,123.Henslow_Sparrow/Henslow_Sparrow_0034_796602.jpg,0,2,1,1,/o/ocean/00003727.jpg
1594,029.American_Crow/American_Crow_0027_25146.jpg,0,2,1,1,/o/ocean/00004418.jpg
11168,190.Red_cockaded_Woodpecker/Red_Cockaded_Woodpecker_0014_794718.jpg,0,2,1,1,/o/ocean/00000452.jpg
7454,128.Seaside_Sparrow/Seaside_Sparrow_0043_796510.jpg,0,2,1,1,/o/ocean/00002781.jpg
11172,190.Red_cockaded_Woodpecker/Red_Cockaded_Woodpecker_0046_794722.jpg,0,2,1,1,/o/ocean/00004424.jpg
7479,128.Seaside_Sparrow/Seaside_Sparrow_0056_120710.jpg,0,2,1,1,/o/ocean/00001849.jpg
11209,191.Red_headed_Woodpecker/Red_Headed_Woodpecker_0109_183385.jpg,0,2,1,1,/l/lake/natural/00003024.jpg
675,013.Bobolink/Bobolink_0097_10861.jpg,0,2,1,1,/l/lake/natural/00004421.jpg
9466,161.Blue_winged_Warbler/Blue_Winged_Warbler_0065_162030.jpg,0,2,1,1,/l/lake/natural/00003995.jpg
5449,094.White_breasted_Nuthatch/White_Breasted_Nuthatch_0060_86031.jpg,0,2,1,1,/o/ocean/00001279.jpg
10380,177.Prothonotary_Warbler/Prothonotary_Warbler_0033_174123.jpg,0,2,1,1,/o/ocean/00004180.jpg
5520,095.Baltimore_Oriole/Baltimore_Oriole_0076_89705.jpg,0,2,1,1,/o/ocean/00002333.jpg
10866,185.Bohemian_Waxwing/Bohemian_Waxwing_0102_796692.jpg,0,2,1,1,/o/ocean/00000021.jpg
869,016.Painted_Bunting/Painted_Bunting_0019_15231.jpg,0,2,1,1,/l/lake/natural/00001613.jpg
186,004.Groove_billed_Ani/Groove_Billed_Ani_0017_1561.jpg,0,2,1,1,/l/lake/natural/00001623.jpg
4304,074.Florida_Jay/Florida_Jay_0009_64723.jpg,0,2,1,1,/l/lake/natural/00004518.jpg
10858,185.Bohemian_Waxwing/Bohemian_Waxwing_0115_177724.jpg,0,2,1,1,/o/ocean/00002975.jpg
9270,158.Bay_breasted_Warbler/Bay_Breasted_Warbler_0031_797137.jpg,0,2,1,1,/o/ocean/00000420.jpg
2010,036.Northern_Flicker/Northern_Flicker_0068_28330.jpg,0,2,1,1,/l/lake/natural/00003787.jpg
5387,093.Clark_Nutcracker/Clark_Nutcracker_0089_85004.jpg,0,2,1,1,/o/ocean/00003231.jpg
10872,185.Bohemian_Waxwing/Bohemian_Waxwing_0082_796655.jpg,0,2,1,1,/l/lake/natural/00004506.jpg
4670,080.Green_Kingfisher/Green_Kingfisher_0036_71156.jpg,0,2,1,1,/o/ocean/00003372.jpg
1090,020.Yellow_breasted_Chat/Yellow_Breasted_Chat_0023_21664.jpg,0,2,1,1,/l/lake/natural/00001790.jpg
11777,200.Common_Yellowthroat/Common_Yellowthroat_0071_190665.jpg,0,2,1,1,/o/ocean/00002523.jpg
4666,080.Green_Kingfisher/Green_Kingfisher_0035_71133.jpg,0,2,1,1,/o/ocean/00003354.jpg
6760,116.Chipping_Sparrow/Chipping_Sparrow_0090_14718.jpg,0,2,1,1,/o/ocean/00002194.jpg
5791,099.Ovenbird/Ovenbird_0094_92577.jpg,0,2,1,1,/o/ocean/00004983.jpg
7233,124.Le_Conte_Sparrow/Le_Conte_Sparrow_0097_795183.jpg,0,2,1,1,/o/ocean/00001678.jpg
9577,163.Cape_May_Warbler/Cape_May_Warbler_0119_162976.jpg,0,2,1,1,/l/lake/natural/00002078.jpg
1180,022.Chuck_will_Widow/Chuck_Will_Widow_0021_796952.jpg,0,2,1,1,/l/lake/natural/00003697.jpg
7710,132.White_crowned_Sparrow/White_Crowned_Sparrow_0009_127658.jpg,0,2,1,1,/l/lake/natural/00000449.jpg
4533,078.Gray_Kingbird/Gray_Kingbird_0031_70308.jpg,0,2,1,1,/o/ocean/00003258.jpg
2399,042.Vermilion_Flycatcher/Vermilion_Flycatcher_0028_42197.jpg,0,2,1,1,/o/ocean/00000252.jpg
11133,190.Red_cockaded_Woodpecker/Red_Cockaded_Woodpecker_0008_794753.jpg,0,2,1,1,/l/lake/natural/00004923.jpg
4735,082.Ringed_Kingfisher/Ringed_Kingfisher_0012_72974.jpg,0,2,1,1,/o/ocean/00000287.jpg
5321,091.Mockingbird/Mockingbird_0051_79599.jpg,0,2,1,1,/o/ocean/00002490.jpg
4413,076.Dark_eyed_Junco/Dark_Eyed_Junco_0024_68961.jpg,0,2,1,1,/o/ocean/00003575.jpg
11503,196.House_Wren/House_Wren_0114_188016.jpg,0,2,1,1,/o/ocean/00003861.jpg
5455,094.White_breasted_Nuthatch/White_Breasted_Nuthatch_0018_85937.jpg,0,2,1,1,/l/lake/natural/00003196.jpg
2014,036.Northern_Flicker/Northern_Flicker_0055_28344.jpg,0,2,1,1,/l/lake/natural/00004933.jpg
2452,043.Yellow_bellied_Flycatcher/Yellow_Bellied_Flycatcher_0005_42627.jpg,0,2,1,1,/l/lake/natural/00003384.jpg
1479,027.Shiny_Cowbird/Shiny_Cowbird_0012_24249.jpg,0,2,1,1,/o/ocean/00001220.jpg
9233,158.Bay_breasted_Warbler/Bay_Breasted_Warbler_0080_159749.jpg,0,2,1,1,/o/ocean/00002110.jpg
7953,136.Barn_Swallow/Barn_Swallow_0044_132542.jpg,0,2,1,1,/o/ocean/00002368.jpg
6293,108.White_necked_Raven/White_Necked_Raven_0057_797358.jpg,0,2,1,1,/o/ocean/00004366.jpg
10565,180.Wilson_Warbler/Wilson_Warbler_0067_175261.jpg,0,2,1,1,/l/lake/natural/00003812.jpg
697,013.Bobolink/Bobolink_0049_9540.jpg,0,2,1,1,/l/lake/natural/00000307.jpg
7064,121.Grasshopper_Sparrow/Grasshopper_Sparrow_0021_116107.jpg,0,2,1,1,/l/lake/natural/00000960.jpg
10358,176.Prairie_Warbler/Prairie_Warbler_0127_172913.jpg,0,2,1,1,/l/lake/natural/00003638.jpg
11344,193.Bewick_Wren/Bewick_Wren_0017_185127.jpg,0,2,1,1,/o/ocean/00004615.jpg
7769,133.White_throated_Sparrow/White_Throated_Sparrow_0072_129203.jpg,0,2,1,1,/o/ocean/00004493.jpg
5272,091.Mockingbird/Mockingbird_0006_79819.jpg,0,2,1,1,/l/lake/natural/00000872.jpg
11595,197.Marsh_Wren/Marsh_Wren_0028_188797.jpg,0,2,1,1,/l/lake/natural/00003078.jpg
9879,168.Kentucky_Warbler/Kentucky_Warbler_0030_795885.jpg,0,2,1,1,/l/lake/natural/00003308.jpg
9821,167.Hooded_Warbler/Hooded_Warbler_0090_164794.jpg,0,2,1,1,/o/ocean/00001958.jpg
6468,111.Loggerhead_Shrike/Loggerhead_Shrike_0118_105157.jpg,0,2,1,1,/l/lake/natural/00004638.jpg
11063,188.Pileated_Woodpecker/Pileated_Woodpecker_0106_180446.jpg,0,2,1,1,/o/ocean/00001569.jpg
9325,159.Black_and_white_Warbler/Black_And_White_Warbler_0024_160057.jpg,0,2,1,1,/o/ocean/00003327.jpg
6297,108.White_necked_Raven/White_Necked_Raven_0043_797363.jpg,0,2,1,1,/l/lake/natural/00003392.jpg
3282,057.Rose_breasted_Grosbeak/Rose_Breasted_Grosbeak_0128_39204.jpg,0,2,1,1,/l/lake/natural/00000028.jpg
11343,193.Bewick_Wren/Bewick_Wren_0113_185113.jpg,0,2,1,1,/l/lake/natural/00002842.jpg
6812,117.Clay_colored_Sparrow/Clay_Colored_Sparrow_0085_797260.jpg,0,2,1,1,/o/ocean/00001128.jpg
11163,190.Red_cockaded_Woodpecker/Red_Cockaded_Woodpecker_0025_794710.jpg,0,2,1,1,/o/ocean/00004181.jpg
9900,169.Magnolia_Warbler/Magnolia_Warbler_0120_165462.jpg,0,2,1,1,/o/ocean/00002311.jpg
1661,030.Fish_Crow/Fish_Crow_0040_25158.jpg,0,2,1,1,/l/lake/natural/00003769.jpg
7889,135.Bank_Swallow/Bank_Swallow_0059_129896.jpg,0,2,1,1,/o/ocean/00003456.jpg
7094,122.Harris_Sparrow/Harris_Sparrow_0014_116494.jpg,0,2,1,1,/o/ocean/00002728.jpg
7705,132.White_crowned_Sparrow/White_Crowned_Sparrow_0043_127096.jpg,0,2,1,1,/l/lake/natural/00003286.jpg
750,014.Indigo_Bunting/Indigo_Bunting_0013_12949.jpg,0,2,1,1,/l/lake/natural/00003458.jpg
10751,183.Northern_Waterthrush/Northern_Waterthrush_0027_177286.jpg,0,2,1,1,/o/ocean/00002064.jpg
6765,116.Chipping_Sparrow/Chipping_Sparrow_0004_108430.jpg,0,2,1,1,/o/ocean/00004343.jpg
6056,104.American_Pipit/American_Pipit_0059_99628.jpg,0,2,1,1,/l/lake/natural/00000552.jpg
905,017.Cardinal/Cardinal_0006_17684.jpg,0,2,1,1,/o/ocean/00001164.jpg
3081,054.Blue_Grosbeak/Blue_Grosbeak_0049_37180.jpg,0,2,1,1,/o/ocean/00003654.jpg
10929,186.Cedar_Waxwing/Cedar_Waxwing_0053_178892.jpg,0,2,1,1,/o/ocean/00003662.jpg
5487,094.White_breasted_Nuthatch/White_Breasted_Nuthatch_0090_86856.jpg,0,2,1,1,/l/lake/natural/00004002.jpg
5445,093.Clark_Nutcracker/Clark_Nutcracker_0113_85587.jpg,0,2,1,1,/o/ocean/00000803.jpg
9838,168.Kentucky_Warbler/Kentucky_Warbler_0067_165404.jpg,0,2,1,1,/l/lake/natural/00000205.jpg
7611,130.Tree_Sparrow/Tree_Sparrow_0036_122772.jpg,0,2,1,1,/l/lake/natural/00004297.jpg
1577,028.Brown_Creeper/Brown_Creeper_0073_24546.jpg,0,2,1,1,/l/lake/natural/00004210.jpg
3875,067.Anna_Hummingbird/Anna_Hummingbird_0053_56112.jpg,0,2,1,1,/l/lake/natural/00001243.jpg
10930,186.Cedar_Waxwing/Cedar_Waxwing_0051_178385.jpg,0,2,1,1,/l/lake/natural/00004798.jpg
3986,069.Rufous_Hummingbird/Rufous_Hummingbird_0017_59520.jpg,0,2,1,1,/l/lake/natural/00001461.jpg
6785,116.Chipping_Sparrow/Chipping_Sparrow_0111_108515.jpg,0,2,1,1,/l/lake/natural/00003621.jpg
9038,154.Red_eyed_Vireo/Red_Eyed_Vireo_0014_157062.jpg,0,2,1,1,/l/lake/natural/00004406.jpg
10489,179.Tennessee_Warbler/Tennessee_Warbler_0039_174883.jpg,0,2,1,1,/l/lake/natural/00000976.jpg
10187,173.Orange_crowned_Warbler/Orange_Crowned_Warbler_0126_168445.jpg,0,2,1,1,/o/ocean/00003912.jpg
4359,075.Green_Jay/Green_Jay_0098_65857.jpg,0,2,1,1,/l/lake/natural/00004192.jpg
7606,130.Tree_Sparrow/Tree_Sparrow_0088_125305.jpg,0,2,1,1,/o/ocean/00002115.jpg
5336,092.Nighthawk/Nighthawk_0066_82238.jpg,0,2,1,1,/o/ocean/00002561.jpg
7386,126.Nelson_Sharp_tailed_Sparrow/Nelson_Sharp_Tailed_Sparrow_0041_796926.jpg,0,2,1,1,/l/lake/natural/00001356.jpg
1940,035.Purple_Finch/Purple_Finch_0031_28175.jpg,0,2,1,1,/l/lake/natural/00003043.jpg
2268,040.Olive_sided_Flycatcher/Olive_Sided_Flycatcher_0050_796878.jpg,0,2,1,1,/o/ocean/00000356.jpg
7727,132.White_crowned_Sparrow/White_Crowned_Sparrow_0040_127313.jpg,0,2,1,1,/l/lake/natural/00002115.jpg
10736,183.Northern_Waterthrush/Northern_Waterthrush_0081_176972.jpg,0,2,1,1,/o/ocean/00001192.jpg
10762,183.Northern_Waterthrush/Northern_Waterthrush_0110_177074.jpg,0,2,1,1,/o/ocean/00000948.jpg
9054,155.Warbling_Vireo/Warbling_Vireo_0105_158727.jpg,0,2,1,1,/o/ocean/00004749.jpg
886,016.Painted_Bunting/Painted_Bunting_0013_15294.jpg,0,2,1,1,/l/lake/natural/00000781.jpg
9790,167.Hooded_Warbler/Hooded_Warbler_0133_165016.jpg,0,2,1,1,/l/lake/natural/00001233.jpg
5491,094.White_breasted_Nuthatch/White_Breasted_Nuthatch_0120_85890.jpg,0,2,1,1,/l/lake/natural/00004138.jpg
6745,116.Chipping_Sparrow/Chipping_Sparrow_0061_109113.jpg,0,2,1,1,/l/lake/natural/00003724.jpg
6576,113.Baird_Sparrow/Baird_Sparrow_0023_794559.jpg,0,2,1,1,/l/lake/natural/00000806.jpg
1655,030.Fish_Crow/Fish_Crow_0031_25909.jpg,0,2,1,1,/l/lake/natural/00004190.jpg
11537,196.House_Wren/House_Wren_0090_187762.jpg,0,2,1,1,/l/lake/natural/00002311.jpg
5682,097.Orchard_Oriole/Orchard_Oriole_0070_91383.jpg,0,2,1,1,/o/ocean/00000390.jpg
10616,181.Worm_eating_Warbler/Worm_Eating_Warbler_0087_175978.jpg,0,2,1,1,/o/ocean/00004922.jpg
10359,176.Prairie_Warbler/Prairie_Warbler_0126_172931.jpg,0,2,1,1,/l/lake/natural/00000540.jpg
6090,104.American_Pipit/American_Pipit_0080_100055.jpg,0,2,1,1,/o/ocean/00003599.jpg
821,015.Lazuli_Bunting/Lazuli_Bunting_0059_14749.jpg,0,2,1,1,/o/ocean/00001860.jpg
9600,164.Cerulean_Warbler/Cerulean_Warbler_0004_797199.jpg,0,2,1,1,/l/lake/natural/00000289.jpg
2362,042.Vermilion_Flycatcher/Vermilion_Flycatcher_0068_42535.jpg,0,2,1,1,/l/lake/natural/00003465.jpg
7858,134.Cape_Glossy_Starling/Cape_Glossy_Starling_0053_129219.jpg,0,2,1,1,/l/lake/natural/00004597.jpg
6206,107.Common_Raven/Common_Raven_0070_101896.jpg,0,2,1,1,/o/ocean/00001350.jpg
10869,185.Bohemian_Waxwing/Bohemian_Waxwing_0004_796652.jpg,0,2,1,1,/l/lake/natural/00000249.jpg
1861,033.Yellow_billed_Cuckoo/Yellow_Billed_Cuckoo_0088_26812.jpg,0,2,1,1,/o/ocean/00000869.jpg
10274,175.Pine_Warbler/Pine_Warbler_0104_171668.jpg,0,2,1,1,/o/ocean/00001225.jpg
3987,069.Rufous_Hummingbird/Rufous_Hummingbird_0065_58497.jpg,0,2,1,1,/l/lake/natural/00000548.jpg
9026,154.Red_eyed_Vireo/Red_Eyed_Vireo_0059_156974.jpg,0,2,1,1,/o/ocean/00000571.jpg
7580,130.Tree_Sparrow/Tree_Sparrow_0011_122964.jpg,0,2,1,1,/o/ocean/00002229.jpg
4499,078.Gray_Kingbird/Gray_Kingbird_0053_70166.jpg,0,2,1,1,/l/lake/natural/00001996.jpg
6816,117.Clay_colored_Sparrow/Clay_Colored_Sparrow_0093_110677.jpg,0,2,1,1,/l/lake/natural/00001339.jpg
9914,169.Magnolia_Warbler/Magnolia_Warbler_0095_166098.jpg,0,2,1,1,/l/lake/natural/00000861.jpg
10937,186.Cedar_Waxwing/Cedar_Waxwing_0070_179007.jpg,0,2,1,1,/o/ocean/00004034.jpg
4056,070.Green_Violetear/Green_Violetear_0022_60799.jpg,0,2,1,1,/l/lake/natural/00000771.jpg
2212,039.Least_Flycatcher/Least_Flycatcher_0058_30143.jpg,0,2,1,1,/o/ocean/00000714.jpg
6870,118.House_Sparrow/House_Sparrow_0084_111300.jpg,0,2,1,1,/o/ocean/00002495.jpg
5734,098.Scott_Oriole/Scott_Oriole_0035_795851.jpg,0,2,1,1,/l/lake/natural/00004110.jpg
1497,027.Shiny_Cowbird/Shiny_Cowbird_0004_796841.jpg,0,2,1,1,/o/ocean/00004186.jpg
9448,161.Blue_winged_Warbler/Blue_Winged_Warbler_0061_161984.jpg,0,2,1,1,/l/lake/natural/00001902.jpg
10070,172.Nashville_Warbler/Nashville_Warbler_0105_167452.jpg,0,2,1,1,/o/ocean/00003352.jpg
9383,160.Black_throated_Blue_Warbler/Black_Throated_Blue_Warbler_0096_161654.jpg,0,2,1,1,/o/ocean/00000467.jpg
11180,190.Red_cockaded_Woodpecker/Red_Cockaded_Woodpecker_0045_794727.jpg,0,2,1,1,/l/lake/natural/00003524.jpg
7538,129.Song_Sparrow/Song_Sparrow_0130_121583.jpg,0,2,1,1,/o/ocean/00001218.jpg
5434,093.Clark_Nutcracker/Clark_Nutcracker_0078_85416.jpg,0,2,1,1,/o/ocean/00002055.jpg
909,017.Cardinal/Cardinal_0041_17189.jpg,0,2,1,1,/o/ocean/00002769.jpg
472,009.Brewer_Blackbird/Brewer_Blackbird_0038_2294.jpg,0,2,1,1,/l/lake/natural/00004858.jpg
9615,164.Cerulean_Warbler/Cerulean_Warbler_0042_797223.jpg,0,2,1,1,/o/ocean/00003393.jpg
2363,042.Vermilion_Flycatcher/Vermilion_Flycatcher_0035_42282.jpg,0,2,1,1,/o/ocean/00000516.jpg
649,012.Yellow_headed_Blackbird/Yellow_Headed_Blackbird_0059_8079.jpg,0,2,1,1,/o/ocean/00004525.jpg
9176,157.Yellow_throated_Vireo/Yellow_Throated_Vireo_0013_159531.jpg,0,2,1,1,/l/lake/natural/00003571.jpg
9238,158.Bay_breasted_Warbler/Bay_Breasted_Warbler_0013_159787.jpg,0,2,1,1,/l/lake/natural/00003217.jpg
10369,177.Prothonotary_Warbler/Prothonotary_Warbler_0102_174595.jpg,0,2,1,1,/o/ocean/00001910.jpg
4486,077.Tropical_Kingbird/Tropical_Kingbird_0088_69856.jpg,0,2,1,1,/l/lake/natural/00004452.jpg
752,014.Indigo_Bunting/Indigo_Bunting_0021_13979.jpg,0,2,1,1,/o/ocean/00003969.jpg
10276,175.Pine_Warbler/Pine_Warbler_0097_171671.jpg,0,2,1,1,/l/lake/natural/00003860.jpg
6577,113.Baird_Sparrow/Baird_Sparrow_0042_794560.jpg,0,2,1,1,/l/lake/natural/00003237.jpg
4633,080.Green_Kingfisher/Green_Kingfisher_0057_71096.jpg,0,2,1,1,/o/ocean/00004680.jpg
8222,140.Summer_Tanager/Summer_Tanager_0091_139602.jpg,0,2,1,1,/l/lake/natural/00004033.jpg
7060,121.Grasshopper_Sparrow/Grasshopper_Sparrow_0015_116352.jpg,0,2,1,1,/o/ocean/00004611.jpg
10432,178.Swainson_Warbler/Swainson_Warbler_0010_174724.jpg,0,2,1,1,/l/lake/natural/00004887.jpg
10945,186.Cedar_Waxwing/Cedar_Waxwing_0107_179098.jpg,0,2,1,1,/o/ocean/00001176.jpg
11477,195.Carolina_Wren/Carolina_Wren_0060_186296.jpg,0,2,1,1,/o/ocean/00002868.jpg
9475,162.Canada_Warbler/Canada_Warbler_0067_162314.jpg,0,2,1,1,/o/ocean/00003404.jpg
7753,133.White_throated_Sparrow/White_Throated_Sparrow_0109_129066.jpg,0,2,1,1,/o/ocean/00001228.jpg
9008,154.Red_eyed_Vireo/Red_Eyed_Vireo_0129_156781.jpg,0,2,1,1,/l/lake/natural/00004999.jpg
7340,126.Nelson_Sharp_tailed_Sparrow/Nelson_Sharp_Tailed_Sparrow_0032_118036.jpg,0,2,1,1,/l/lake/natural/00004082.jpg
10600,180.Wilson_Warbler/Wilson_Warbler_0109_175578.jpg,0,2,1,1,/l/lake/natural/00001983.jpg
1070,020.Yellow_breasted_Chat/Yellow_Breasted_Chat_0072_21830.jpg,0,2,1,1,/o/ocean/00002107.jpg
4800,083.White_breasted_Kingfisher/White_Breasted_Kingfisher_0071_73236.jpg,0,2,1,1,/o/ocean/00002012.jpg
4751,082.Ringed_Kingfisher/Ringed_Kingfisher_0009_72786.jpg,0,2,1,1,/o/ocean/00002571.jpg
9494,162.Canada_Warbler/Canada_Warbler_0013_162375.jpg,0,2,1,1,/l/lake/natural/00002053.jpg
4593,079.Belted_Kingfisher/Belted_Kingfisher_0058_70848.jpg,0,2,1,1,/o/ocean/00002675.jpg
9802,167.Hooded_Warbler/Hooded_Warbler_0007_164633.jpg,0,2,1,1,/l/lake/natural/00003597.jpg
10650,181.Worm_eating_Warbler/Worm_Eating_Warbler_0051_176068.jpg,0,2,1,1,/l/lake/natural/00003919.jpg
8892,152.Blue_headed_Vireo/Blue_Headed_Vireo_0028_156217.jpg,0,2,1,1,/o/ocean/00002993.jpg
8876,152.Blue_headed_Vireo/Blue_Headed_Vireo_0012_156434.jpg,0,2,1,1,/o/ocean/00000632.jpg
9957,170.Mourning_Warbler/Mourning_Warbler_0056_166476.jpg,0,2,1,1,/l/lake/natural/00002331.jpg
9662,165.Chestnut_sided_Warbler/Chestnut_Sided_Warbler_0127_163860.jpg,0,2,1,1,/l/lake/natural/00001838.jpg
4314,074.Florida_Jay/Florida_Jay_0073_64896.jpg,0,2,1,1,/o/ocean/00001097.jpg
8040,137.Cliff_Swallow/Cliff_Swallow_0035_133097.jpg,0,2,1,1,/l/lake/natural/00000929.jpg
7037,121.Grasshopper_Sparrow/Grasshopper_Sparrow_0109_115750.jpg,0,2,1,1,/o/ocean/00000700.jpg
7130,122.Harris_Sparrow/Harris_Sparrow_0033_116380.jpg,0,2,1,1,/l/lake/natural/00003862.jpg
11321,193.Bewick_Wren/Bewick_Wren_0092_184901.jpg,0,2,1,1,/l/lake/natural/00001141.jpg
8027,137.Cliff_Swallow/Cliff_Swallow_0017_133806.jpg,0,2,1,1,/l/lake/natural/00002431.jpg
198,004.Groove_billed_Ani/Groove_Billed_Ani_0075_1617.jpg,0,2,1,1,/l/lake/natural/00003281.jpg
8844,151.Black_capped_Vireo/Black_Capped_Vireo_0049_797468.jpg,0,2,1,1,/l/lake/natural/00004053.jpg
9773,167.Hooded_Warbler/Hooded_Warbler_0028_164883.jpg,0,2,1,1,/o/ocean/00004375.jpg
517,010.Red_winged_Blackbird/Red_Winged_Blackbird_0027_4123.jpg,0,2,1,1,/l/lake/natural/00001508.jpg
10563,180.Wilson_Warbler/Wilson_Warbler_0080_175770.jpg,0,2,1,1,/l/lake/natural/00003552.jpg
1995,036.Northern_Flicker/Northern_Flicker_0041_28697.jpg,0,2,1,1,/l/lake/natural/00001084.jpg
8749,149.Brown_Thrasher/Brown_Thrasher_0014_155421.jpg,0,2,1,1,/o/ocean/00001880.jpg
7034,121.Grasshopper_Sparrow/Grasshopper_Sparrow_0053_115991.jpg,0,2,1,1,/o/ocean/00004912.jpg
6723,115.Brewer_Sparrow/Brewer_Sparrow_0043_107479.jpg,0,2,1,1,/l/lake/natural/00003645.jpg
5483,094.White_breasted_Nuthatch/White_Breasted_Nuthatch_0050_85815.jpg,0,2,1,1,/l/lake/natural/00002882.jpg
4618,080.Green_Kingfisher/Green_Kingfisher_0060_66074.jpg,0,2,1,1,/o/ocean/00002291.jpg
2450,043.Yellow_bellied_Flycatcher/Yellow_Bellied_Flycatcher_0066_795514.jpg,0,2,1,1,/o/ocean/00002140.jpg
4939,085.Horned_Lark/Horned_Lark_0014_74963.jpg,0,2,1,1,/l/lake/natural/00002088.jpg
3131,055.Evening_Grosbeak/Evening_Grosbeak_0017_37379.jpg,0,2,1,1,/l/lake/natural/00003560.jpg
8735,149.Brown_Thrasher/Brown_Thrasher_0132_155337.jpg,0,2,1,1,/o/ocean/00001998.jpg
5337,092.Nighthawk/Nighthawk_0024_83519.jpg,0,2,1,1,/l/lake/natural/00004187.jpg
1782,032.Mangrove_Cuckoo/Mangrove_Cuckoo_0011_26406.jpg,0,2,1,1,/l/lake/natural/00004438.jpg
5306,091.Mockingbird/Mockingbird_0022_80552.jpg,0,2,1,1,/o/ocean/00004809.jpg
5446,094.White_breasted_Nuthatch/White_Breasted_Nuthatch_0092_86016.jpg,0,2,1,1,/o/ocean/00001584.jpg
11780,200.Common_Yellowthroat/Common_Yellowthroat_0040_190427.jpg,0,2,1,1,/o/ocean/00003853.jpg
11114,189.Red_bellied_Woodpecker/Red_Bellied_Woodpecker_0054_182031.jpg,0,2,1,1,/l/lake/natural/00001535.jpg
2670,047.American_Goldfinch/American_Goldfinch_0082_31890.jpg,0,2,1,1,/o/ocean/00004836.jpg
6913,119.Field_Sparrow/Field_Sparrow_0118_113416.jpg,0,2,1,1,/l/lake/natural/00003525.jpg
10438,178.Swainson_Warbler/Swainson_Warbler_0015_794891.jpg,0,2,1,1,/l/lake/natural/00003700.jpg
1521,027.Shiny_Cowbird/Shiny_Cowbird_0032_24284.jpg,0,2,1,1,/l/lake/natural/00001938.jpg
1190,022.Chuck_will_Widow/Chuck_Will_Widow_0015_796962.jpg,0,2,1,1,/o/ocean/00001302.jpg
7642,131.Vesper_Sparrow/Vesper_Sparrow_0089_125705.jpg,0,2,1,1,/o/ocean/00004254.jpg
4318,075.Green_Jay/Green_Jay_0064_65552.jpg,0,2,1,1,/o/ocean/00001324.jpg
3171,055.Evening_Grosbeak/Evening_Grosbeak_0015_37238.jpg,0,2,1,1,/l/lake/natural/00000742.jpg
5993,103.Sayornis/Sayornis_0069_98914.jpg,0,2,1,1,/o/ocean/00002587.jpg
6072,104.American_Pipit/American_Pipit_0001_100225.jpg,0,2,1,1,/l/lake/natural/00002827.jpg
1217,022.Chuck_will_Widow/Chuck_Will_Widow_0038_796989.jpg,0,2,1,1,/o/ocean/00004511.jpg
5497,094.White_breasted_Nuthatch/White_Breasted_Nuthatch_0082_86435.jpg,0,2,1,1,/l/lake/natural/00004396.jpg
6806,117.Clay_colored_Sparrow/Clay_Colored_Sparrow_0094_797250.jpg,0,2,1,1,/l/lake/natural/00000551.jpg
10389,177.Prothonotary_Warbler/Prothonotary_Warbler_0071_173690.jpg,0,2,1,1,/o/ocean/00002447.jpg
10251,175.Pine_Warbler/Pine_Warbler_0005_171548.jpg,0,2,1,1,/o/ocean/00000461.jpg
6406,110.Geococcyx/Geococcyx_0045_104166.jpg,0,2,1,1,/l/lake/natural/00004790.jpg
610,012.Yellow_headed_Blackbird/Yellow_Headed_Blackbird_0065_8481.jpg,0,2,1,1,/o/ocean/00000922.jpg
4566,079.Belted_Kingfisher/Belted_Kingfisher_0019_70744.jpg,0,2,1,1,/l/lake/natural/00002782.jpg
6589,113.Baird_Sparrow/Baird_Sparrow_0015_794573.jpg,0,2,1,1,/l/lake/natural/00004181.jpg
7292,125.Lincoln_Sparrow/Lincoln_Sparrow_0035_117383.jpg,0,2,1,1,/l/lake/natural/00001366.jpg
7860,134.Cape_Glossy_Starling/Cape_Glossy_Starling_0060_129222.jpg,0,2,1,1,/l/lake/natural/00003087.jpg
10069,172.Nashville_Warbler/Nashville_Warbler_0015_167429.jpg,0,2,1,1,/o/ocean/00000395.jpg
10547,180.Wilson_Warbler/Wilson_Warbler_0127_175637.jpg,0,2,1,1,/l/lake/natural/00001955.jpg
1525,028.Brown_Creeper/Brown_Creeper_0123_24589.jpg,0,2,1,1,/l/lake/natural/00001897.jpg
7492,128.Seaside_Sparrow/Seaside_Sparrow_0032_120767.jpg,0,2,1,1,/l/lake/natural/00000790.jpg
7681,131.Vesper_Sparrow/Vesper_Sparrow_0030_125663.jpg,0,2,1,1,/l/lake/natural/00000672.jpg
10021,171.Myrtle_Warbler/Myrtle_Warbler_0039_166709.jpg,0,2,1,1,/o/ocean/00002814.jpg
10714,182.Yellow_Warbler/Yellow_Warbler_0035_176360.jpg,0,2,1,1,/l/lake/natural/00002896.jpg
11208,191.Red_headed_Woodpecker/Red_Headed_Woodpecker_0006_183383.jpg,0,2,1,1,/l/lake/natural/00001457.jpg
7335,126.Nelson_Sharp_tailed_Sparrow/Nelson_Sharp_Tailed_Sparrow_0027_118028.jpg,0,2,1,1,/l/lake/natural/00002210.jpg
9348,159.Black_and_white_Warbler/Black_And_White_Warbler_0049_160749.jpg,0,2,1,1,/o/ocean/00000833.jpg
7365,126.Nelson_Sharp_tailed_Sparrow/Nelson_Sharp_Tailed_Sparrow_0037_117986.jpg,0,2,1,1,/o/ocean/00004439.jpg
9892,169.Magnolia_Warbler/Magnolia_Warbler_0021_165919.jpg,0,2,1,1,/l/lake/natural/00004552.jpg
7162,123.Henslow_Sparrow/Henslow_Sparrow_0080_11360.jpg,0,2,1,1,/o/ocean/00002164.jpg
2020,036.Northern_Flicker/Northern_Flicker_0100_28898.jpg,0,2,1,1,/l/lake/natural/00003358.jpg
7574,130.Tree_Sparrow/Tree_Sparrow_0053_122933.jpg,0,2,1,1,/l/lake/natural/00004965.jpg
8971,153.Philadelphia_Vireo/Philadelphia_Vireo_0084_794790.jpg,0,2,1,1,/o/ocean/00001720.jpg
945,017.Cardinal/Cardinal_0010_18894.jpg,0,2,1,1,/l/lake/natural/00003983.jpg
7246,124.Le_Conte_Sparrow/Le_Conte_Sparrow_0066_795206.jpg,0,2,1,1,/l/lake/natural/00000146.jpg
3072,054.Blue_Grosbeak/Blue_Grosbeak_0078_36655.jpg,0,2,1,1,/l/lake/natural/00000429.jpg
7782,133.White_throated_Sparrow/White_Throated_Sparrow_0110_128838.jpg,0,2,1,1,/o/ocean/00003851.jpg
7919,135.Bank_Swallow/Bank_Swallow_0047_129520.jpg,0,2,1,1,/l/lake/natural/00003748.jpg
7978,136.Barn_Swallow/Barn_Swallow_0013_131812.jpg,0,2,1,1,/l/lake/natural/00000417.jpg
11097,189.Red_bellied_Woodpecker/Red_Bellied_Woodpecker_0039_180814.jpg,0,2,1,1,/o/ocean/00004799.jpg
724,014.Indigo_Bunting/Indigo_Bunting_0040_11805.jpg,0,2,1,1,/o/ocean/00001052.jpg
9732,166.Golden_winged_Warbler/Golden_Winged_Warbler_0034_794800.jpg,0,2,1,1,/o/ocean/00003194.jpg
11674,199.Winter_Wren/Winter_Wren_0049_189504.jpg,0,2,1,1,/l/lake/natural/00004814.jpg
9243,158.Bay_breasted_Warbler/Bay_Breasted_Warbler_0034_159861.jpg,0,2,1,1,/l/lake/natural/00001546.jpg
3233,056.Pine_Grosbeak/Pine_Grosbeak_0091_38811.jpg,0,2,1,1,/o/ocean/00000298.jpg
5324,091.Mockingbird/Mockingbird_0016_79605.jpg,0,2,1,1,/l/lake/natural/00002205.jpg
7849,134.Cape_Glossy_Starling/Cape_Glossy_Starling_0068_129446.jpg,0,2,1,1,/l/lake/natural/00003782.jpg
6519,112.Great_Grey_Shrike/Great_Grey_Shrike_0039_797015.jpg,0,2,1,1,/l/lake/natural/00000911.jpg
9139,156.White_eyed_Vireo/White_Eyed_Vireo_0135_158955.jpg,0,2,1,1,/o/ocean/00004873.jpg
9066,155.Warbling_Vireo/Warbling_Vireo_0019_158313.jpg,0,2,1,1,/l/lake/natural/00003481.jpg
2260,040.Olive_sided_Flycatcher/Olive_Sided_Flycatcher_0043_30632.jpg,0,2,1,1,/l/lake/natural/00001348.jpg
786,015.Lazuli_Bunting/Lazuli_Bunting_0052_14618.jpg,0,2,1,1,/l/lake/natural/00002483.jpg
11395,194.Cactus_Wren/Cactus_Wren_0120_185956.jpg,0,2,1,1,/l/lake/natural/00001310.jpg
7085,121.Grasshopper_Sparrow/Grasshopper_Sparrow_0011_115937.jpg,0,2,1,1,/o/ocean/00002526.jpg
7591,130.Tree_Sparrow/Tree_Sparrow_0095_124090.jpg,0,2,1,1,/o/ocean/00001133.jpg
1036,019.Gray_Catbird/Gray_Catbird_0139_21281.jpg,0,2,1,1,/o/ocean/00003044.jpg
11757,200.Common_Yellowthroat/Common_Yellowthroat_0059_190584.jpg,0,2,1,1,/l/lake/natural/00004013.jpg
5307,091.Mockingbird/Mockingbird_0064_81068.jpg,0,2,1,1,/l/lake/natural/00004065.jpg
3976,069.Rufous_Hummingbird/Rufous_Hummingbird_0014_59476.jpg,0,2,1,1,/o/ocean/00004687.jpg
4684,081.Pied_Kingfisher/Pied_Kingfisher_0054_72296.jpg,0,2,1,1,/l/lake/natural/00004514.jpg
7985,136.Barn_Swallow/Barn_Swallow_0074_132094.jpg,0,2,1,1,/o/ocean/00002477.jpg
1814,032.Mangrove_Cuckoo/Mangrove_Cuckoo_0017_794623.jpg,0,2,1,1,/l/lake/natural/00003841.jpg
4787,082.Ringed_Kingfisher/Ringed_Kingfisher_0089_72947.jpg,0,2,1,1,/o/ocean/00003363.jpg
4602,079.Belted_Kingfisher/Belted_Kingfisher_0006_70625.jpg,0,2,1,1,/o/ocean/00000387.jpg
5464,094.White_breasted_Nuthatch/White_Breasted_Nuthatch_0020_86143.jpg,0,2,1,1,/o/ocean/00002230.jpg
5638,097.Orchard_Oriole/Orchard_Oriole_0013_91945.jpg,0,2,1,1,/l/lake/natural/00001385.jpg
1551,028.Brown_Creeper/Brown_Creeper_0065_24464.jpg,0,2,1,1,/l/lake/natural/00003226.jpg
6862,118.House_Sparrow/House_Sparrow_0068_113247.jpg,0,2,1,1,/l/lake/natural/00003431.jpg
11012,188.Pileated_Woodpecker/Pileated_Woodpecker_0075_180480.jpg,0,2,1,1,/l/lake/natural/00004840.jpg
7925,135.Bank_Swallow/Bank_Swallow_0016_129791.jpg,0,2,1,1,/o/ocean/00004220.jpg
10408,177.Prothonotary_Warbler/Prothonotary_Warbler_0107_173921.jpg,0,2,1,1,/o/ocean/00004137.jpg
11064,188.Pileated_Woodpecker/Pileated_Woodpecker_0114_180455.jpg,0,2,1,1,/o/ocean/00004025.jpg
8960,153.Philadelphia_Vireo/Philadelphia_Vireo_0037_794770.jpg,0,2,1,1,/o/ocean/00003846.jpg
650,012.Yellow_headed_Blackbird/Yellow_Headed_Blackbird_0100_8407.jpg,0,2,1,1,/o/ocean/00000019.jpg
2318,041.Scissor_tailed_Flycatcher/Scissor_Tailed_Flycatcher_0082_41852.jpg,0,2,1,1,/o/ocean/00004667.jpg
11017,188.Pileated_Woodpecker/Pileated_Woodpecker_0013_180746.jpg,0,2,1,1,/l/lake/natural/00004250.jpg
8822,150.Sage_Thrasher/Sage_Thrasher_0026_155646.jpg,0,2,1,1,/l/lake/natural/00003137.jpg
940,017.Cardinal/Cardinal_0095_18108.jpg,0,2,1,1,/o/ocean/00004149.jpg
2153,038.Great_Crested_Flycatcher/Great_Crested_Flycatcher_0013_29496.jpg,0,2,1,1,/l/lake/natural/00000178.jpg
9942,169.Magnolia_Warbler/Magnolia_Warbler_0048_165862.jpg,0,2,1,1,/l/lake/natural/00004964.jpg
2804,049.Boat_tailed_Grackle/Boat_Tailed_Grackle_0069_33685.jpg,0,2,1,1,/o/ocean/00004325.jpg
9264,158.Bay_breasted_Warbler/Bay_Breasted_Warbler_0090_797128.jpg,0,2,1,1,/o/ocean/00003218.jpg
4388,076.Dark_eyed_Junco/Dark_Eyed_Junco_0040_66689.jpg,0,2,1,1,/l/lake/natural/00000890.jpg
1513,027.Shiny_Cowbird/Shiny_Cowbird_0080_796875.jpg,0,2,1,1,/o/ocean/00002310.jpg
6917,119.Field_Sparrow/Field_Sparrow_0131_113582.jpg,0,2,1,1,/o/ocean/00000762.jpg
8003,137.Cliff_Swallow/Cliff_Swallow_0038_133701.jpg,0,2,1,1,/l/lake/natural/00003457.jpg
11526,196.House_Wren/House_Wren_0137_187273.jpg,0,2,1,1,/o/ocean/00000801.jpg
6646,114.Black_throated_Sparrow/Black_Throated_Sparrow_0060_107177.jpg,0,2,1,1,/l/lake/natural/00001632.jpg
10480,178.Swainson_Warbler/Swainson_Warbler_0052_794875.jpg,0,2,1,1,/l/lake/natural/00001467.jpg
1044,019.Gray_Catbird/Gray_Catbird_0057_20979.jpg,0,2,1,1,/o/ocean/00003072.jpg
1104,020.Yellow_breasted_Chat/Yellow_Breasted_Chat_0030_21964.jpg,0,2,1,1,/l/lake/natural/00003510.jpg
899,017.Cardinal/Cardinal_0047_17673.jpg,0,2,1,1,/o/ocean/00000302.jpg
7148,122.Harris_Sparrow/Harris_Sparrow_0067_116707.jpg,0,2,1,1,/l/lake/natural/00003434.jpg
11203,191.Red_headed_Woodpecker/Red_Headed_Woodpecker_0042_182834.jpg,0,2,1,1,/o/ocean/00000476.jpg
9699,165.Chestnut_sided_Warbler/Chestnut_Sided_Warbler_0125_164247.jpg,0,2,1,1,/l/lake/natural/00000509.jpg
1659,030.Fish_Crow/Fish_Crow_0085_25919.jpg,0,2,1,1,/o/ocean/00002180.jpg
4225,073.Blue_Jay/Blue_Jay_0020_63604.jpg,0,2,1,1,/o/ocean/00004048.jpg
7213,124.Le_Conte_Sparrow/Le_Conte_Sparrow_0006_795146.jpg,0,2,1,1,/l/lake/natural/00004665.jpg
2807,049.Boat_tailed_Grackle/Boat_Tailed_Grackle_0099_33455.jpg,0,2,1,1,/o/ocean/00003790.jpg
4487,077.Tropical_Kingbird/Tropical_Kingbird_0051_69609.jpg,0,2,1,1,/o/ocean/00000380.jpg
2207,039.Least_Flycatcher/Least_Flycatcher_0062_30131.jpg,0,2,1,1,/o/ocean/00001345.jpg
9013,154.Red_eyed_Vireo/Red_Eyed_Vireo_0020_156875.jpg,0,2,1,1,/l/lake/natural/00000697.jpg
2234,040.Olive_sided_Flycatcher/Olive_Sided_Flycatcher_0025_30486.jpg,0,2,1,1,/l/lake/natural/00000215.jpg
2310,041.Scissor_tailed_Flycatcher/Scissor_Tailed_Flycatcher_0118_42067.jpg,0,2,1,1,/l/lake/natural/00000041.jpg
7199,123.Henslow_Sparrow/Henslow_Sparrow_0033_796605.jpg,0,2,1,1,/l/lake/natural/00002955.jpg
8862,151.Black_capped_Vireo/Black_Capped_Vireo_0017_797492.jpg,0,2,1,1,/o/ocean/00001834.jpg
7310,125.Lincoln_Sparrow/Lincoln_Sparrow_0089_117527.jpg,0,2,1,1,/l/lake/natural/00002580.jpg
3150,055.Evening_Grosbeak/Evening_Grosbeak_0053_38005.jpg,0,2,1,1,/l/lake/natural/00004080.jpg
2717,048.European_Goldfinch/European_Goldfinch_0020_794644.jpg,0,2,1,1,/o/ocean/00001352.jpg
7134,122.Harris_Sparrow/Harris_Sparrow_0021_116399.jpg,0,2,1,1,/l/lake/natural/00003007.jpg
6517,112.Great_Grey_Shrike/Great_Grey_Shrike_0027_797009.jpg,0,2,1,1,/l/lake/natural/00003553.jpg
2077,037.Acadian_Flycatcher/Acadian_Flycatcher_0064_795584.jpg,0,2,1,1,/l/lake/natural/00000447.jpg
10707,182.Yellow_Warbler/Yellow_Warbler_0029_176855.jpg,0,2,1,1,/l/lake/natural/00000869.jpg
2784,049.Boat_tailed_Grackle/Boat_Tailed_Grackle_0083_33590.jpg,0,2,1,1,/o/ocean/00003275.jpg
9903,169.Magnolia_Warbler/Magnolia_Warbler_0111_165478.jpg,0,2,1,1,/o/ocean/00000177.jpg
7757,133.White_throated_Sparrow/White_Throated_Sparrow_0098_129089.jpg,0,2,1,1,/o/ocean/00000332.jpg
9518,162.Canada_Warbler/Canada_Warbler_0002_162426.jpg,0,2,1,1,/l/lake/natural/00000832.jpg
6498,111.Loggerhead_Shrike/Loggerhead_Shrike_0026_104898.jpg,0,2,1,1,/o/ocean/00004759.jpg
11497,196.House_Wren/House_Wren_0103_187466.jpg,0,2,1,1,/l/lake/natural/00003277.jpg
7252,124.Le_Conte_Sparrow/Le_Conte_Sparrow_0049_795220.jpg,0,2,1,1,/l/lake/natural/00002688.jpg
8054,138.Tree_Swallow/Tree_Swallow_0107_136223.jpg,0,2,1,1,/o/ocean/00004498.jpg
10688,182.Yellow_Warbler/Yellow_Warbler_0093_176490.jpg,0,2,1,1,/o/ocean/00003232.jpg
9343,159.Black_and_white_Warbler/Black_And_White_Warbler_0034_160695.jpg,0,2,1,1,/o/ocean/00004894.jpg
6119,105.Whip_poor_Will/Whip_Poor_Will_0027_796441.jpg,0,2,1,1,/l/lake/natural/00004400.jpg
10439,178.Swainson_Warbler/Swainson_Warbler_0013_794892.jpg,0,2,1,1,/o/ocean/00002104.jpg
1223,022.Chuck_will_Widow/Chuck_Will_Widow_0041_796997.jpg,0,2,1,1,/l/lake/natural/00000445.jpg
4366,075.Green_Jay/Green_Jay_0132_65886.jpg,0,2,1,1,/l/lake/natural/00003436.jpg
10151,173.Orange_crowned_Warbler/Orange_Crowned_Warbler_0016_168082.jpg,0,2,1,1,/o/ocean/00000539.jpg
191,004.Groove_billed_Ani/Groove_Billed_Ani_0107_1590.jpg,0,2,1,1,/l/lake/natural/00004603.jpg
10142,173.Orange_crowned_Warbler/Orange_Crowned_Warbler_0090_167607.jpg,0,2,1,1,/l/lake/natural/00002268.jpg
5426,093.Clark_Nutcracker/Clark_Nutcracker_0033_85358.jpg,0,2,1,1,/l/lake/natural/00004402.jpg
7533,129.Song_Sparrow/Song_Sparrow_0053_121554.jpg,0,2,1,1,/o/ocean/00004309.jpg
7998,137.Cliff_Swallow/Cliff_Swallow_0036_133168.jpg,0,2,1,1,/o/ocean/00001438.jpg
7807,134.Cape_Glossy_Starling/Cape_Glossy_Starling_0027_129282.jpg,0,2,1,1,/l/lake/natural/00001364.jpg
7762,133.White_throated_Sparrow/White_Throated_Sparrow_0014_129148.jpg,0,2,1,1,/o/ocean/00002643.jpg
9309,159.Black_and_white_Warbler/Black_And_White_Warbler_0002_160376.jpg,0,2,1,1,/l/lake/natural/00003320.jpg
10592,180.Wilson_Warbler/Wilson_Warbler_0043_175491.jpg,0,2,1,1,/o/ocean/00004613.jpg
6831,117.Clay_colored_Sparrow/Clay_Colored_Sparrow_0083_110734.jpg,0,2,1,1,/l/lake/natural/00003599.jpg
10779,183.Northern_Waterthrush/Northern_Waterthrush_0058_177143.jpg,0,2,1,1,/l/lake/natural/00001770.jpg
4367,075.Green_Jay/Green_Jay_0074_65889.jpg,0,2,1,1,/l/lake/natural/00000277.jpg
4503,078.Gray_Kingbird/Gray_Kingbird_0077_70191.jpg,0,2,1,1,/o/ocean/00002801.jpg
8780,150.Sage_Thrasher/Sage_Thrasher_0022_155447.jpg,0,2,1,1,/l/lake/natural/00001562.jpg
11257,192.Downy_Woodpecker/Downy_Woodpecker_0059_184396.jpg,0,2,1,1,/l/lake/natural/00003124.jpg
8926,152.Blue_headed_Vireo/Blue_Headed_Vireo_0115_156099.jpg,0,2,1,1,/o/ocean/00004598.jpg
8690,148.Green_tailed_Towhee/Green_Tailed_Towhee_0003_797414.jpg,0,2,1,1,/l/lake/natural/00000206.jpg
7715,132.White_crowned_Sparrow/White_Crowned_Sparrow_0102_127708.jpg,0,2,1,1,/o/ocean/00001076.jpg
3857,067.Anna_Hummingbird/Anna_Hummingbird_0066_56486.jpg,0,2,1,1,/l/lake/natural/00003054.jpg
6954,119.Field_Sparrow/Field_Sparrow_0051_114107.jpg,0,2,1,1,/l/lake/natural/00000560.jpg
4488,077.Tropical_Kingbird/Tropical_Kingbird_0043_69613.jpg,0,2,1,1,/o/ocean/00000881.jpg
5453,094.White_breasted_Nuthatch/White_Breasted_Nuthatch_0086_86553.jpg,0,2,1,1,/l/lake/natural/00001091.jpg
2128,038.Great_Crested_Flycatcher/Great_Crested_Flycatcher_0132_29300.jpg,0,2,1,1,/l/lake/natural/00004860.jpg
3846,067.Anna_Hummingbird/Anna_Hummingbird_0055_56396.jpg,0,2,1,1,/o/ocean/00000751.jpg
2131,038.Great_Crested_Flycatcher/Great_Crested_Flycatcher_0031_29825.jpg,0,2,1,1,/o/ocean/00002389.jpg
7951,136.Barn_Swallow/Barn_Swallow_0014_130403.jpg,0,2,1,1,/o/ocean/00002066.jpg
1546,028.Brown_Creeper/Brown_Creeper_0004_24851.jpg,0,2,1,1,/l/lake/natural/00004715.jpg
4004,069.Rufous_Hummingbird/Rufous_Hummingbird_0119_59681.jpg,0,2,1,1,/o/ocean/00003981.jpg
1900,034.Gray_crowned_Rosy_Finch/Gray_Crowned_Rosy_Finch_0036_797287.jpg,0,2,1,1,/o/ocean/00004792.jpg
6692,115.Brewer_Sparrow/Brewer_Sparrow_0010_796716.jpg,0,2,1,1,/o/ocean/00003490.jpg
1424,026.Bronzed_Cowbird/Bronzed_Cowbird_0013_24131.jpg,0,2,1,1,/l/lake/natural/00004319.jpg
11420,194.Cactus_Wren/Cactus_Wren_0079_185560.jpg,0,2,1,1,/l/lake/natural/00000410.jpg
3136,055.Evening_Grosbeak/Evening_Grosbeak_0063_37409.jpg,0,2,1,1,/l/lake/natural/00003105.jpg
10118,172.Nashville_Warbler/Nashville_Warbler_0042_167346.jpg,0,2,1,1,/l/lake/natural/00000344.jpg
6583,113.Baird_Sparrow/Baird_Sparrow_0019_794567.jpg,0,2,1,1,/o/ocean/00004695.jpg
2436,043.Yellow_bellied_Flycatcher/Yellow_Bellied_Flycatcher_0017_795490.jpg,0,2,1,1,/o/ocean/00003858.jpg
707,013.Bobolink/Bobolink_0021_10623.jpg,0,2,1,1,/l/lake/natural/00001876.jpg
7422,127.Savannah_Sparrow/Savannah_Sparrow_0035_120099.jpg,0,2,1,1,/o/ocean/00001929.jpg
4622,080.Green_Kingfisher/Green_Kingfisher_0043_71212.jpg,0,2,1,1,/o/ocean/00003357.jpg
10985,187.American_Three_toed_Woodpecker/American_Three_Toed_Woodpecker_0020_179828.jpg,0,2,1,1,/o/ocean/00003076.jpg
212,004.Groove_billed_Ani/Groove_Billed_Ani_0010_1704.jpg,0,2,1,1,/l/lake/natural/00004904.jpg
4847,083.White_breasted_Kingfisher/White_Breasted_Kingfisher_0015_73192.jpg,0,2,1,1,/l/lake/natural/00002197.jpg
11338,193.Bewick_Wren/Bewick_Wren_0073_185049.jpg,0,2,1,1,/o/ocean/00003002.jpg
6012,103.Sayornis/Sayornis_0047_98524.jpg,0,2,1,1,/l/lake/natural/00001296.jpg
7281,125.Lincoln_Sparrow/Lincoln_Sparrow_0033_117303.jpg,0,2,1,1,/o/ocean/00002494.jpg
1478,027.Shiny_Cowbird/Shiny_Cowbird_0079_24399.jpg,0,2,1,1,/l/lake/natural/00003162.jpg
8224,140.Summer_Tanager/Summer_Tanager_0115_139253.jpg,0,2,1,1,/l/lake/natural/00004471.jpg
11720,199.Winter_Wren/Winter_Wren_0003_189838.jpg,0,2,1,1,/o/ocean/00004817.jpg
7669,131.Vesper_Sparrow/Vesper_Sparrow_0016_125615.jpg,0,2,1,1,/o/ocean/00000620.jpg
4758,082.Ringed_Kingfisher/Ringed_Kingfisher_0078_72826.jpg,0,2,1,1,/l/lake/natural/00002343.jpg
7087,121.Grasshopper_Sparrow/Grasshopper_Sparrow_0101_116094.jpg,0,2,1,1,/l/lake/natural/00002794.jpg
4722,081.Pied_Kingfisher/Pied_Kingfisher_0118_72115.jpg,0,2,1,1,/l/lake/natural/00004465.jpg
5719,098.Scott_Oriole/Scott_Oriole_0002_795829.jpg,0,2,1,1,/o/ocean/00002564.jpg
11645,198.Rock_Wren/Rock_Wren_0038_189328.jpg,0,2,1,1,/l/lake/natural/00002223.jpg
5334,092.Nighthawk/Nighthawk_0088_82225.jpg,0,2,1,1,/l/lake/natural/00001919.jpg
4261,074.Florida_Jay/Florida_Jay_0004_65042.jpg,0,2,1,1,/o/ocean/00003360.jpg
6866,118.House_Sparrow/House_Sparrow_0052_112252.jpg,0,2,1,1,/l/lake/natural/00004241.jpg
7061,121.Grasshopper_Sparrow/Grasshopper_Sparrow_0106_116028.jpg,0,2,1,1,/l/lake/natural/00002055.jpg
9149,156.White_eyed_Vireo/White_Eyed_Vireo_0051_159033.jpg,0,2,1,1,/l/lake/natural/00000845.jpg
11336,193.Bewick_Wren/Bewick_Wren_0082_185021.jpg,0,2,1,1,/o/ocean/00000012.jpg
2415,043.Yellow_bellied_Flycatcher/Yellow_Bellied_Flycatcher_0040_795465.jpg,0,2,1,1,/l/lake/natural/00001472.jpg
9897,169.Magnolia_Warbler/Magnolia_Warbler_0045_165448.jpg,0,2,1,1,/o/ocean/00002662.jpg
4446,077.Tropical_Kingbird/Tropical_Kingbird_0002_69595.jpg,0,2,1,1,/o/ocean/00000988.jpg
11650,198.Rock_Wren/Rock_Wren_0071_189213.jpg,0,2,1,1,/o/ocean/00000408.jpg
2108,037.Acadian_Flycatcher/Acadian_Flycatcher_0071_795627.jpg,0,2,1,1,/l/lake/natural/00000952.jpg
540,010.Red_winged_Blackbird/Red_Winged_Blackbird_0072_4338.jpg,0,2,1,1,/l/lake/natural/00000335.jpg
4783,082.Ringed_Kingfisher/Ringed_Kingfisher_0080_72923.jpg,0,2,1,1,/l/lake/natural/00002843.jpg
5602,096.Hooded_Oriole/Hooded_Oriole_0129_90441.jpg,0,2,1,1,/l/lake/natural/00003796.jpg
11010,187.American_Three_toed_Woodpecker/American_Three_Toed_Woodpecker_0026_796157.jpg,0,2,1,1,/l/lake/natural/00000795.jpg
1457,026.Bronzed_Cowbird/Bronzed_Cowbird_0037_24032.jpg,0,2,1,1,/o/ocean/00000874.jpg
9079,155.Warbling_Vireo/Warbling_Vireo_0091_158419.jpg,0,2,1,1,/o/ocean/00003927.jpg
4285,074.Florida_Jay/Florida_Jay_0097_64906.jpg,0,2,1,1,/l/lake/natural/00004666.jpg
9334,159.Black_and_white_Warbler/Black_And_White_Warbler_0085_160110.jpg,0,2,1,1,/o/ocean/00002089.jpg
2005,036.Northern_Flicker/Northern_Flicker_0135_28291.jpg,0,2,1,1,/l/lake/natural/00001168.jpg
2678,047.American_Goldfinch/American_Goldfinch_0034_32371.jpg,0,2,1,1,/o/ocean/00004489.jpg
9692,165.Chestnut_sided_Warbler/Chestnut_Sided_Warbler_0008_164001.jpg,0,2,1,1,/l/lake/natural/00002894.jpg
6342,109.American_Redstart/American_Redstart_0120_103089.jpg,0,2,1,1,/o/ocean/00002773.jpg
10844,185.Bohemian_Waxwing/Bohemian_Waxwing_0001_796680.jpg,0,2,1,1,/o/ocean/00003528.jpg
10468,178.Swainson_Warbler/Swainson_Warbler_0050_794861.jpg,0,2,1,1,/o/ocean/00004101.jpg
2696,047.American_Goldfinch/American_Goldfinch_0064_32142.jpg,0,2,1,1,/o/ocean/00000357.jpg
11246,191.Red_headed_Woodpecker/Red_Headed_Woodpecker_0038_183280.jpg,0,2,1,1,/l/lake/natural/00001213.jpg
7963,136.Barn_Swallow/Barn_Swallow_0072_130474.jpg,0,2,1,1,/l/lake/natural/00000617.jpg
11672,199.Winter_Wren/Winter_Wren_0013_189500.jpg,0,2,1,1,/l/lake/natural/00000499.jpg
11379,194.Cactus_Wren/Cactus_Wren_0027_185893.jpg,0,2,1,1,/o/ocean/00003236.jpg
7081,121.Grasshopper_Sparrow/Grasshopper_Sparrow_0049_115918.jpg,0,2,1,1,/l/lake/natural/00000642.jpg
4600,079.Belted_Kingfisher/Belted_Kingfisher_0077_70620.jpg,0,2,1,1,/o/ocean/00000519.jpg
9195,157.Yellow_throated_Vireo/Yellow_Throated_Vireo_0016_794981.jpg,0,2,1,1,/l/lake/natural/00003543.jpg
193,004.Groove_billed_Ani/Groove_Billed_Ani_0109_1592.jpg,0,2,1,1,/l/lake/natural/00002554.jpg
4754,082.Ringed_Kingfisher/Ringed_Kingfisher_0025_72795.jpg,0,2,1,1,/o/ocean/00004715.jpg
550,011.Rusty_Blackbird/Rusty_Blackbird_0104_6685.jpg,0,2,1,1,/o/ocean/00001098.jpg
6313,108.White_necked_Raven/White_Necked_Raven_0016_797385.jpg,0,2,1,1,/o/ocean/00001895.jpg
9554,163.Cape_May_Warbler/Cape_May_Warbler_0026_162913.jpg,0,2,1,1,/l/lake/natural/00000753.jpg
1644,030.Fish_Crow/Fish_Crow_0059_25864.jpg,0,2,1,1,/l/lake/natural/00002521.jpg
6451,111.Loggerhead_Shrike/Loggerhead_Shrike_0089_106055.jpg,0,2,1,1,/l/lake/natural/00002400.jpg
2321,041.Scissor_tailed_Flycatcher/Scissor_Tailed_Flycatcher_0006_41601.jpg,0,2,1,1,/l/lake/natural/00002590.jpg
10827,184.Louisiana_Waterthrush/Louisiana_Waterthrush_0088_795284.jpg,0,2,1,1,/l/lake/natural/00002103.jpg
7354,126.Nelson_Sharp_tailed_Sparrow/Nelson_Sharp_Tailed_Sparrow_0009_796940.jpg,0,2,1,1,/l/lake/natural/00003884.jpg
5509,095.Baltimore_Oriole/Baltimore_Oriole_0060_89616.jpg,0,2,1,1,/l/lake/natural/00003851.jpg
4673,081.Pied_Kingfisher/Pied_Kingfisher_0132_72706.jpg,0,2,1,1,/o/ocean/00001029.jpg
7805,133.White_throated_Sparrow/White_Throated_Sparrow_0047_129014.jpg,0,2,1,1,/l/lake/natural/00003886.jpg
896,017.Cardinal/Cardinal_0038_19203.jpg,0,2,1,1,/l/lake/natural/00001280.jpg
10035,171.Myrtle_Warbler/Myrtle_Warbler_0097_167001.jpg,0,2,1,1,/l/lake/natural/00002442.jpg
7114,122.Harris_Sparrow/Harris_Sparrow_0004_116581.jpg,0,2,1,1,/o/ocean/00001916.jpg
6269,108.White_necked_Raven/White_Necked_Raven_0039_102699.jpg,0,2,1,1,/l/lake/natural/00000269.jpg
10176,173.Orange_crowned_Warbler/Orange_Crowned_Warbler_0059_168259.jpg,0,2,1,1,/o/ocean/00001600.jpg
3154,055.Evening_Grosbeak/Evening_Grosbeak_0098_37532.jpg,0,2,1,1,/l/lake/natural/00002638.jpg
5722,098.Scott_Oriole/Scott_Oriole_0017_795832.jpg,0,2,1,1,/l/lake/natural/00000070.jpg
9718,166.Golden_winged_Warbler/Golden_Winged_Warbler_0042_164437.jpg,0,2,1,1,/l/lake/natural/00003981.jpg
10536,179.Tennessee_Warbler/Tennessee_Warbler_0092_174810.jpg,0,2,1,1,/l/lake/natural/00002869.jpg
731,014.Indigo_Bunting/Indigo_Bunting_0027_11579.jpg,0,2,1,1,/o/ocean/00001401.jpg
6780,116.Chipping_Sparrow/Chipping_Sparrow_0043_109509.jpg,0,2,1,1,/l/lake/natural/00004031.jpg
1077,020.Yellow_breasted_Chat/Yellow_Breasted_Chat_0002_21819.jpg,0,2,1,1,/o/ocean/00004636.jpg
7502,128.Seaside_Sparrow/Seaside_Sparrow_0038_120819.jpg,0,2,1,1,/o/ocean/00000841.jpg
9111,155.Warbling_Vireo/Warbling_Vireo_0102_158704.jpg,0,2,1,1,/l/lake/natural/00002639.jpg
11349,193.Bewick_Wren/Bewick_Wren_0109_185170.jpg,0,2,1,1,/l/lake/natural/00002893.jpg
1871,033.Yellow_billed_Cuckoo/Yellow_Billed_Cuckoo_0029_26865.jpg,0,2,1,1,/o/ocean/00002062.jpg
9628,164.Cerulean_Warbler/Cerulean_Warbler_0092_163455.jpg,0,2,1,1,/o/ocean/00001751.jpg
1011,019.Gray_Catbird/Gray_Catbird_0028_20598.jpg,0,2,1,1,/o/ocean/00001442.jpg
739,014.Indigo_Bunting/Indigo_Bunting_0016_13661.jpg,0,2,1,1,/o/ocean/00002209.jpg
2789,049.Boat_tailed_Grackle/Boat_Tailed_Grackle_0087_33369.jpg,0,2,1,1,/l/lake/natural/00000376.jpg
5741,098.Scott_Oriole/Scott_Oriole_0036_795850.jpg,0,2,1,1,/l/lake/natural/00002247.jpg
4705,081.Pied_Kingfisher/Pied_Kingfisher_0117_71947.jpg,0,2,1,1,/l/lake/natural/00002264.jpg
1910,034.Gray_crowned_Rosy_Finch/Gray_Crowned_Rosy_Finch_0029_797300.jpg,0,2,1,1,/o/ocean/00000071.jpg
1612,029.American_Crow/American_Crow_0050_25255.jpg,0,2,1,1,/o/ocean/00002721.jpg
2394,042.Vermilion_Flycatcher/Vermilion_Flycatcher_0043_42182.jpg,0,2,1,1,/o/ocean/00001237.jpg
9873,168.Kentucky_Warbler/Kentucky_Warbler_0057_165349.jpg,0,2,1,1,/l/lake/natural/00003248.jpg
9952,170.Mourning_Warbler/Mourning_Warbler_0055_166436.jpg,0,2,1,1,/l/lake/natural/00001640.jpg
10875,185.Bohemian_Waxwing/Bohemian_Waxwing_0121_796658.jpg,0,2,1,1,/l/lake/natural/00004345.jpg
1593,029.American_Crow/American_Crow_0021_25137.jpg,0,2,1,1,/l/lake/natural/00003206.jpg
5605,096.Hooded_Oriole/Hooded_Oriole_0063_90976.jpg,0,2,1,1,/l/lake/natural/00003960.jpg
5349,092.Nighthawk/Nighthawk_0025_82808.jpg,0,2,1,1,/l/lake/natural/00004575.jpg
10037,171.Myrtle_Warbler/Myrtle_Warbler_0077_166749.jpg,0,2,1,1,/l/lake/natural/00001218.jpg
9114,156.White_eyed_Vireo/White_Eyed_Vireo_0001_159237.jpg,0,2,1,1,/o/ocean/00002800.jpg
6550,112.Great_Grey_Shrike/Great_Grey_Shrike_0012_106661.jpg,0,2,1,1,/l/lake/natural/00002631.jpg
2092,037.Acadian_Flycatcher/Acadian_Flycatcher_0060_795604.jpg,0,2,1,1,/l/lake/natural/00004718.jpg
892,016.Painted_Bunting/Painted_Bunting_0032_16605.jpg,0,2,1,1,/o/ocean/00001484.jpg
6609,113.Baird_Sparrow/Baird_Sparrow_0050_787316.jpg,0,2,1,1,/o/ocean/00000503.jpg
9593,164.Cerulean_Warbler/Cerulean_Warbler_0022_797189.jpg,0,2,1,1,/l/lake/natural/00004472.jpg
9109,155.Warbling_Vireo/Warbling_Vireo_0092_158688.jpg,0,2,1,1,/l/lake/natural/00002460.jpg
11549,197.Marsh_Wren/Marsh_Wren_0043_188426.jpg,0,2,1,1,/l/lake/natural/00002539.jpg
1845,033.Yellow_billed_Cuckoo/Yellow_Billed_Cuckoo_0077_26431.jpg,0,2,1,1,/o/ocean/00000517.jpg
9999,170.Mourning_Warbler/Mourning_Warbler_0065_795374.jpg,0,2,1,1,/o/ocean/00000973.jpg
7244,124.Le_Conte_Sparrow/Le_Conte_Sparrow_0087_795198.jpg,0,2,1,1,/l/lake/natural/00001625.jpg
8713,149.Brown_Thrasher/Brown_Thrasher_0015_155165.jpg,0,2,1,1,/l/lake/natural/00004687.jpg
5529,095.Baltimore_Oriole/Baltimore_Oriole_0074_87214.jpg,0,2,1,1,/o/ocean/00001555.jpg
5431,093.Clark_Nutcracker/Clark_Nutcracker_0014_85386.jpg,0,2,1,1,/o/ocean/00003520.jpg
5795,099.Ovenbird/Ovenbird_0101_93104.jpg,0,2,1,1,/l/lake/natural/00003964.jpg
11576,197.Marsh_Wren/Marsh_Wren_0004_188188.jpg,0,2,1,1,/o/ocean/00002432.jpg
7025,120.Fox_Sparrow/Fox_Sparrow_0081_115630.jpg,0,2,1,1,/o/ocean/00004179.jpg
10722,183.Northern_Waterthrush/Northern_Waterthrush_0077_177152.jpg,0,2,1,1,/o/ocean/00003696.jpg
5692,098.Scott_Oriole/Scott_Oriole_0079_92248.jpg,0,2,1,1,/l/lake/natural/00001896.jpg
9276,158.Bay_breasted_Warbler/Bay_Breasted_Warbler_0101_797146.jpg,0,2,1,1,/l/lake/natural/00003920.jpg
10534,179.Tennessee_Warbler/Tennessee_Warbler_0027_174805.jpg,0,2,1,1,/l/lake/natural/00000650.jpg
9997,170.Mourning_Warbler/Mourning_Warbler_0005_795372.jpg,0,2,1,1,/o/ocean/00003011.jpg
1492,027.Shiny_Cowbird/Shiny_Cowbird_0081_796833.jpg,0,2,1,1,/l/lake/natural/00003968.jpg
10712,182.Yellow_Warbler/Yellow_Warbler_0101_176864.jpg,0,2,1,1,/l/lake/natural/00001808.jpg
644,012.Yellow_headed_Blackbird/Yellow_Headed_Blackbird_0085_8363.jpg,0,2,1,1,/o/ocean/00004849.jpg
6434,110.Geococcyx/Geococcyx_0048_104817.jpg,0,2,1,1,/o/ocean/00001411.jpg
5799,099.Ovenbird/Ovenbird_0079_92610.jpg,0,2,1,1,/l/lake/natural/00002288.jpg
6499,111.Loggerhead_Shrike/Loggerhead_Shrike_0110_105947.jpg,0,2,1,1,/l/lake/natural/00003090.jpg
4641,080.Green_Kingfisher/Green_Kingfisher_0013_71293.jpg,0,2,1,1,/l/lake/natural/00001789.jpg
7841,134.Cape_Glossy_Starling/Cape_Glossy_Starling_0099_129412.jpg,0,2,1,1,/l/lake/natural/00004431.jpg
7683,131.Vesper_Sparrow/Vesper_Sparrow_0003_125427.jpg,0,2,1,1,/o/ocean/00001542.jpg
190,004.Groove_billed_Ani/Groove_Billed_Ani_0031_1588.jpg,0,2,1,1,/l/lake/natural/00003805.jpg
7996,137.Cliff_Swallow/Cliff_Swallow_0031_133164.jpg,0,2,1,1,/o/ocean/00002887.jpg
1715,031.Black_billed_Cuckoo/Black_Billed_Cuckoo_0015_26208.jpg,0,2,1,1,/o/ocean/00001764.jpg
10116,172.Nashville_Warbler/Nashville_Warbler_0013_167326.jpg,0,2,1,1,/l/lake/natural/00002077.jpg
615,012.Yellow_headed_Blackbird/Yellow_Headed_Blackbird_0009_8248.jpg,0,2,1,1,/l/lake/natural/00001605.jpg
7539,129.Song_Sparrow/Song_Sparrow_0037_121078.jpg,0,2,1,1,/o/ocean/00000524.jpg
5539,095.Baltimore_Oriole/Baltimore_Oriole_0114_89873.jpg,0,2,1,1,/l/lake/natural/00003835.jpg
567,011.Rusty_Blackbird/Rusty_Blackbird_0047_7009.jpg,0,2,1,1,/l/lake/natural/00004432.jpg
2305,041.Scissor_tailed_Flycatcher/Scissor_Tailed_Flycatcher_0025_42032.jpg,0,2,1,1,/l/lake/natural/00000370.jpg
9198,157.Yellow_throated_Vireo/Yellow_Throated_Vireo_0011_794986.jpg,0,2,1,1,/l/lake/natural/00003294.jpg
4353,075.Green_Jay/Green_Jay_0030_65824.jpg,0,2,1,1,/l/lake/natural/00000090.jpg
3917,068.Ruby_throated_Hummingbird/Ruby_Throated_Hummingbird_0040_57982.jpg,0,2,1,1,/l/lake/natural/00001237.jpg
11620,198.Rock_Wren/Rock_Wren_0078_188960.jpg,0,2,1,1,/l/lake/natural/00003956.jpg
7447,128.Seaside_Sparrow/Seaside_Sparrow_0052_796498.jpg,0,2,1,1,/o/ocean/00004132.jpg
2308,041.Scissor_tailed_Flycatcher/Scissor_Tailed_Flycatcher_0100_41796.jpg,0,2,1,1,/o/ocean/00002913.jpg
7149,122.Harris_Sparrow/Harris_Sparrow_0071_116476.jpg,0,2,1,1,/o/ocean/00002590.jpg
1105,020.Yellow_breasted_Chat/Yellow_Breasted_Chat_0061_21967.jpg,0,2,1,1,/l/lake/natural/00000118.jpg
8873,151.Black_capped_Vireo/Black_Capped_Vireo_0019_797479.jpg,0,2,1,1,/l/lake/natural/00003302.jpg
4517,078.Gray_Kingbird/Gray_Kingbird_0029_795015.jpg,0,2,1,1,/o/ocean/00004538.jpg
2380,042.Vermilion_Flycatcher/Vermilion_Flycatcher_0026_42375.jpg,0,2,1,1,/o/ocean/00003796.jpg
696,013.Bobolink/Bobolink_0057_10051.jpg,0,2,1,1,/o/ocean/00001208.jpg
3252,057.Rose_breasted_Grosbeak/Rose_Breasted_Grosbeak_0045_39489.jpg,0,2,1,1,/o/ocean/00003105.jpg
434,009.Brewer_Blackbird/Brewer_Blackbird_0009_2616.jpg,0,2,1,1,/l/lake/natural/00001839.jpg
7356,126.Nelson_Sharp_tailed_Sparrow/Nelson_Sharp_Tailed_Sparrow_0008_796944.jpg,0,2,1,1,/o/ocean/00003065.jpg
11588,197.Marsh_Wren/Marsh_Wren_0069_188776.jpg,0,2,1,1,/o/ocean/00000427.jpg
11258,192.Downy_Woodpecker/Downy_Woodpecker_0072_184401.jpg,0,2,1,1,/o/ocean/00000768.jpg
9915,169.Magnolia_Warbler/Magnolia_Warbler_0044_165599.jpg,0,2,1,1,/o/ocean/00004740.jpg
6551,112.Great_Grey_Shrike/Great_Grey_Shrike_0044_106851.jpg,0,2,1,1,/o/ocean/00000703.jpg
7226,124.Le_Conte_Sparrow/Le_Conte_Sparrow_0086_795170.jpg,0,2,1,1,/l/lake/natural/00002204.jpg
2474,044.Frigatebird/Frigatebird_0074_43035.jpg,1,2,0,2,/b/bamboo_forest/00004149.jpg
8412,144.Common_Tern/Common_Tern_0075_148528.jpg,1,2,0,2,/b/bamboo_forest/00000303.jpg
6195,106.Horned_Puffin/Horned_Puffin_0045_100803.jpg,1,2,0,2,/f/forest/broadleaf/00003920.jpg
2873,050.Eared_Grebe/Eared_Grebe_0054_34289.jpg,1,2,0,2,/f/forest/broadleaf/00000985.jpg
3668,064.Ring_billed_Gull/Ring_Billed_Gull_0079_51206.jpg,1,2,0,2,/b/bamboo_forest/00002488.jpg
2898,051.Horned_Grebe/Horned_Grebe_0057_34590.jpg,1,2,0,2,/b/bamboo_forest/00004597.jpg
2640,046.Gadwall/Gadwall_0025_30933.jpg,1,2,0,2,/b/bamboo_forest/00000115.jpg
5203,089.Hooded_Merganser/Hooded_Merganser_0063_79064.jpg,1,2,0,2,/b/bamboo_forest/00001933.jpg
5259,090.Red_breasted_Merganser/Red_Breasted_Merganser_0009_79576.jpg,1,2,0,2,/b/bamboo_forest/00004678.jpg
5808,100.Brown_Pelican/Brown_Pelican_0115_93731.jpg,1,2,0,2,/b/bamboo_forest/00003661.jpg
240,005.Crested_Auklet/Crested_Auklet_0042_794902.jpg,1,2,0,2,/b/bamboo_forest/00002912.jpg
1372,025.Pelagic_Cormorant/Pelagic_Cormorant_0003_23695.jpg,1,2,0,2,/b/bamboo_forest/00000651.jpg
2901,051.Horned_Grebe/Horned_Grebe_0106_35112.jpg,1,2,0,2,/b/bamboo_forest/00002724.jpg
2556,045.Northern_Fulmar/Northern_Fulmar_0008_43647.jpg,1,2,0,2,/b/bamboo_forest/00002969.jpg
2974,052.Pied_billed_Grebe/Pied_Billed_Grebe_0053_35262.jpg,1,2,0,2,/f/forest/broadleaf/00004884.jpg
3814,066.Western_Gull/Western_Gull_0066_54105.jpg,1,2,0,2,/f/forest/broadleaf/00003292.jpg
3376,059.California_Gull/California_Gull_0039_41034.jpg,1,2,0,2,/f/forest/broadleaf/00004542.jpg
3356,058.Pigeon_Guillemot/Pigeon_Guillemot_0029_39889.jpg,1,2,0,2,/f/forest/broadleaf/00004328.jpg
5078,087.Mallard/Mallard_0046_76165.jpg,1,2,0,2,/f/forest/broadleaf/00000832.jpg
3619,063.Ivory_Gull/Ivory_Gull_0085_49456.jpg,1,2,0,2,/f/forest/broadleaf/00003039.jpg
4120,071.Long_tailed_Jaeger/Long_Tailed_Jaeger_0016_797084.jpg,1,2,0,2,/f/forest/broadleaf/00003389.jpg
6164,106.Horned_Puffin/Horned_Puffin_0059_100925.jpg,1,2,0,2,/b/bamboo_forest/00000913.jpg
2908,051.Horned_Grebe/Horned_Grebe_0067_34654.jpg,1,2,0,2,/b/bamboo_forest/00002754.jpg
3622,063.Ivory_Gull/Ivory_Gull_0118_49191.jpg,1,2,0,2,/b/bamboo_forest/00002747.jpg
5818,100.Brown_Pelican/Brown_Pelican_0075_95357.jpg,1,2,0,2,/f/forest/broadleaf/00001053.jpg
3406,059.California_Gull/California_Gull_0001_40786.jpg,1,2,0,2,/b/bamboo_forest/00003159.jpg
4874,084.Red_legged_Kittiwake/Red_Legged_Kittiwake_0014_795432.jpg,1,2,0,2,/f/forest/broadleaf/00002082.jpg
5927,102.Western_Wood_Pewee/Western_Wood_Pewee_0037_98127.jpg,1,2,0,2,/f/forest/broadleaf/00004926.jpg
5100,088.Western_Meadowlark/Western_Meadowlark_0019_77876.jpg,1,2,0,2,/f/forest/broadleaf/00002948.jpg
2569,045.Northern_Fulmar/Northern_Fulmar_0016_43958.jpg,1,2,0,2,/f/forest/broadleaf/00000498.jpg
2918,051.Horned_Grebe/Horned_Grebe_0063_34966.jpg,1,2,0,2,/f/forest/broadleaf/00004594.jpg
8308,142.Black_Tern/Black_Tern_0023_143985.jpg,1,2,0,2,/b/bamboo_forest/00002123.jpg
1281,023.Brandt_Cormorant/Brandt_Cormorant_0088_22948.jpg,1,2,0,2,/b/bamboo_forest/00000379.jpg
3448,060.Glaucous_winged_Gull/Glaucous_Winged_Gull_0094_44696.jpg,1,2,0,2,/b/bamboo_forest/00001464.jpg
5817,100.Brown_Pelican/Brown_Pelican_0066_94840.jpg,1,2,0,2,/f/forest/broadleaf/00000486.jpg
3623,063.Ivory_Gull/Ivory_Gull_0024_49195.jpg,1,2,0,2,/b/bamboo_forest/00000903.jpg
6199,106.Horned_Puffin/Horned_Puffin_0073_100830.jpg,1,2,0,2,/f/forest/broadleaf/00003592.jpg
3037,053.Western_Grebe/Western_Grebe_0044_36188.jpg,1,2,0,2,/f/forest/broadleaf/00000238.jpg
8346,143.Caspian_Tern/Caspian_Tern_0097_145923.jpg,1,2,0,2,/b/bamboo_forest/00002864.jpg
5813,100.Brown_Pelican/Brown_Pelican_0110_93622.jpg,1,2,0,2,/f/forest/broadleaf/00001064.jpg
1159,021.Eastern_Towhee/Eastern_Towhee_0022_22279.jpg,1,2,0,2,/f/forest/broadleaf/00002417.jpg
4169,072.Pomarine_Jaeger/Pomarine_Jaeger_0011_795777.jpg,1,2,0,2,/b/bamboo_forest/00004813.jpg
259,005.Crested_Auklet/Crested_Auklet_0074_794949.jpg,1,2,0,2,/b/bamboo_forest/00001962.jpg
3433,060.Glaucous_winged_Gull/Glaucous_Winged_Gull_0035_44576.jpg,1,2,0,2,/b/bamboo_forest/00003688.jpg
1116,021.Eastern_Towhee/Eastern_Towhee_0122_22538.jpg,1,2,0,2,/b/bamboo_forest/00002985.jpg
2866,050.Eared_Grebe/Eared_Grebe_0048_34175.jpg,1,2,0,2,/f/forest/broadleaf/00004390.jpg
8424,144.Common_Tern/Common_Tern_0027_150113.jpg,1,2,0,2,/f/forest/broadleaf/00002411.jpg
1356,025.Pelagic_Cormorant/Pelagic_Cormorant_0071_23964.jpg,1,2,0,2,/b/bamboo_forest/00003202.jpg
8386,143.Caspian_Tern/Caspian_Tern_0106_147645.jpg,1,2,0,2,/b/bamboo_forest/00002136.jpg
1394,025.Pelagic_Cormorant/Pelagic_Cormorant_0098_23783.jpg,1,2,0,2,/f/forest/broadleaf/00000966.jpg
3057,053.Western_Grebe/Western_Grebe_0103_36515.jpg,1,2,0,2,/b/bamboo_forest/00004421.jpg
1397,025.Pelagic_Cormorant/Pelagic_Cormorant_0033_23530.jpg,1,2,0,2,/f/forest/broadleaf/00000158.jpg
8360,143.Caspian_Tern/Caspian_Tern_0041_144964.jpg,1,2,0,2,/f/forest/broadleaf/00000798.jpg
8420,144.Common_Tern/Common_Tern_0037_148048.jpg,1,2,0,2,/f/forest/broadleaf/00002818.jpg
3358,058.Pigeon_Guillemot/Pigeon_Guillemot_0007_40313.jpg,1,2,0,2,/f/forest/broadleaf/00004364.jpg
3577,062.Herring_Gull/Herring_Gull_0098_46971.jpg,1,2,0,2,/b/bamboo_forest/00003266.jpg
3494,061.Heermann_Gull/Heermann_Gull_0059_45642.jpg,1,2,0,2,/f/forest/broadleaf/00004274.jpg
8365,143.Caspian_Tern/Caspian_Tern_0060_146007.jpg,1,2,0,2,/f/forest/broadleaf/00003684.jpg
8334,142.Black_Tern/Black_Tern_0012_144091.jpg,1,2,0,2,/b/bamboo_forest/00003062.jpg
8538,146.Forsters_Tern/Forsters_Tern_0049_151631.jpg,1,2,0,2,/b/bamboo_forest/00000498.jpg
5848,100.Brown_Pelican/Brown_Pelican_0051_94578.jpg,1,2,0,2,/f/forest/broadleaf/00004136.jpg
2975,052.Pied_billed_Grebe/Pied_Billed_Grebe_0020_35958.jpg,1,2,0,2,/b/bamboo_forest/00000666.jpg
5049,087.Mallard/Mallard_0048_76995.jpg,1,2,0,2,/b/bamboo_forest/00001837.jpg
4870,084.Red_legged_Kittiwake/Red_Legged_Kittiwake_0059_795424.jpg,1,2,0,2,/f/forest/broadleaf/00002524.jpg
8404,144.Common_Tern/Common_Tern_0040_147973.jpg,1,2,0,2,/f/forest/broadleaf/00002460.jpg
2869,050.Eared_Grebe/Eared_Grebe_0047_34204.jpg,1,2,0,2,/b/bamboo_forest/00001409.jpg
5169,089.Hooded_Merganser/Hooded_Merganser_0046_796764.jpg,1,2,0,2,/f/forest/broadleaf/00003441.jpg
5055,087.Mallard/Mallard_0028_76010.jpg,1,2,0,2,/b/bamboo_forest/00003168.jpg
5012,086.Pacific_Loon/Pacific_Loon_0069_75446.jpg,1,2,0,2,/b/bamboo_forest/00004796.jpg
3698,064.Ring_billed_Gull/Ring_Billed_Gull_0128_51403.jpg,1,2,0,2,/b/bamboo_forest/00000756.jpg
2904,051.Horned_Grebe/Horned_Grebe_0061_34613.jpg,1,2,0,2,/f/forest/broadleaf/00002577.jpg
5031,087.Mallard/Mallard_0115_76840.jpg,1,2,0,2,/b/bamboo_forest/00002775.jpg
5119,088.Western_Meadowlark/Western_Meadowlark_0083_78197.jpg,1,2,0,2,/f/forest/broadleaf/00004472.jpg
365,007.Parakeet_Auklet/Parakeet_Auklet_0075_795981.jpg,1,2,0,2,/b/bamboo_forest/00004896.jpg
2548,045.Northern_Fulmar/Northern_Fulmar_0097_43865.jpg,1,2,0,2,/b/bamboo_forest/00002832.jpg
2609,046.Gadwall/Gadwall_0014_31570.jpg,1,2,0,2,/f/forest/broadleaf/00002012.jpg
4995,086.Pacific_Loon/Pacific_Loon_0053_77673.jpg,1,2,0,2,/b/bamboo_forest/00003088.jpg
3735,065.Slaty_backed_Gull/Slaty_Backed_Gull_0015_796004.jpg,1,2,0,2,/f/forest/broadleaf/00004810.jpg
2858,050.Eared_Grebe/Eared_Grebe_0081_34153.jpg,1,2,0,2,/b/bamboo_forest/00003984.jpg
8590,147.Least_Tern/Least_Tern_0007_153661.jpg,1,2,0,2,/b/bamboo_forest/00000629.jpg
175,003.Sooty_Albatross/Sooty_Albatross_0002_796395.jpg,1,2,0,2,/f/forest/broadleaf/00002969.jpg
5885,101.White_Pelican/White_Pelican_0083_95840.jpg,1,2,0,2,/b/bamboo_forest/00004552.jpg
3554,062.Herring_Gull/Herring_Gull_0012_46654.jpg,1,2,0,2,/b/bamboo_forest/00001169.jpg
8254,141.Artic_Tern/Artic_Tern_0117_143394.jpg,1,2,0,2,/b/bamboo_forest/00000659.jpg
271,005.Crested_Auklet/Crested_Auklet_0068_785253.jpg,1,2,0,2,/b/bamboo_forest/00003393.jpg
1317,024.Red_faced_Cormorant/Red_Faced_Cormorant_0039_796308.jpg,1,2,0,2,/f/forest/broadleaf/00001443.jpg
4856,084.Red_legged_Kittiwake/Red_Legged_Kittiwake_0050_795397.jpg,1,2,0,2,/f/forest/broadleaf/00000619.jpg
5002,086.Pacific_Loon/Pacific_Loon_0040_75414.jpg,1,2,0,2,/b/bamboo_forest/00004366.jpg
2852,050.Eared_Grebe/Eared_Grebe_0060_34133.jpg,1,2,0,2,/b/bamboo_forest/00003271.jpg
3053,053.Western_Grebe/Western_Grebe_0051_36249.jpg,1,2,0,2,/b/bamboo_forest/00000194.jpg
3633,063.Ivory_Gull/Ivory_Gull_0014_48983.jpg,1,2,0,2,/b/bamboo_forest/00004873.jpg
5952,102.Western_Wood_Pewee/Western_Wood_Pewee_0022_795058.jpg,1,2,0,2,/f/forest/broadleaf/00000179.jpg
5137,088.Western_Meadowlark/Western_Meadowlark_0029_78832.jpg,1,2,0,2,/f/forest/broadleaf/00004351.jpg
4884,084.Red_legged_Kittiwake/Red_Legged_Kittiwake_0028_795450.jpg,1,2,0,2,/b/bamboo_forest/00003802.jpg
3760,065.Slaty_backed_Gull/Slaty_Backed_Gull_0050_796045.jpg,1,2,0,2,/b/bamboo_forest/00001065.jpg
2920,051.Horned_Grebe/Horned_Grebe_0085_34713.jpg,1,2,0,2,/f/forest/broadleaf/00001890.jpg
1335,024.Red_faced_Cormorant/Red_Faced_Cormorant_0066_796333.jpg,1,2,0,2,/b/bamboo_forest/00001256.jpg
3604,062.Herring_Gull/Herring_Gull_0102_48078.jpg,1,2,0,2,/f/forest/broadleaf/00002359.jpg
5814,100.Brown_Pelican/Brown_Pelican_0097_93767.jpg,1,2,0,2,/f/forest/broadleaf/00004431.jpg
3032,053.Western_Grebe/Western_Grebe_0081_36578.jpg,1,2,0,2,/f/forest/broadleaf/00002288.jpg
1119,021.Eastern_Towhee/Eastern_Towhee_0048_22557.jpg,1,2,0,2,/f/forest/broadleaf/00002657.jpg
4185,072.Pomarine_Jaeger/Pomarine_Jaeger_0062_61351.jpg,1,2,0,2,/f/forest/broadleaf/00000114.jpg
5072,087.Mallard/Mallard_0067_77623.jpg,1,2,0,2,/f/forest/broadleaf/00004179.jpg
8375,143.Caspian_Tern/Caspian_Tern_0113_146828.jpg,1,2,0,2,/b/bamboo_forest/00002779.jpg
2992,052.Pied_billed_Grebe/Pied_Billed_Grebe_0030_35498.jpg,1,2,0,2,/f/forest/broadleaf/00004271.jpg
8333,142.Black_Tern/Black_Tern_0098_144089.jpg,1,2,0,2,/f/forest/broadleaf/00002062.jpg
1257,023.Brandt_Cormorant/Brandt_Cormorant_0028_22892.jpg,1,2,0,2,/f/forest/broadleaf/00004909.jpg
3704,064.Ring_billed_Gull/Ring_Billed_Gull_0007_51430.jpg,1,2,0,2,/f/forest/broadleaf/00004491.jpg
3581,062.Herring_Gull/Herring_Gull_0058_47383.jpg,1,2,0,2,/b/bamboo_forest/00000258.jpg
8228,141.Artic_Tern/Artic_Tern_0035_143366.jpg,1,2,0,2,/b/bamboo_forest/00000775.jpg
4182,072.Pomarine_Jaeger/Pomarine_Jaeger_0059_61347.jpg,1,2,0,2,/f/forest/broadleaf/00003354.jpg
2481,044.Frigatebird/Frigatebird_0034_43053.jpg,1,2,0,2,/f/forest/broadleaf/00003744.jpg
2491,044.Frigatebird/Frigatebird_0023_43110.jpg,1,2,0,2,/f/forest/broadleaf/00001915.jpg
133,003.Sooty_Albatross/Sooty_Albatross_0054_796347.jpg,1,2,0,2,/b/bamboo_forest/00004857.jpg
5084,087.Mallard/Mallard_0081_76266.jpg,1,2,0,2,/b/bamboo_forest/00003588.jpg
2618,046.Gadwall/Gadwall_0028_31623.jpg,1,2,0,2,/f/forest/broadleaf/00001675.jpg
5061,087.Mallard/Mallard_0089_77068.jpg,1,2,0,2,/b/bamboo_forest/00000541.jpg
3408,059.California_Gull/California_Gull_0081_41318.jpg,1,2,0,2,/b/bamboo_forest/00004765.jpg
8332,142.Black_Tern/Black_Tern_0102_144344.jpg,1,2,0,2,/f/forest/broadleaf/00004683.jpg
8393,143.Caspian_Tern/Caspian_Tern_0067_145107.jpg,1,2,0,2,/f/forest/broadleaf/00004519.jpg
2617,046.Gadwall/Gadwall_0047_31360.jpg,1,2,0,2,/b/bamboo_forest/00003028.jpg
5009,086.Pacific_Loon/Pacific_Loon_0032_75441.jpg,1,2,0,2,/b/bamboo_forest/00000837.jpg
371,007.Parakeet_Auklet/Parakeet_Auklet_0034_795994.jpg,1,2,0,2,/f/forest/broadleaf/00003589.jpg
6150,106.Horned_Puffin/Horned_Puffin_0074_100886.jpg,1,2,0,2,/f/forest/broadleaf/00001453.jpg
1240,023.Brandt_Cormorant/Brandt_Cormorant_0018_23090.jpg,1,2,0,2,/b/bamboo_forest/00003764.jpg
8248,141.Artic_Tern/Artic_Tern_0060_141955.jpg,1,2,0,2,/f/forest/broadleaf/00003115.jpg
5229,090.Red_breasted_Merganser/Red_Breasted_Merganser_0014_79205.jpg,1,2,0,2,/b/bamboo_forest/00003871.jpg
2547,045.Northern_Fulmar/Northern_Fulmar_0091_44120.jpg,1,2,0,2,/b/bamboo_forest/00004937.jpg
2631,046.Gadwall/Gadwall_0055_30912.jpg,1,2,0,2,/b/bamboo_forest/00003211.jpg
5081,087.Mallard/Mallard_0138_76735.jpg,1,2,0,2,/b/bamboo_forest/00000316.jpg
1262,023.Brandt_Cormorant/Brandt_Cormorant_0026_22913.jpg,1,2,0,2,/b/bamboo_forest/00002785.jpg
1325,024.Red_faced_Cormorant/Red_Faced_Cormorant_0068_796321.jpg,1,2,0,2,/b/bamboo_forest/00003320.jpg
5903,101.White_Pelican/White_Pelican_0003_96691.jpg,1,2,0,2,/f/forest/broadleaf/00001236.jpg
2581,045.Northern_Fulmar/Northern_Fulmar_0031_43750.jpg,1,2,0,2,/b/bamboo_forest/00000329.jpg
3018,053.Western_Grebe/Western_Grebe_0029_36379.jpg,1,2,0,2,/b/bamboo_forest/00000358.jpg
5861,100.Brown_Pelican/Brown_Pelican_0124_93684.jpg,1,2,0,2,/b/bamboo_forest/00003602.jpg
344,007.Parakeet_Auklet/Parakeet_Auklet_0039_795955.jpg,1,2,0,2,/f/forest/broadleaf/00004888.jpg
2913,051.Horned_Grebe/Horned_Grebe_0084_34936.jpg,1,2,0,2,/b/bamboo_forest/00000269.jpg
2909,051.Horned_Grebe/Horned_Grebe_0005_34657.jpg,1,2,0,2,/b/bamboo_forest/00004850.jpg
3342,058.Pigeon_Guillemot/Pigeon_Guillemot_0030_40089.jpg,1,2,0,2,/f/forest/broadleaf/00002865.jpg
286,006.Least_Auklet/Least_Auklet_0014_1901.jpg,1,2,0,2,/b/bamboo_forest/00004748.jpg
2924,051.Horned_Grebe/Horned_Grebe_0082_34725.jpg,1,2,0,2,/f/forest/broadleaf/00002420.jpg
4161,072.Pomarine_Jaeger/Pomarine_Jaeger_0027_795767.jpg,1,2,0,2,/f/forest/broadleaf/00003715.jpg
6153,106.Horned_Puffin/Horned_Puffin_0039_100890.jpg,1,2,0,2,/b/bamboo_forest/00003885.jpg
3485,060.Glaucous_winged_Gull/Glaucous_Winged_Gull_0082_44528.jpg,1,2,0,2,/b/bamboo_forest/00004712.jpg
167,003.Sooty_Albatross/Sooty_Albatross_0051_796374.jpg,1,2,0,2,/f/forest/broadleaf/00000378.jpg
3492,061.Heermann_Gull/Heermann_Gull_0118_45626.jpg,1,2,0,2,/b/bamboo_forest/00003905.jpg
165,003.Sooty_Albatross/Sooty_Albatross_0007_796372.jpg,1,2,0,2,/b/bamboo_forest/00001415.jpg
3383,059.California_Gull/California_Gull_0110_41063.jpg,1,2,0,2,/f/forest/broadleaf/00003757.jpg
8425,144.Common_Tern/Common_Tern_0028_150117.jpg,1,2,0,2,/f/forest/broadleaf/00003565.jpg
1143,021.Eastern_Towhee/Eastern_Towhee_0105_22675.jpg,1,2,0,2,/f/forest/broadleaf/00002415.jpg
4875,084.Red_legged_Kittiwake/Red_Legged_Kittiwake_0048_73770.jpg,1,2,0,2,/f/forest/broadleaf/00000666.jpg
3377,059.California_Gull/California_Gull_0034_41548.jpg,1,2,0,2,/b/bamboo_forest/00004697.jpg
135,003.Sooty_Albatross/Sooty_Albatross_0048_1130.jpg,1,2,0,2,/b/bamboo_forest/00002063.jpg
2579,045.Northern_Fulmar/Northern_Fulmar_0078_43985.jpg,1,2,0,2,/b/bamboo_forest/00001096.jpg
4902,084.Red_legged_Kittiwake/Red_Legged_Kittiwake_0061_795420.jpg,1,2,0,2,/b/bamboo_forest/00001445.jpg
5036,087.Mallard/Mallard_0038_76902.jpg,1,2,0,2,/f/forest/broadleaf/00004715.jpg
1161,021.Eastern_Towhee/Eastern_Towhee_0115_22304.jpg,1,2,0,2,/b/bamboo_forest/00003570.jpg
8300,142.Black_Tern/Black_Tern_0094_144466.jpg,1,2,0,2,/f/forest/broadleaf/00000455.jpg
3800,066.Western_Gull/Western_Gull_0027_53994.jpg,1,2,0,2,/f/forest/broadleaf/00003853.jpg
3413,059.California_Gull/California_Gull_0132_40836.jpg,1,2,0,2,/f/forest/broadleaf/00004393.jpg
8630,147.Least_Tern/Least_Tern_0041_153470.jpg,1,2,0,2,/b/bamboo_forest/00003339.jpg
6158,106.Horned_Puffin/Horned_Puffin_0083_100649.jpg,1,2,0,2,/f/forest/broadleaf/00000620.jpg
5258,090.Red_breasted_Merganser/Red_Breasted_Merganser_0041_79574.jpg,1,2,0,2,/f/forest/broadleaf/00000497.jpg
2603,046.Gadwall/Gadwall_0004_31669.jpg,1,2,0,2,/f/forest/broadleaf/00000557.jpg
246,005.Crested_Auklet/Crested_Auklet_0044_1825.jpg,1,2,0,2,/f/forest/broadleaf/00004471.jpg
2883,050.Eared_Grebe/Eared_Grebe_0039_34257.jpg,1,2,0,2,/f/forest/broadleaf/00000816.jpg
2938,051.Horned_Grebe/Horned_Grebe_0053_34512.jpg,1,2,0,2,/f/forest/broadleaf/00000436.jpg
100,002.Laysan_Albatross/Laysan_Albatross_0049_918.jpg,1,2,0,2,/f/forest/broadleaf/00001850.jpg
370,007.Parakeet_Auklet/Parakeet_Auklet_0008_795992.jpg,1,2,0,2,/b/bamboo_forest/00000168.jpg
2614,046.Gadwall/Gadwall_0088_31854.jpg,1,2,0,2,/b/bamboo_forest/00002273.jpg
5045,087.Mallard/Mallard_0064_76654.jpg,1,2,0,2,/f/forest/broadleaf/00001448.jpg
4163,072.Pomarine_Jaeger/Pomarine_Jaeger_0056_795770.jpg,1,2,0,2,/b/bamboo_forest/00001569.jpg
3753,065.Slaty_backed_Gull/Slaty_Backed_Gull_0023_796030.jpg,1,2,0,2,/b/bamboo_forest/00003587.jpg
1154,021.Eastern_Towhee/Eastern_Towhee_0031_22233.jpg,1,2,0,2,/b/bamboo_forest/00003526.jpg
8399,143.Caspian_Tern/Caspian_Tern_0014_145640.jpg,1,2,0,2,/b/bamboo_forest/00001491.jpg
3626,063.Ivory_Gull/Ivory_Gull_0087_49202.jpg,1,2,0,2,/f/forest/broadleaf/00003213.jpg
2997,052.Pied_billed_Grebe/Pied_Billed_Grebe_0035_35518.jpg,1,2,0,2,/f/forest/broadleaf/00002052.jpg
4123,071.Long_tailed_Jaeger/Long_Tailed_Jaeger_0035_797100.jpg,1,2,0,2,/f/forest/broadleaf/00002267.jpg
5227,090.Red_breasted_Merganser/Red_Breasted_Merganser_0068_79203.jpg,1,2,0,2,/f/forest/broadleaf/00003500.jpg
5855,100.Brown_Pelican/Brown_Pelican_0049_94598.jpg,1,2,0,2,/f/forest/broadleaf/00000111.jpg
350,007.Parakeet_Auklet/Parakeet_Auklet_0026_795962.jpg,1,2,0,2,/f/forest/broadleaf/00000572.jpg
5146,089.Hooded_Merganser/Hooded_Merganser_0056_79112.jpg,1,2,0,2,/b/bamboo_forest/00001745.jpg
3596,062.Herring_Gull/Herring_Gull_0061_46501.jpg,1,2,0,2,/f/forest/broadleaf/00002346.jpg
2580,045.Northern_Fulmar/Northern_Fulmar_0001_43749.jpg,1,2,0,2,/f/forest/broadleaf/00003682.jpg
8244,141.Artic_Tern/Artic_Tern_0036_142447.jpg,1,2,0,2,/b/bamboo_forest/00004443.jpg
3393,059.California_Gull/California_Gull_0028_40666.jpg,1,2,0,2,/b/bamboo_forest/00001364.jpg
5160,089.Hooded_Merganser/Hooded_Merganser_0012_796748.jpg,1,2,0,2,/b/bamboo_forest/00001577.jpg
356,007.Parakeet_Auklet/Parakeet_Auklet_0013_795970.jpg,1,2,0,2,/f/forest/broadleaf/00001264.jpg
8481,145.Elegant_Tern/Elegant_Tern_0106_150872.jpg,1,2,0,2,/f/forest/broadleaf/00000977.jpg
3323,058.Pigeon_Guillemot/Pigeon_Guillemot_0013_40253.jpg,1,2,0,2,/f/forest/broadleaf/00000698.jpg
4168,072.Pomarine_Jaeger/Pomarine_Jaeger_0021_795776.jpg,1,2,0,2,/b/bamboo_forest/00001518.jpg
277,005.Crested_Auklet/Crested_Auklet_0070_785261.jpg,1,2,0,2,/f/forest/broadleaf/00003486.jpg
2906,051.Horned_Grebe/Horned_Grebe_0051_35143.jpg,1,2,0,2,/f/forest/broadleaf/00002926.jpg
1137,021.Eastern_Towhee/Eastern_Towhee_0020_22141.jpg,1,2,0,2,/b/bamboo_forest/00003542.jpg
5216,090.Red_breasted_Merganser/Red_Breasted_Merganser_0012_79425.jpg,1,2,0,2,/f/forest/broadleaf/00001846.jpg
8277,141.Artic_Tern/Artic_Tern_0029_142220.jpg,1,2,0,2,/b/bamboo_forest/00002290.jpg
3519,061.Heermann_Gull/Heermann_Gull_0075_45295.jpg,1,2,0,2,/b/bamboo_forest/00003711.jpg
2984,052.Pied_billed_Grebe/Pied_Billed_Grebe_0049_35980.jpg,1,2,0,2,/f/forest/broadleaf/00003548.jpg
1255,023.Brandt_Cormorant/Brandt_Cormorant_0040_23144.jpg,1,2,0,2,/f/forest/broadleaf/00000451.jpg
1376,025.Pelagic_Cormorant/Pelagic_Cormorant_0049_23714.jpg,1,2,0,2,/b/bamboo_forest/00003595.jpg
4987,086.Pacific_Loon/Pacific_Loon_0062_75587.jpg,1,2,0,2,/f/forest/broadleaf/00003668.jpg
1315,024.Red_faced_Cormorant/Red_Faced_Cormorant_0025_796306.jpg,1,2,0,2,/f/forest/broadleaf/00001409.jpg
3005,052.Pied_billed_Grebe/Pied_Billed_Grebe_0073_35553.jpg,1,2,0,2,/f/forest/broadleaf/00002409.jpg
2592,046.Gadwall/Gadwall_0019_30984.jpg,1,2,0,2,/b/bamboo_forest/00002364.jpg
3490,061.Heermann_Gull/Heermann_Gull_0109_45619.jpg,1,2,0,2,/f/forest/broadleaf/00001914.jpg
5074,087.Mallard/Mallard_0087_77499.jpg,1,2,0,2,/b/bamboo_forest/00003521.jpg
8262,141.Artic_Tern/Artic_Tern_0083_141579.jpg,1,2,0,2,/f/forest/broadleaf/00001711.jpg
3496,061.Heermann_Gull/Heermann_Gull_0087_45658.jpg,1,2,0,2,/f/forest/broadleaf/00001823.jpg
5240,090.Red_breasted_Merganser/Red_Breasted_Merganser_0004_79232.jpg,1,2,0,2,/f/forest/broadleaf/00002442.jpg
5219,090.Red_breasted_Merganser/Red_Breasted_Merganser_0077_79180.jpg,1,2,0,2,/b/bamboo_forest/00003300.jpg
1297,024.Red_faced_Cormorant/Red_Faced_Cormorant_0069_796274.jpg,1,2,0,2,/f/forest/broadleaf/00001697.jpg
3359,058.Pigeon_Guillemot/Pigeon_Guillemot_0087_39897.jpg,1,2,0,2,/f/forest/broadleaf/00001921.jpg
3446,060.Glaucous_winged_Gull/Glaucous_Winged_Gull_0066_44669.jpg,1,2,0,2,/b/bamboo_forest/00002029.jpg
8563,146.Forsters_Tern/Forsters_Tern_0087_151226.jpg,1,2,0,2,/f/forest/broadleaf/00003361.jpg
2831,050.Eared_Grebe/Eared_Grebe_0065_34049.jpg,1,2,0,2,/f/forest/broadleaf/00002628.jpg
71,002.Laysan_Albatross/Laysan_Albatross_0023_1059.jpg,1,2,0,2,/b/bamboo_forest/00001964.jpg
3015,053.Western_Grebe/Western_Grebe_0102_36116.jpg,1,2,0,2,/f/forest/broadleaf/00001040.jpg
3593,062.Herring_Gull/Herring_Gull_0076_47497.jpg,1,2,0,2,/f/forest/broadleaf/00000697.jpg
5868,101.White_Pelican/White_Pelican_0048_95764.jpg,1,2,0,2,/f/forest/broadleaf/00002340.jpg
25,001.Black_footed_Albatross/Black_Footed_Albatross_0008_796083.jpg,1,2,0,2,/b/bamboo_forest/00004347.jpg
8565,146.Forsters_Tern/Forsters_Tern_0029_151228.jpg,1,2,0,2,/b/bamboo_forest/00002066.jpg
5809,100.Brown_Pelican/Brown_Pelican_0009_94256.jpg,1,2,0,2,/f/forest/broadleaf/00003575.jpg
93,002.Laysan_Albatross/Laysan_Albatross_0028_643.jpg,1,2,0,2,/f/forest/broadleaf/00000584.jpg
1128,021.Eastern_Towhee/Eastern_Towhee_0086_22611.jpg,1,2,0,2,/f/forest/broadleaf/00002381.jpg
3531,061.Heermann_Gull/Heermann_Gull_0055_45901.jpg,1,2,0,2,/f/forest/broadleaf/00002412.jpg
373,007.Parakeet_Auklet/Parakeet_Auklet_0070_795998.jpg,1,2,0,2,/f/forest/broadleaf/00001598.jpg
2473,044.Frigatebird/Frigatebird_0069_43541.jpg,1,2,0,2,/f/forest/broadleaf/00001132.jpg
3327,058.Pigeon_Guillemot/Pigeon_Guillemot_0040_40270.jpg,1,2,0,2,/b/bamboo_forest/00000911.jpg
1249,023.Brandt_Cormorant/Brandt_Cormorant_0079_22874.jpg,1,2,0,2,/b/bamboo_forest/00003808.jpg
48,001.Black_footed_Albatross/Black_Footed_Albatross_0078_796126.jpg,1,2,0,2,/f/forest/broadleaf/00000613.jpg
3025,053.Western_Grebe/Western_Grebe_0089_36154.jpg,1,2,0,2,/b/bamboo_forest/00001016.jpg
5107,088.Western_Meadowlark/Western_Meadowlark_0096_77901.jpg,1,2,0,2,/b/bamboo_forest/00004666.jpg
108,002.Laysan_Albatross/Laysan_Albatross_0093_725.jpg,1,2,0,2,/f/forest/broadleaf/00004660.jpg
8578,146.Forsters_Tern/Forsters_Tern_0099_152529.jpg,1,2,0,2,/b/bamboo_forest/00004948.jpg
3001,052.Pied_billed_Grebe/Pied_Billed_Grebe_0091_35276.jpg,1,2,0,2,/f/forest/broadleaf/00004282.jpg
8552,146.Forsters_Tern/Forsters_Tern_0082_151937.jpg,1,2,0,2,/f/forest/broadleaf/00002598.jpg
8387,143.Caspian_Tern/Caspian_Tern_0048_145672.jpg,1,2,0,2,/f/forest/broadleaf/00002402.jpg
1234,023.Brandt_Cormorant/Brandt_Cormorant_0019_23058.jpg,1,2,0,2,/b/bamboo_forest/00000887.jpg
3513,061.Heermann_Gull/Heermann_Gull_0138_45269.jpg,1,2,0,2,/f/forest/broadleaf/00002467.jpg
3319,058.Pigeon_Guillemot/Pigeon_Guillemot_0108_40235.jpg,1,2,0,2,/b/bamboo_forest/00002138.jpg
8528,146.Forsters_Tern/Forsters_Tern_0057_151570.jpg,1,2,0,2,/b/bamboo_forest/00001687.jpg
5867,101.White_Pelican/White_Pelican_0066_95495.jpg,1,2,0,2,/b/bamboo_forest/00000355.jpg
4135,071.Long_tailed_Jaeger/Long_Tailed_Jaeger_0024_60915.jpg,1,2,0,2,/b/bamboo_forest/00000941.jpg
5873,101.White_Pelican/White_Pelican_0086_95538.jpg,1,2,0,2,/f/forest/broadleaf/00001939.jpg
70,002.Laysan_Albatross/Laysan_Albatross_0001_545.jpg,1,2,0,2,/b/bamboo_forest/00004329.jpg
5183,089.Hooded_Merganser/Hooded_Merganser_0087_78972.jpg,1,2,0,2,/f/forest/broadleaf/00003257.jpg
5098,088.Western_Meadowlark/Western_Meadowlark_0086_78636.jpg,1,2,0,2,/f/forest/broadleaf/00004127.jpg
8611,147.Least_Tern/Least_Tern_0024_153317.jpg,1,2,0,2,/b/bamboo_forest/00004970.jpg
8432,144.Common_Tern/Common_Tern_0097_148874.jpg,1,2,0,2,/b/bamboo_forest/00003209.jpg
3548,062.Herring_Gull/Herring_Gull_0037_48655.jpg,1,2,0,2,/f/forest/broadleaf/00004134.jpg
4189,072.Pomarine_Jaeger/Pomarine_Jaeger_0069_61381.jpg,1,2,0,2,/b/bamboo_forest/00003299.jpg
95,002.Laysan_Albatross/Laysan_Albatross_0075_668.jpg,1,2,0,2,/b/bamboo_forest/00004008.jpg
5013,086.Pacific_Loon/Pacific_Loon_0059_75706.jpg,1,2,0,2,/f/forest/broadleaf/00003275.jpg
2599,046.Gadwall/Gadwall_0040_31788.jpg,1,2,0,2,/b/bamboo_forest/00000560.jpg
170,003.Sooty_Albatross/Sooty_Albatross_0066_796382.jpg,1,2,0,2,/f/forest/broadleaf/00000473.jpg
3696,064.Ring_billed_Gull/Ring_Billed_Gull_0115_51891.jpg,1,2,0,2,/b/bamboo_forest/00000245.jpg
5220,090.Red_breasted_Merganser/Red_Breasted_Merganser_0042_79202.jpg,1,2,0,2,/b/bamboo_forest/00000132.jpg
2489,044.Frigatebird/Frigatebird_0050_43084.jpg,1,2,0,2,/f/forest/broadleaf/00001802.jpg
2900,051.Horned_Grebe/Horned_Grebe_0071_35078.jpg,1,2,0,2,/f/forest/broadleaf/00001332.jpg
4980,086.Pacific_Loon/Pacific_Loon_0004_75815.jpg,1,2,0,2,/b/bamboo_forest/00003537.jpg
5124,088.Western_Meadowlark/Western_Meadowlark_0101_78899.jpg,1,2,0,2,/f/forest/broadleaf/00004801.jpg
3022,053.Western_Grebe/Western_Grebe_0048_36399.jpg,1,2,0,2,/f/forest/broadleaf/00002266.jpg
3414,059.California_Gull/California_Gull_0030_41354.jpg,1,2,0,2,/b/bamboo_forest/00000796.jpg
3469,060.Glaucous_winged_Gull/Glaucous_Winged_Gull_0117_44298.jpg,1,2,0,2,/f/forest/broadleaf/00001209.jpg
2875,050.Eared_Grebe/Eared_Grebe_0082_34227.jpg,1,2,0,2,/b/bamboo_forest/00004982.jpg
3378,059.California_Gull/California_Gull_0078_41550.jpg,1,2,0,2,/b/bamboo_forest/00001530.jpg
8426,144.Common_Tern/Common_Tern_0009_149609.jpg,1,2,0,2,/f/forest/broadleaf/00004427.jpg
2520,044.Frigatebird/Frigatebird_0052_43411.jpg,1,2,0,2,/f/forest/broadleaf/00000312.jpg
5853,100.Brown_Pelican/Brown_Pelican_0012_94079.jpg,1,2,0,2,/f/forest/broadleaf/00001527.jpg
312,006.Least_Auklet/Least_Auklet_0023_1898.jpg,1,2,0,2,/f/forest/broadleaf/00002970.jpg
6162,106.Horned_Puffin/Horned_Puffin_0048_100916.jpg,1,2,0,2,/b/bamboo_forest/00000594.jpg
8628,147.Least_Tern/Least_Tern_0104_152950.jpg,1,2,0,2,/f/forest/broadleaf/00003973.jpg
3666,063.Ivory_Gull/Ivory_Gull_0064_49406.jpg,1,2,0,2,/f/forest/broadleaf/00000166.jpg
389,008.Rhinoceros_Auklet/Rhinoceros_Auklet_0025_797508.jpg,1,2,0,2,/f/forest/broadleaf/00004422.jpg
4104,071.Long_tailed_Jaeger/Long_Tailed_Jaeger_0059_797079.jpg,1,2,0,2,/f/forest/broadleaf/00000196.jpg
329,007.Parakeet_Auklet/Parakeet_Auklet_0072_795929.jpg,1,2,0,2,/f/forest/broadleaf/00001947.jpg
3465,060.Glaucous_winged_Gull/Glaucous_Winged_Gull_0084_44775.jpg,1,2,0,2,/b/bamboo_forest/00002414.jpg
3472,060.Glaucous_winged_Gull/Glaucous_Winged_Gull_0090_44836.jpg,1,2,0,2,/b/bamboo_forest/00004206.jpg
12,001.Black_footed_Albatross/Black_Footed_Albatross_0086_796062.jpg,1,2,0,2,/b/bamboo_forest/00004827.jpg
5090,088.Western_Meadowlark/Western_Meadowlark_0034_78869.jpg,1,2,0,2,/b/bamboo_forest/00001690.jpg
6198,106.Horned_Puffin/Horned_Puffin_0010_100771.jpg,1,2,0,2,/f/forest/broadleaf/00002581.jpg
29,001.Black_footed_Albatross/Black_Footed_Albatross_0026_796095.jpg,1,2,0,2,/f/forest/broadleaf/00002167.jpg
1235,023.Brandt_Cormorant/Brandt_Cormorant_0092_23061.jpg,1,2,0,2,/f/forest/broadleaf/00004092.jpg
5854,100.Brown_Pelican/Brown_Pelican_0081_94085.jpg,1,2,0,2,/b/bamboo_forest/00002311.jpg
34,001.Black_footed_Albatross/Black_Footed_Albatross_0076_417.jpg,1,2,0,2,/b/bamboo_forest/00000452.jpg
2496,044.Frigatebird/Frigatebird_0062_43193.jpg,1,2,0,2,/f/forest/broadleaf/00001864.jpg
1269,023.Brandt_Cormorant/Brandt_Cormorant_0091_22825.jpg,1,2,0,2,/b/bamboo_forest/00004714.jpg
2619,046.Gadwall/Gadwall_0085_31171.jpg,1,2,0,2,/f/forest/broadleaf/00003417.jpg
3372,059.California_Gull/California_Gull_0102_40986.jpg,1,2,0,2,/b/bamboo_forest/00001717.jpg
2559,045.Northern_Fulmar/Northern_Fulmar_0096_43654.jpg,1,2,0,2,/f/forest/broadleaf/00003545.jpg
2959,052.Pied_billed_Grebe/Pied_Billed_Grebe_0071_35386.jpg,1,2,0,2,/f/forest/broadleaf/00000511.jpg
2965,052.Pied_billed_Grebe/Pied_Billed_Grebe_0106_35418.jpg,1,2,0,2,/b/bamboo_forest/00002807.jpg
5062,087.Mallard/Mallard_0070_77588.jpg,1,2,0,2,/b/bamboo_forest/00002905.jpg
1316,024.Red_faced_Cormorant/Red_Faced_Cormorant_0015_796307.jpg,1,2,0,2,/b/bamboo_forest/00002638.jpg
1321,024.Red_faced_Cormorant/Red_Faced_Cormorant_0058_796315.jpg,1,2,0,2,/b/bamboo_forest/00002110.jpg
3664,063.Ivory_Gull/Ivory_Gull_0071_49402.jpg,1,2,0,2,/b/bamboo_forest/00003618.jpg
5156,089.Hooded_Merganser/Hooded_Merganser_0007_79157.jpg,1,2,0,2,/f/forest/broadleaf/00004581.jpg
2957,052.Pied_billed_Grebe/Pied_Billed_Grebe_0013_35882.jpg,1,2,0,2,/b/bamboo_forest/00003524.jpg
5247,090.Red_breasted_Merganser/Red_Breasted_Merganser_0027_79284.jpg,1,2,0,2,/b/bamboo_forest/00000721.jpg
3511,061.Heermann_Gull/Heermann_Gull_0013_45771.jpg,1,2,0,2,/f/forest/broadleaf/00002129.jpg
94,002.Laysan_Albatross/Laysan_Albatross_0033_658.jpg,1,2,0,2,/b/bamboo_forest/00000215.jpg
8493,145.Elegant_Tern/Elegant_Tern_0042_150851.jpg,1,2,0,2,/b/bamboo_forest/00000428.jpg
5820,100.Brown_Pelican/Brown_Pelican_0087_94358.jpg,1,2,0,2,/b/bamboo_forest/00000178.jpg
3673,064.Ring_billed_Gull/Ring_Billed_Gull_0045_50215.jpg,1,2,0,2,/b/bamboo_forest/00002927.jpg
4177,072.Pomarine_Jaeger/Pomarine_Jaeger_0049_795795.jpg,1,2,0,2,/f/forest/broadleaf/00004985.jpg
3699,064.Ring_billed_Gull/Ring_Billed_Gull_0083_51407.jpg,1,2,0,2,/f/forest/broadleaf/00003426.jpg
3480,060.Glaucous_winged_Gull/Glaucous_Winged_Gull_0013_44381.jpg,1,2,0,2,/f/forest/broadleaf/00003327.jpg
3541,061.Heermann_Gull/Heermann_Gull_0110_45968.jpg,1,2,0,2,/f/forest/broadleaf/00004425.jpg
5077,087.Mallard/Mallard_0006_77171.jpg,1,2,0,2,/b/bamboo_forest/00001168.jpg
8509,145.Elegant_Tern/Elegant_Tern_0044_150946.jpg,1,2,0,2,/f/forest/broadleaf/00004602.jpg
2557,045.Northern_Fulmar/Northern_Fulmar_0049_43906.jpg,1,2,0,2,/f/forest/broadleaf/00002133.jpg
311,006.Least_Auklet/Least_Auklet_0004_795112.jpg,1,2,0,2,/b/bamboo_forest/00000177.jpg
144,003.Sooty_Albatross/Sooty_Albatross_0005_796342.jpg,1,2,0,2,/b/bamboo_forest/00003333.jpg
1341,024.Red_faced_Cormorant/Red_Faced_Cormorant_0010_23421.jpg,1,2,0,2,/b/bamboo_forest/00004868.jpg
8639,147.Least_Tern/Least_Tern_0040_153039.jpg,1,2,0,2,/f/forest/broadleaf/00004465.jpg
255,005.Crested_Auklet/Crested_Auklet_0021_794938.jpg,1,2,0,2,/b/bamboo_forest/00004043.jpg
8249,141.Artic_Tern/Artic_Tern_0023_140898.jpg,1,2,0,2,/b/bamboo_forest/00002888.jpg
4151,072.Pomarine_Jaeger/Pomarine_Jaeger_0045_795750.jpg,1,2,0,2,/f/forest/broadleaf/00003454.jpg
4098,071.Long_tailed_Jaeger/Long_Tailed_Jaeger_0023_797072.jpg,1,2,0,2,/f/forest/broadleaf/00003183.jpg
3836,066.Western_Gull/Western_Gull_0049_53748.jpg,1,2,0,2,/b/bamboo_forest/00002814.jpg
3522,061.Heermann_Gull/Heermann_Gull_0090_45834.jpg,1,2,0,2,/b/bamboo_forest/00002554.jpg
1304,024.Red_faced_Cormorant/Red_Faced_Cormorant_0063_796284.jpg,1,2,0,2,/f/forest/broadleaf/00002134.jpg
8478,145.Elegant_Tern/Elegant_Tern_0089_150854.jpg,1,2,0,2,/f/forest/broadleaf/00002423.jpg
8353,143.Caspian_Tern/Caspian_Tern_0099_145939.jpg,1,2,0,2,/f/forest/broadleaf/00001177.jpg
1391,025.Pelagic_Cormorant/Pelagic_Cormorant_0025_23776.jpg,1,2,0,2,/b/bamboo_forest/00004571.jpg
1364,025.Pelagic_Cormorant/Pelagic_Cormorant_0092_23639.jpg,1,2,0,2,/b/bamboo_forest/00002211.jpg
1267,023.Brandt_Cormorant/Brandt_Cormorant_0007_22934.jpg,1,2,0,2,/b/bamboo_forest/00001483.jpg
3830,066.Western_Gull/Western_Gull_0045_54735.jpg,1,2,0,2,/b/bamboo_forest/00000392.jpg
63,002.Laysan_Albatross/Laysan_Albatross_0082_524.jpg,1,2,0,2,/f/forest/broadleaf/00001971.jpg
8397,143.Caspian_Tern/Caspian_Tern_0026_145125.jpg,1,2,0,2,/f/forest/broadleaf/00002707.jpg
162,003.Sooty_Albatross/Sooty_Albatross_0004_796366.jpg,1,2,0,2,/f/forest/broadleaf/00000093.jpg
3061,053.Western_Grebe/Western_Grebe_0071_36536.jpg,1,2,0,2,/f/forest/broadleaf/00000043.jpg
8524,146.Forsters_Tern/Forsters_Tern_0012_151558.jpg,1,2,0,2,/f/forest/broadleaf/00001733.jpg
5104,088.Western_Meadowlark/Western_Meadowlark_0121_78402.jpg,1,2,0,2,/f/forest/broadleaf/00004117.jpg
5101,088.Western_Meadowlark/Western_Meadowlark_0018_77880.jpg,1,2,0,2,/f/forest/broadleaf/00004033.jpg
118,002.Laysan_Albatross/Laysan_Albatross_0103_504.jpg,1,2,0,2,/f/forest/broadleaf/00000438.jpg
1301,024.Red_faced_Cormorant/Red_Faced_Cormorant_0013_796278.jpg,1,2,0,2,/f/forest/broadleaf/00001231.jpg
5182,089.Hooded_Merganser/Hooded_Merganser_0047_78962.jpg,1,2,0,2,/f/forest/broadleaf/00001481.jpg
4099,071.Long_tailed_Jaeger/Long_Tailed_Jaeger_0063_797073.jpg,1,2,0,2,/b/bamboo_forest/00004229.jpg
3536,061.Heermann_Gull/Heermann_Gull_0133_45415.jpg,1,2,0,2,/f/forest/broadleaf/00000307.jpg
3624,063.Ivory_Gull/Ivory_Gull_0086_49532.jpg,1,2,0,2,/b/bamboo_forest/00002511.jpg
3491,061.Heermann_Gull/Heermann_Gull_0051_45622.jpg,1,2,0,2,/b/bamboo_forest/00000715.jpg
3686,064.Ring_billed_Gull/Ring_Billed_Gull_0107_51306.jpg,1,2,0,2,/b/bamboo_forest/00000980.jpg
5915,102.Western_Wood_Pewee/Western_Wood_Pewee_0052_98006.jpg,1,2,0,2,/b/bamboo_forest/00001688.jpg
5178,089.Hooded_Merganser/Hooded_Merganser_0002_796781.jpg,1,2,0,2,/f/forest/broadleaf/00004342.jpg
3652,063.Ivory_Gull/Ivory_Gull_0094_49347.jpg,1,2,0,2,/b/bamboo_forest/00002653.jpg
4121,071.Long_tailed_Jaeger/Long_Tailed_Jaeger_0026_797098.jpg,1,2,0,2,/f/forest/broadleaf/00002039.jpg
1131,021.Eastern_Towhee/Eastern_Towhee_0053_22623.jpg,1,2,0,2,/b/bamboo_forest/00003051.jpg
3806,066.Western_Gull/Western_Gull_0116_54037.jpg,1,2,0,2,/b/bamboo_forest/00000845.jpg
6165,106.Horned_Puffin/Horned_Puffin_0077_100671.jpg,1,2,0,2,/b/bamboo_forest/00002681.jpg
39,001.Black_footed_Albatross/Black_Footed_Albatross_0001_796111.jpg,1,2,0,2,/b/bamboo_forest/00003843.jpg
3683,064.Ring_billed_Gull/Ring_Billed_Gull_0021_51300.jpg,1,2,0,2,/b/bamboo_forest/00001705.jpg
3793,066.Western_Gull/Western_Gull_0050_54425.jpg,1,2,0,2,/b/bamboo_forest/00001163.jpg
3643,063.Ivory_Gull/Ivory_Gull_0073_49287.jpg,1,2,0,2,/f/forest/broadleaf/00003896.jpg
304,006.Least_Auklet/Least_Auklet_0028_795094.jpg,1,2,0,2,/f/forest/broadleaf/00002090.jpg
8285,142.Black_Tern/Black_Tern_0006_144646.jpg,1,2,0,2,/b/bamboo_forest/00000030.jpg
251,005.Crested_Auklet/Crested_Auklet_0011_794927.jpg,1,2,0,2,/b/bamboo_forest/00004780.jpg
3006,052.Pied_billed_Grebe/Pied_Billed_Grebe_0062_35955.jpg,1,2,0,2,/f/forest/broadleaf/00001140.jpg
5102,088.Western_Meadowlark/Western_Meadowlark_0115_77882.jpg,1,2,0,2,/b/bamboo_forest/00001995.jpg
3391,059.California_Gull/California_Gull_0101_41140.jpg,1,2,0,2,/f/forest/broadleaf/00002348.jpg
2624,046.Gadwall/Gadwall_0068_30886.jpg,1,2,0,2,/f/forest/broadleaf/00003722.jpg
1117,021.Eastern_Towhee/Eastern_Towhee_0018_22546.jpg,1,2,0,2,/b/bamboo_forest/00004699.jpg
8594,147.Least_Tern/Least_Tern_0116_153715.jpg,1,2,0,2,/f/forest/broadleaf/00004999.jpg
8627,147.Least_Tern/Least_Tern_0100_153461.jpg,1,2,0,2,/f/forest/broadleaf/00003935.jpg
410,008.Rhinoceros_Auklet/Rhinoceros_Auklet_0001_797538.jpg,1,2,0,2,/b/bamboo_forest/00003977.jpg
420,008.Rhinoceros_Auklet/Rhinoceros_Auklet_0035_2166.jpg,1,2,0,2,/f/forest/broadleaf/00000770.jpg
3615,063.Ivory_Gull/Ivory_Gull_0088_49177.jpg,1,2,0,2,/b/bamboo_forest/00000998.jpg
3828,066.Western_Gull/Western_Gull_0043_54706.jpg,1,2,0,2,/f/forest/broadleaf/00004887.jpg
4106,071.Long_tailed_Jaeger/Long_Tailed_Jaeger_0003_61082.jpg,1,2,0,2,/f/forest/broadleaf/00001386.jpg
3576,062.Herring_Gull/Herring_Gull_0087_47841.jpg,1,2,0,2,/f/forest/broadleaf/00001370.jpg
3636,063.Ivory_Gull/Ivory_Gull_0050_49245.jpg,1,2,0,2,/b/bamboo_forest/00001516.jpg
5027,087.Mallard/Mallard_0016_76315.jpg,1,2,0,2,/f/forest/broadleaf/00001104.jpg
147,003.Sooty_Albatross/Sooty_Albatross_0046_1211.jpg,1,2,0,2,/b/bamboo_forest/00004475.jpg
3827,066.Western_Gull/Western_Gull_0087_54193.jpg,1,2,0,2,/f/forest/broadleaf/00001735.jpg
1352,025.Pelagic_Cormorant/Pelagic_Cormorant_0036_23503.jpg,1,2,0,2,/b/bamboo_forest/00003501.jpg
150,003.Sooty_Albatross/Sooty_Albatross_0050_796351.jpg,1,2,0,2,/f/forest/broadleaf/00000499.jpg
6193,106.Horned_Puffin/Horned_Puffin_0051_101048.jpg,1,2,0,2,/f/forest/broadleaf/00000815.jpg
5889,101.White_Pelican/White_Pelican_0046_96888.jpg,1,2,0,2,/f/forest/broadleaf/00003476.jpg
2915,051.Horned_Grebe/Horned_Grebe_0009_34952.jpg,1,2,0,2,/b/bamboo_forest/00002794.jpg
3656,063.Ivory_Gull/Ivory_Gull_0007_49364.jpg,1,2,0,2,/f/forest/broadleaf/00003108.jpg
5971,102.Western_Wood_Pewee/Western_Wood_Pewee_0056_98026.jpg,1,2,0,2,/f/forest/broadleaf/00001648.jpg
8504,145.Elegant_Tern/Elegant_Tern_0006_150963.jpg,1,2,0,2,/f/forest/broadleaf/00004159.jpg
8463,144.Common_Tern/Common_Tern_0012_148477.jpg,1,2,0,2,/b/bamboo_forest/00002771.jpg
6187,106.Horned_Puffin/Horned_Puffin_0038_100635.jpg,1,2,0,2,/f/forest/broadleaf/00002787.jpg
3537,061.Heermann_Gull/Heermann_Gull_0136_45416.jpg,1,2,0,2,/b/bamboo_forest/00003724.jpg
8327,142.Black_Tern/Black_Tern_0065_144076.jpg,1,2,0,2,/b/bamboo_forest/00000495.jpg
412,008.Rhinoceros_Auklet/Rhinoceros_Auklet_0004_797541.jpg,1,2,0,2,/b/bamboo_forest/00001329.jpg
5105,088.Western_Meadowlark/Western_Meadowlark_0022_78410.jpg,1,2,0,2,/f/forest/broadleaf/00004003.jpg
3400,059.California_Gull/California_Gull_0010_40735.jpg,1,2,0,2,/b/bamboo_forest/00004811.jpg
5195,089.Hooded_Merganser/Hooded_Merganser_0094_796786.jpg,1,2,0,2,/f/forest/broadleaf/00001975.jpg
3475,060.Glaucous_winged_Gull/Glaucous_Winged_Gull_0111_44856.jpg,1,2,0,2,/f/forest/broadleaf/00004366.jpg
5190,089.Hooded_Merganser/Hooded_Merganser_0062_78998.jpg,1,2,0,2,/b/bamboo_forest/00004240.jpg
372,007.Parakeet_Auklet/Parakeet_Auklet_0010_795995.jpg,1,2,0,2,/b/bamboo_forest/00000904.jpg
2549,045.Northern_Fulmar/Northern_Fulmar_0090_43867.jpg,1,2,0,2,/f/forest/broadleaf/00002871.jpg
2588,045.Northern_Fulmar/Northern_Fulmar_0011_43769.jpg,1,2,0,2,/b/bamboo_forest/00003346.jpg
2836,050.Eared_Grebe/Eared_Grebe_0085_34063.jpg,1,2,0,2,/b/bamboo_forest/00002962.jpg
3505,061.Heermann_Gull/Heermann_Gull_0071_45735.jpg,1,2,0,2,/b/bamboo_forest/00000262.jpg
2892,051.Horned_Grebe/Horned_Grebe_0050_34561.jpg,1,2,0,2,/b/bamboo_forest/00002918.jpg
3719,064.Ring_billed_Gull/Ring_Billed_Gull_0132_51552.jpg,1,2,0,2,/f/forest/broadleaf/00002140.jpg
8396,143.Caspian_Tern/Caspian_Tern_0054_145890.jpg,1,2,0,2,/f/forest/broadleaf/00000431.jpg
8284,142.Black_Tern/Black_Tern_0017_143876.jpg,1,2,0,2,/f/forest/broadleaf/00004933.jpg
382,008.Rhinoceros_Auklet/Rhinoceros_Auklet_0027_797496.jpg,1,2,0,2,/b/bamboo_forest/00000205.jpg
4891,084.Red_legged_Kittiwake/Red_Legged_Kittiwake_0009_795459.jpg,1,2,0,2,/b/bamboo_forest/00000706.jpg
5923,102.Western_Wood_Pewee/Western_Wood_Pewee_0009_98115.jpg,1,2,0,2,/f/forest/broadleaf/00001812.jpg
3744,065.Slaty_backed_Gull/Slaty_Backed_Gull_0079_796020.jpg,1,2,0,2,/f/forest/broadleaf/00000128.jpg
3685,064.Ring_billed_Gull/Ring_Billed_Gull_0093_51303.jpg,1,2,0,2,/f/forest/broadleaf/00001115.jpg
360,007.Parakeet_Auklet/Parakeet_Auklet_0040_795974.jpg,1,2,0,2,/b/bamboo_forest/00000188.jpg
1295,024.Red_faced_Cormorant/Red_Faced_Cormorant_0003_796270.jpg,1,2,0,2,/f/forest/broadleaf/00000755.jpg
5209,090.Red_breasted_Merganser/Red_Breasted_Merganser_0043_79295.jpg,1,2,0,2,/b/bamboo_forest/00003622.jpg
5926,102.Western_Wood_Pewee/Western_Wood_Pewee_0042_98126.jpg,1,2,0,2,/f/forest/broadleaf/00001357.jpg
2848,050.Eared_Grebe/Eared_Grebe_0075_34115.jpg,1,2,0,2,/f/forest/broadleaf/00001484.jpg
4186,072.Pomarine_Jaeger/Pomarine_Jaeger_0002_61361.jpg,1,2,0,2,/f/forest/broadleaf/00003241.jpg
2917,051.Horned_Grebe/Horned_Grebe_0096_34452.jpg,1,2,0,2,/f/forest/broadleaf/00002635.jpg
3331,058.Pigeon_Guillemot/Pigeon_Guillemot_0038_40035.jpg,1,2,0,2,/b/bamboo_forest/00003851.jpg
4152,072.Pomarine_Jaeger/Pomarine_Jaeger_0080_795751.jpg,1,2,0,2,/b/bamboo_forest/00002374.jpg
8243,141.Artic_Tern/Artic_Tern_0127_142440.jpg,1,2,0,2,/f/forest/broadleaf/00004285.jpg
1237,023.Brandt_Cormorant/Brandt_Cormorant_0002_23072.jpg,1,2,0,2,/f/forest/broadleaf/00003791.jpg
3454,060.Glaucous_winged_Gull/Glaucous_Winged_Gull_0038_44719.jpg,1,2,0,2,/f/forest/broadleaf/00001699.jpg
8558,146.Forsters_Tern/Forsters_Tern_0064_152047.jpg,1,2,0,2,/f/forest/broadleaf/00002383.jpg
8457,144.Common_Tern/Common_Tern_0115_149482.jpg,1,2,0,2,/b/bamboo_forest/00003665.jpg
8347,143.Caspian_Tern/Caspian_Tern_0115_145927.jpg,1,2,0,2,/f/forest/broadleaf/00004147.jpg
3659,063.Ivory_Gull/Ivory_Gull_0026_49466.jpg,1,2,0,2,/f/forest/broadleaf/00001167.jpg
5026,087.Mallard/Mallard_0131_76296.jpg,1,2,0,2,/b/bamboo_forest/00000176.jpg
3825,066.Western_Gull/Western_Gull_0099_53670.jpg,1,2,0,2,/b/bamboo_forest/00001384.jpg
5228,090.Red_breasted_Merganser/Red_Breasted_Merganser_0069_79204.jpg,1,2,0,2,/f/forest/broadleaf/00004768.jpg
5944,102.Western_Wood_Pewee/Western_Wood_Pewee_0019_795046.jpg,1,2,0,2,/b/bamboo_forest/00003098.jpg
8328,142.Black_Tern/Black_Tern_0101_144331.jpg,1,2,0,2,/b/bamboo_forest/00000152.jpg
1387,025.Pelagic_Cormorant/Pelagic_Cormorant_0074_23511.jpg,1,2,0,2,/f/forest/broadleaf/00003439.jpg
8555,146.Forsters_Tern/Forsters_Tern_0065_152206.jpg,1,2,0,2,/b/bamboo_forest/00003344.jpg
5161,089.Hooded_Merganser/Hooded_Merganser_0048_796749.jpg,1,2,0,2,/f/forest/broadleaf/00001793.jpg
5223,090.Red_breasted_Merganser/Red_Breasted_Merganser_0061_79453.jpg,1,2,0,2,/f/forest/broadleaf/00001120.jpg
3813,066.Western_Gull/Western_Gull_0133_55639.jpg,1,2,0,2,/f/forest/broadleaf/00000368.jpg
8382,143.Caspian_Tern/Caspian_Tern_0012_147632.jpg,1,2,0,2,/b/bamboo_forest/00002529.jpg
4872,084.Red_legged_Kittiwake/Red_Legged_Kittiwake_0039_795429.jpg,1,2,0,2,/f/forest/broadleaf/00002999.jpg
5859,100.Brown_Pelican/Brown_Pelican_0039_95216.jpg,1,2,0,2,/f/forest/broadleaf/00003880.jpg
3515,061.Heermann_Gull/Heermann_Gull_0033_45792.jpg,1,2,0,2,/f/forest/broadleaf/00001989.jpg
5254,090.Red_breasted_Merganser/Red_Breasted_Merganser_0064_79563.jpg,1,2,0,2,/b/bamboo_forest/00000977.jpg
5188,089.Hooded_Merganser/Hooded_Merganser_0092_78989.jpg,1,2,0,2,/b/bamboo_forest/00004941.jpg
3453,060.Glaucous_winged_Gull/Glaucous_Winged_Gull_0101_44718.jpg,1,2,0,2,/b/bamboo_forest/00004945.jpg
6174,106.Horned_Puffin/Horned_Puffin_0047_100967.jpg,1,2,0,2,/f/forest/broadleaf/00001105.jpg
5192,089.Hooded_Merganser/Hooded_Merganser_0009_79012.jpg,1,2,0,2,/b/bamboo_forest/00004514.jpg
3632,063.Ivory_Gull/Ivory_Gull_0080_49748.jpg,1,2,0,2,/b/bamboo_forest/00000574.jpg
8489,145.Elegant_Tern/Elegant_Tern_0053_150507.jpg,1,2,0,2,/b/bamboo_forest/00004747.jpg
3066,053.Western_Grebe/Western_Grebe_0087_36570.jpg,1,2,0,2,/b/bamboo_forest/00001794.jpg
19,001.Black_footed_Albatross/Black_Footed_Albatross_0042_796071.jpg,1,2,0,2,/b/bamboo_forest/00000348.jpg
330,007.Parakeet_Auklet/Parakeet_Auklet_0030_795930.jpg,1,2,0,2,/f/forest/broadleaf/00004081.jpg
3361,058.Pigeon_Guillemot/Pigeon_Guillemot_0075_40159.jpg,1,2,0,2,/f/forest/broadleaf/00001155.jpg
8235,141.Artic_Tern/Artic_Tern_0093_141880.jpg,1,2,0,2,/b/bamboo_forest/00003497.jpg
3778,066.Western_Gull/Western_Gull_0048_53776.jpg,1,2,0,2,/f/forest/broadleaf/00004123.jpg
4118,071.Long_tailed_Jaeger/Long_Tailed_Jaeger_0057_797094.jpg,1,2,0,2,/b/bamboo_forest/00001225.jpg
3418,059.California_Gull/California_Gull_0054_40871.jpg,1,2,0,2,/f/forest/broadleaf/00002316.jpg
3573,062.Herring_Gull/Herring_Gull_0080_46806.jpg,1,2,0,2,/b/bamboo_forest/00003574.jpg
3039,053.Western_Grebe/Western_Grebe_0091_36194.jpg,1,2,0,2,/f/forest/broadleaf/00000491.jpg
5103,088.Western_Meadowlark/Western_Meadowlark_0099_78176.jpg,1,2,0,2,/f/forest/broadleaf/00004616.jpg
3750,065.Slaty_backed_Gull/Slaty_Backed_Gull_0075_796027.jpg,1,2,0,2,/b/bamboo_forest/00000724.jpg
57,001.Black_footed_Albatross/Black_Footed_Albatross_0035_796140.jpg,1,2,0,2,/b/bamboo_forest/00000832.jpg
2845,050.Eared_Grebe/Eared_Grebe_0049_34100.jpg,1,2,0,2,/b/bamboo_forest/00001188.jpg
3680,064.Ring_billed_Gull/Ring_Billed_Gull_0038_51275.jpg,1,2,0,2,/f/forest/broadleaf/00001666.jpg
4102,071.Long_tailed_Jaeger/Long_Tailed_Jaeger_0036_797076.jpg,1,2,0,2,/f/forest/broadleaf/00003079.jpg
5838,100.Brown_Pelican/Brown_Pelican_0059_94504.jpg,1,2,0,2,/f/forest/broadleaf/00004454.jpg
149,003.Sooty_Albatross/Sooty_Albatross_0049_796350.jpg,1,2,0,2,/f/forest/broadleaf/00004211.jpg
5955,102.Western_Wood_Pewee/Western_Wood_Pewee_0051_98206.jpg,1,2,0,2,/f/forest/broadleaf/00004951.jpg
3708,064.Ring_billed_Gull/Ring_Billed_Gull_0016_50392.jpg,1,2,0,2,/f/forest/broadleaf/00004368.jpg
8531,146.Forsters_Tern/Forsters_Tern_0043_151332.jpg,1,2,0,2,/b/bamboo_forest/00000227.jpg
4984,086.Pacific_Loon/Pacific_Loon_0005_75829.jpg,1,2,0,2,/f/forest/broadleaf/00002114.jpg
1261,023.Brandt_Cormorant/Brandt_Cormorant_0061_22902.jpg,1,2,0,2,/f/forest/broadleaf/00001475.jpg
3417,059.California_Gull/California_Gull_0038_40865.jpg,1,2,0,2,/b/bamboo_forest/00003667.jpg
8296,142.Black_Tern/Black_Tern_0096_143917.jpg,1,2,0,2,/b/bamboo_forest/00001471.jpg
8423,144.Common_Tern/Common_Tern_0088_147941.jpg,1,2,0,2,/b/bamboo_forest/00002193.jpg
8357,143.Caspian_Tern/Caspian_Tern_0074_145964.jpg,1,2,0,2,/f/forest/broadleaf/00002432.jpg
1127,021.Eastern_Towhee/Eastern_Towhee_0095_22594.jpg,1,2,0,2,/f/forest/broadleaf/00003217.jpg
4863,084.Red_legged_Kittiwake/Red_Legged_Kittiwake_0013_795413.jpg,1,2,0,2,/f/forest/broadleaf/00004236.jpg
6145,106.Horned_Puffin/Horned_Puffin_0068_100872.jpg,1,2,0,2,/f/forest/broadleaf/00003082.jpg
85,002.Laysan_Albatross/Laysan_Albatross_0017_614.jpg,1,2,0,2,/b/bamboo_forest/00000014.jpg
8604,147.Least_Tern/Least_Tern_0028_153781.jpg,1,2,0,2,/f/forest/broadleaf/00002296.jpg
3318,058.Pigeon_Guillemot/Pigeon_Guillemot_0015_40232.jpg,1,2,0,2,/b/bamboo_forest/00002213.jpg
348,007.Parakeet_Auklet/Parakeet_Auklet_0031_795960.jpg,1,2,0,2,/b/bamboo_forest/00004726.jpg
5245,090.Red_breasted_Merganser/Red_Breasted_Merganser_0066_79275.jpg,1,2,0,2,/f/forest/broadleaf/00003195.jpg
8298,142.Black_Tern/Black_Tern_0014_143939.jpg,1,2,0,2,/f/forest/broadleaf/00004682.jpg
169,003.Sooty_Albatross/Sooty_Albatross_0067_796376.jpg,1,2,0,2,/f/forest/broadleaf/00004267.jpg
408,008.Rhinoceros_Auklet/Rhinoceros_Auklet_0045_797536.jpg,1,2,0,2,/f/forest/broadleaf/00004343.jpg
3436,060.Glaucous_winged_Gull/Glaucous_Winged_Gull_0102_44579.jpg,1,2,0,2,/f/forest/broadleaf/00004021.jpg
101,002.Laysan_Albatross/Laysan_Albatross_0012_696.jpg,1,2,0,2,/b/bamboo_forest/00000016.jpg
5150,089.Hooded_Merganser/Hooded_Merganser_0022_79153.jpg,1,2,0,2,/b/bamboo_forest/00002914.jpg
8282,141.Artic_Tern/Artic_Tern_0030_141816.jpg,1,2,0,2,/f/forest/broadleaf/00004214.jpg
2628,046.Gadwall/Gadwall_0010_31158.jpg,1,2,0,2,/f/forest/broadleaf/00000387.jpg
2575,045.Northern_Fulmar/Northern_Fulmar_0077_43730.jpg,1,2,0,2,/b/bamboo_forest/00000621.jpg
4108,071.Long_tailed_Jaeger/Long_Tailed_Jaeger_0020_61084.jpg,1,2,0,2,/b/bamboo_forest/00001092.jpg
5213,090.Red_breasted_Merganser/Red_Breasted_Merganser_0030_79411.jpg,1,2,0,2,/b/bamboo_forest/00001600.jpg
4903,084.Red_legged_Kittiwake/Red_Legged_Kittiwake_0003_795389.jpg,1,2,0,2,/b/bamboo_forest/00003861.jpg
5965,102.Western_Wood_Pewee/Western_Wood_Pewee_0013_98268.jpg,1,2,0,2,/b/bamboo_forest/00002813.jpg
171,003.Sooty_Albatross/Sooty_Albatross_0036_796387.jpg,1,2,0,2,/f/forest/broadleaf/00003156.jpg
2503,044.Frigatebird/Frigatebird_0058_43251.jpg,1,2,0,2,/f/forest/broadleaf/00001801.jpg
5805,100.Brown_Pelican/Brown_Pelican_0127_93700.jpg,1,2,0,2,/f/forest/broadleaf/00002562.jpg
5907,101.White_Pelican/White_Pelican_0072_96975.jpg,1,2,0,2,/b/bamboo_forest/00002583.jpg
3379,059.California_Gull/California_Gull_0086_41040.jpg,1,2,0,2,/b/bamboo_forest/00001027.jpg
3067,053.Western_Grebe/Western_Grebe_0049_36219.jpg,1,2,0,2,/f/forest/broadleaf/00001435.jpg
5933,102.Western_Wood_Pewee/Western_Wood_Pewee_0053_98186.jpg,1,2,0,2,/b/bamboo_forest/00003975.jpg
44,001.Black_footed_Albatross/Black_Footed_Albatross_0037_796120.jpg,1,2,0,2,/f/forest/broadleaf/00003530.jpg
1170,021.Eastern_Towhee/Eastern_Towhee_0014_22367.jpg,1,2,0,2,/b/bamboo_forest/00000143.jpg
8492,145.Elegant_Tern/Elegant_Tern_0067_151185.jpg,1,2,0,2,/f/forest/broadleaf/00004154.jpg
3796,066.Western_Gull/Western_Gull_0091_55465.jpg,1,2,0,2,/f/forest/broadleaf/00000434.jpg
8519,145.Elegant_Tern/Elegant_Tern_0082_150517.jpg,1,2,0,2,/f/forest/broadleaf/00001186.jpg
1293,024.Red_faced_Cormorant/Red_Faced_Cormorant_0021_796265.jpg,1,2,0,2,/b/bamboo_forest/00000436.jpg
82,002.Laysan_Albatross/Laysan_Albatross_0091_602.jpg,1,2,0,2,/b/bamboo_forest/00002515.jpg
5863,100.Brown_Pelican/Brown_Pelican_0074_93692.jpg,1,2,0,2,/f/forest/broadleaf/00002882.jpg
3521,061.Heermann_Gull/Heermann_Gull_0031_45822.jpg,1,2,0,2,/f/forest/broadleaf/00000138.jpg
3403,059.California_Gull/California_Gull_0117_41292.jpg,1,2,0,2,/f/forest/broadleaf/00004809.jpg
1164,021.Eastern_Towhee/Eastern_Towhee_0121_22319.jpg,1,2,0,2,/b/bamboo_forest/00002777.jpg
4192,072.Pomarine_Jaeger/Pomarine_Jaeger_0063_61406.jpg,1,2,0,2,/f/forest/broadleaf/00000165.jpg
3639,063.Ivory_Gull/Ivory_Gull_0002_49788.jpg,1,2,0,2,/b/bamboo_forest/00002016.jpg
8421,144.Common_Tern/Common_Tern_0105_149841.jpg,1,2,0,2,/b/bamboo_forest/00003255.jpg
79,002.Laysan_Albatross/Laysan_Albatross_0080_821.jpg,1,2,0,2,/b/bamboo_forest/00001609.jpg
5186,089.Hooded_Merganser/Hooded_Merganser_0018_78979.jpg,1,2,0,2,/b/bamboo_forest/00002500.jpg
8313,142.Black_Tern/Black_Tern_0107_144661.jpg,1,2,0,2,/b/bamboo_forest/00003019.jpg
5225,090.Red_breasted_Merganser/Red_Breasted_Merganser_0035_79200.jpg,1,2,0,2,/b/bamboo_forest/00002015.jpg
8618,147.Least_Tern/Least_Tern_0132_154149.jpg,1,2,0,2,/f/forest/broadleaf/00001388.jpg
2993,052.Pied_billed_Grebe/Pied_Billed_Grebe_0055_35502.jpg,1,2,0,2,/b/bamboo_forest/00003700.jpg
2981,052.Pied_billed_Grebe/Pied_Billed_Grebe_0101_35464.jpg,1,2,0,2,/b/bamboo_forest/00000729.jpg
5921,102.Western_Wood_Pewee/Western_Wood_Pewee_0024_98229.jpg,1,2,0,2,/f/forest/broadleaf/00004913.jpg
3450,060.Glaucous_winged_Gull/Glaucous_Winged_Gull_0015_44198.jpg,1,2,0,2,/b/bamboo_forest/00001058.jpg
4088,071.Long_tailed_Jaeger/Long_Tailed_Jaeger_0065_61042.jpg,1,2,0,2,/b/bamboo_forest/00003643.jpg
3386,059.California_Gull/California_Gull_0027_41083.jpg,1,2,0,2,/b/bamboo_forest/00004722.jpg
14,001.Black_footed_Albatross/Black_Footed_Albatross_0006_796065.jpg,1,2,0,2,/f/forest/broadleaf/00003334.jpg
3064,053.Western_Grebe/Western_Grebe_0042_36035.jpg,1,2,0,2,/f/forest/broadleaf/00003671.jpg
2482,044.Frigatebird/Frigatebird_0060_43054.jpg,1,2,0,2,/b/bamboo_forest/00004856.jpg
2488,044.Frigatebird/Frigatebird_0091_43066.jpg,1,2,0,2,/b/bamboo_forest/00001136.jpg
2611,046.Gadwall/Gadwall_0092_31162.jpg,1,2,0,2,/b/bamboo_forest/00000304.jpg
3321,058.Pigeon_Guillemot/Pigeon_Guillemot_0003_39986.jpg,1,2,0,2,/b/bamboo_forest/00000664.jpg
3766,065.Slaty_backed_Gull/Slaty_Backed_Gull_0036_796053.jpg,1,2,0,2,/f/forest/broadleaf/00003097.jpg
3526,061.Heermann_Gull/Heermann_Gull_0027_45864.jpg,1,2,0,2,/f/forest/broadleaf/00002959.jpg
2589,045.Northern_Fulmar/Northern_Fulmar_0018_43771.jpg,1,2,0,2,/f/forest/broadleaf/00003261.jpg
1399,025.Pelagic_Cormorant/Pelagic_Cormorant_0001_23538.jpg,1,2,0,2,/b/bamboo_forest/00001133.jpg
8443,144.Common_Tern/Common_Tern_0120_148670.jpg,1,2,0,2,/b/bamboo_forest/00001858.jpg
5199,089.Hooded_Merganser/Hooded_Merganser_0020_79046.jpg,1,2,0,2,/b/bamboo_forest/00004918.jpg
5198,089.Hooded_Merganser/Hooded_Merganser_0064_79040.jpg,1,2,0,2,/b/bamboo_forest/00003031.jpg
3641,063.Ivory_Gull/Ivory_Gull_0101_49790.jpg,1,2,0,2,/f/forest/broadleaf/00000442.jpg
8246,141.Artic_Tern/Artic_Tern_0102_141453.jpg,1,2,0,2,/b/bamboo_forest/00001038.jpg
4150,072.Pomarine_Jaeger/Pomarine_Jaeger_0033_795749.jpg,1,2,0,2,/f/forest/broadleaf/00001530.jpg
2551,045.Northern_Fulmar/Northern_Fulmar_0012_44131.jpg,1,2,0,2,/f/forest/broadleaf/00002715.jpg
4989,086.Pacific_Loon/Pacific_Loon_0045_75589.jpg,1,2,0,2,/b/bamboo_forest/00003495.jpg
3751,065.Slaty_backed_Gull/Slaty_Backed_Gull_0024_796028.jpg,1,2,0,2,/f/forest/broadleaf/00002390.jpg
3434,060.Glaucous_winged_Gull/Glaucous_Winged_Gull_0118_2081.jpg,1,2,0,2,/f/forest/broadleaf/00000651.jpg
6202,106.Horned_Puffin/Horned_Puffin_0079_100847.jpg,1,2,0,2,/b/bamboo_forest/00004760.jpg
2874,050.Eared_Grebe/Eared_Grebe_0080_34223.jpg,1,2,0,2,/b/bamboo_forest/00004288.jpg
8530,146.Forsters_Tern/Forsters_Tern_0076_151330.jpg,1,2,0,2,/f/forest/broadleaf/00003293.jpg
1392,025.Pelagic_Cormorant/Pelagic_Cormorant_0102_23778.jpg,1,2,0,2,/f/forest/broadleaf/00000320.jpg
8307,142.Black_Tern/Black_Tern_0058_143981.jpg,1,2,0,2,/b/bamboo_forest/00000499.jpg
3034,053.Western_Grebe/Western_Grebe_0090_36182.jpg,1,2,0,2,/f/forest/broadleaf/00002054.jpg
3045,053.Western_Grebe/Western_Grebe_0009_36477.jpg,1,2,0,2,/f/forest/broadleaf/00000893.jpg
155,003.Sooty_Albatross/Sooty_Albatross_0029_796357.jpg,1,2,0,2,/b/bamboo_forest/00002434.jpg
4983,086.Pacific_Loon/Pacific_Loon_0033_75571.jpg,1,2,0,2,/b/bamboo_forest/00000233.jpg
2942,051.Horned_Grebe/Horned_Grebe_0062_34523.jpg,1,2,0,2,/f/forest/broadleaf/00004467.jpg
8367,143.Caspian_Tern/Caspian_Tern_0018_146010.jpg,1,2,0,2,/b/bamboo_forest/00002538.jpg
4890,084.Red_legged_Kittiwake/Red_Legged_Kittiwake_0042_795457.jpg,1,2,0,2,/f/forest/broadleaf/00001114.jpg
8352,143.Caspian_Tern/Caspian_Tern_0079_145777.jpg,1,2,0,2,/b/bamboo_forest/00000140.jpg
28,001.Black_footed_Albatross/Black_Footed_Albatross_0005_796090.jpg,1,2,0,2,/b/bamboo_forest/00000791.jpg
5257,090.Red_breasted_Merganser/Red_Breasted_Merganser_0070_79570.jpg,1,2,0,2,/b/bamboo_forest/00001032.jpg
3771,065.Slaty_backed_Gull/Slaty_Backed_Gull_0083_786386.jpg,1,2,0,2,/b/bamboo_forest/00002992.jpg
383,008.Rhinoceros_Auklet/Rhinoceros_Auklet_0034_797497.jpg,1,2,0,2,/b/bamboo_forest/00000899.jpg
3062,053.Western_Grebe/Western_Grebe_0021_36282.jpg,1,2,0,2,/f/forest/broadleaf/00004891.jpg
3530,061.Heermann_Gull/Heermann_Gull_0046_45888.jpg,1,2,0,2,/f/forest/broadleaf/00004533.jpg
6148,106.Horned_Puffin/Horned_Puffin_0065_100625.jpg,1,2,0,2,/b/bamboo_forest/00000426.jpg
8593,147.Least_Tern/Least_Tern_0026_153702.jpg,1,2,0,2,/b/bamboo_forest/00003422.jpg
300,006.Least_Auklet/Least_Auklet_0025_795087.jpg,1,2,0,2,/f/forest/broadleaf/00004505.jpg
354,007.Parakeet_Auklet/Parakeet_Auklet_0015_795966.jpg,1,2,0,2,/f/forest/broadleaf/00003170.jpg
1283,023.Brandt_Cormorant/Brandt_Cormorant_0073_23259.jpg,1,2,0,2,/f/forest/broadleaf/00002551.jpg
10,001.Black_footed_Albatross/Black_Footed_Albatross_0025_796057.jpg,1,2,0,2,/b/bamboo_forest/00000279.jpg
3717,064.Ring_billed_Gull/Ring_Billed_Gull_0113_51525.jpg,1,2,0,2,/f/forest/broadleaf/00001095.jpg
5214,090.Red_breasted_Merganser/Red_Breasted_Merganser_0067_79167.jpg,1,2,0,2,/f/forest/broadleaf/00004969.jpg
2897,051.Horned_Grebe/Horned_Grebe_0077_34587.jpg,1,2,0,2,/b/bamboo_forest/00002244.jpg
8469,145.Elegant_Tern/Elegant_Tern_0096_151068.jpg,1,2,0,2,/b/bamboo_forest/00001284.jpg
5205,089.Hooded_Merganser/Hooded_Merganser_0072_78973.jpg,1,2,0,2,/b/bamboo_forest/00004323.jpg
8477,145.Elegant_Tern/Elegant_Tern_0058_150853.jpg,1,2,0,2,/b/bamboo_forest/00003929.jpg
139,003.Sooty_Albatross/Sooty_Albatross_0024_1161.jpg,1,2,0,2,/f/forest/broadleaf/00003832.jpg
2475,044.Frigatebird/Frigatebird_0122_43549.jpg,1,2,0,2,/f/forest/broadleaf/00000160.jpg
3722,064.Ring_billed_Gull/Ring_Billed_Gull_0029_52613.jpg,1,2,0,2,/f/forest/broadleaf/00003927.jpg
2887,050.Eared_Grebe/Eared_Grebe_0057_34274.jpg,1,2,0,2,/b/bamboo_forest/00000991.jpg
2982,052.Pied_billed_Grebe/Pied_Billed_Grebe_0067_35465.jpg,1,2,0,2,/b/bamboo_forest/00003983.jpg
3755,065.Slaty_backed_Gull/Slaty_Backed_Gull_0003_796032.jpg,1,2,0,2,/b/bamboo_forest/00001603.jpg
8253,141.Artic_Tern/Artic_Tern_0034_142022.jpg,1,2,0,2,/f/forest/broadleaf/00001722.jpg
3528,061.Heermann_Gull/Heermann_Gull_0083_45879.jpg,1,2,0,2,/b/bamboo_forest/00001046.jpg
8442,144.Common_Tern/Common_Tern_0042_147897.jpg,1,2,0,2,/b/bamboo_forest/00003591.jpg
2868,050.Eared_Grebe/Eared_Grebe_0069_34199.jpg,1,2,0,2,/f/forest/broadleaf/00000653.jpg
337,007.Parakeet_Auklet/Parakeet_Auklet_0058_795942.jpg,1,2,0,2,/b/bamboo_forest/00001108.jpg
8440,144.Common_Tern/Common_Tern_0106_149345.jpg,1,2,0,2,/f/forest/broadleaf/00001014.jpg
260,005.Crested_Auklet/Crested_Auklet_0028_794951.jpg,1,2,0,2,/b/bamboo_forest/00003010.jpg
3411,059.California_Gull/California_Gull_0123_41330.jpg,1,2,0,2,/f/forest/broadleaf/00003762.jpg
1244,023.Brandt_Cormorant/Brandt_Cormorant_0064_22849.jpg,1,2,0,2,/b/bamboo_forest/00002806.jpg
2582,045.Northern_Fulmar/Northern_Fulmar_0052_43857.jpg,1,2,0,2,/b/bamboo_forest/00003499.jpg
4119,071.Long_tailed_Jaeger/Long_Tailed_Jaeger_0051_797095.jpg,1,2,0,2,/f/forest/broadleaf/00000864.jpg
3820,066.Western_Gull/Western_Gull_0021_54649.jpg,1,2,0,2,/f/forest/broadleaf/00003360.jpg
91,002.Laysan_Albatross/Laysan_Albatross_0104_630.jpg,1,2,0,2,/f/forest/broadleaf/00001830.jpg
1272,023.Brandt_Cormorant/Brandt_Cormorant_0078_23203.jpg,1,2,0,2,/f/forest/broadleaf/00004448.jpg
8331,142.Black_Tern/Black_Tern_0100_144597.jpg,1,2,0,2,/b/bamboo_forest/00002172.jpg
5097,088.Western_Meadowlark/Western_Meadowlark_0032_78633.jpg,1,2,0,2,/f/forest/broadleaf/00002856.jpg
1142,021.Eastern_Towhee/Eastern_Towhee_0085_22674.jpg,1,2,0,2,/b/bamboo_forest/00001565.jpg
3404,059.California_Gull/California_Gull_0088_41296.jpg,1,2,0,2,/b/bamboo_forest/00001839.jpg
3390,059.California_Gull/California_Gull_0048_41121.jpg,1,2,0,2,/f/forest/broadleaf/00000183.jpg
4998,086.Pacific_Loon/Pacific_Loon_0050_75388.jpg,1,2,0,2,/b/bamboo_forest/00004897.jpg
5125,088.Western_Meadowlark/Western_Meadowlark_0103_78500.jpg,1,2,0,2,/b/bamboo_forest/00002965.jpg
1174,021.Eastern_Towhee/Eastern_Towhee_0062_22418.jpg,1,2,0,2,/f/forest/broadleaf/00000896.jpg
6161,106.Horned_Puffin/Horned_Puffin_0054_100915.jpg,1,2,0,2,/f/forest/broadleaf/00003489.jpg
3432,060.Glaucous_winged_Gull/Glaucous_Winged_Gull_0007_44575.jpg,1,2,0,2,/f/forest/broadleaf/00001596.jpg
5974,102.Western_Wood_Pewee/Western_Wood_Pewee_0001_98045.jpg,1,2,0,2,/b/bamboo_forest/00003130.jpg
8601,147.Least_Tern/Least_Tern_0014_153757.jpg,1,2,0,2,/b/bamboo_forest/00002839.jpg
5856,100.Brown_Pelican/Brown_Pelican_0019_95158.jpg,1,2,0,2,/f/forest/broadleaf/00000513.jpg
2514,044.Frigatebird/Frigatebird_0019_43348.jpg,1,2,0,2,/b/bamboo_forest/00000958.jpg
8542,146.Forsters_Tern/Forsters_Tern_0032_151384.jpg,1,2,0,2,/b/bamboo_forest/00002182.jpg
2511,044.Frigatebird/Frigatebird_0063_42812.jpg,1,2,0,2,/b/bamboo_forest/00002633.jpg
5263,090.Red_breasted_Merganser/Red_Breasted_Merganser_0056_79348.jpg,1,2,0,2,/f/forest/broadleaf/00000587.jpg
5265,090.Red_breasted_Merganser/Red_Breasted_Merganser_0045_79358.jpg,1,2,0,2,/b/bamboo_forest/00001951.jpg
6159,106.Horned_Puffin/Horned_Puffin_0027_100906.jpg,1,2,0,2,/f/forest/broadleaf/00002588.jpg
154,003.Sooty_Albatross/Sooty_Albatross_0010_796355.jpg,1,2,0,2,/b/bamboo_forest/00001901.jpg
3483,060.Glaucous_winged_Gull/Glaucous_Winged_Gull_0075_44455.jpg,1,2,0,2,/f/forest/broadleaf/00003868.jpg
3651,063.Ivory_Gull/Ivory_Gull_0032_49322.jpg,1,2,0,2,/f/forest/broadleaf/00003297.jpg
3745,065.Slaty_backed_Gull/Slaty_Backed_Gull_0022_796022.jpg,1,2,0,2,/f/forest/broadleaf/00001541.jpg
6197,106.Horned_Puffin/Horned_Puffin_0019_101063.jpg,1,2,0,2,/f/forest/broadleaf/00001508.jpg
5134,088.Western_Meadowlark/Western_Meadowlark_0064_78027.jpg,1,2,0,2,/b/bamboo_forest/00002770.jpg
8465,145.Elegant_Tern/Elegant_Tern_0080_150538.jpg,1,2,0,2,/b/bamboo_forest/00000223.jpg
5815,100.Brown_Pelican/Brown_Pelican_0095_94290.jpg,1,2,0,2,/f/forest/broadleaf/00001792.jpg
5959,102.Western_Wood_Pewee/Western_Wood_Pewee_0050_98241.jpg,1,2,0,2,/f/forest/broadleaf/00001754.jpg
3428,060.Glaucous_winged_Gull/Glaucous_Winged_Gull_0136_45059.jpg,1,2,0,2,/b/bamboo_forest/00000864.jpg
4973,086.Pacific_Loon/Pacific_Loon_0027_75542.jpg,1,2,0,2,/f/forest/broadleaf/00004622.jpg
5865,101.White_Pelican/White_Pelican_0077_97025.jpg,1,2,0,2,/f/forest/broadleaf/00001738.jpg
8238,141.Artic_Tern/Artic_Tern_0129_141395.jpg,1,2,0,2,/b/bamboo_forest/00001803.jpg
1144,021.Eastern_Towhee/Eastern_Towhee_0098_22676.jpg,1,2,0,2,/b/bamboo_forest/00003292.jpg
6163,106.Horned_Puffin/Horned_Puffin_0075_100664.jpg,1,2,0,2,/b/bamboo_forest/00001570.jpg
5141,088.Western_Meadowlark/Western_Meadowlark_0076_77811.jpg,1,2,0,2,/b/bamboo_forest/00004365.jpg
8428,144.Common_Tern/Common_Tern_0087_147945.jpg,1,2,0,2,/b/bamboo_forest/00002032.jpg
1136,021.Eastern_Towhee/Eastern_Towhee_0017_22138.jpg,1,2,0,2,/b/bamboo_forest/00004489.jpg
8444,144.Common_Tern/Common_Tern_0050_148928.jpg,1,2,0,2,/b/bamboo_forest/00002440.jpg
3350,058.Pigeon_Guillemot/Pigeon_Guillemot_0109_39872.jpg,1,2,0,2,/f/forest/broadleaf/00003461.jpg
1313,024.Red_faced_Cormorant/Red_Faced_Cormorant_0054_796301.jpg,1,2,0,2,/f/forest/broadleaf/00000639.jpg
3421,059.California_Gull/California_Gull_0087_40909.jpg,1,2,0,2,/b/bamboo_forest/00001405.jpg
2995,052.Pied_billed_Grebe/Pied_Billed_Grebe_0059_35507.jpg,1,2,0,2,/f/forest/broadleaf/00002471.jpg
343,007.Parakeet_Auklet/Parakeet_Auklet_0064_795954.jpg,1,2,0,2,/b/bamboo_forest/00002161.jpg
8348,143.Caspian_Tern/Caspian_Tern_0102_145928.jpg,1,2,0,2,/b/bamboo_forest/00003308.jpg
126,003.Sooty_Albatross/Sooty_Albatross_0003_1078.jpg,1,2,0,2,/f/forest/broadleaf/00002877.jpg
8624,147.Least_Tern/Least_Tern_0034_153963.jpg,1,2,0,2,/f/forest/broadleaf/00001461.jpg
8633,147.Least_Tern/Least_Tern_0125_153996.jpg,1,2,0,2,/f/forest/broadleaf/00000541.jpg
5179,089.Hooded_Merganser/Hooded_Merganser_0026_796782.jpg,1,2,1,3,/o/ocean/00002227.jpg
3714,064.Ring_billed_Gull/Ring_Billed_Gull_0071_52845.jpg,1,2,1,3,/o/ocean/00003269.jpg
5920,102.Western_Wood_Pewee/Western_Wood_Pewee_0061_795060.jpg,1,2,1,3,/l/lake/natural/00000333.jpg
315,006.Least_Auklet/Least_Auklet_0005_795119.jpg,1,2,1,3,/o/ocean/00004006.jpg
3514,061.Heermann_Gull/Heermann_Gull_0097_45783.jpg,1,2,1,3,/l/lake/natural/00004680.jpg
2590,046.Gadwall/Gadwall_0022_31616.jpg,1,2,1,3,/l/lake/natural/00004453.jpg
2934,051.Horned_Grebe/Horned_Grebe_0095_34491.jpg,1,2,1,3,/l/lake/natural/00002904.jpg
8535,146.Forsters_Tern/Forsters_Tern_0092_152119.jpg,1,2,1,3,/o/ocean/00000865.jpg
8631,147.Least_Tern/Least_Tern_0131_153983.jpg,1,2,1,3,/o/ocean/00000244.jpg
8451,144.Common_Tern/Common_Tern_0004_148977.jpg,1,2,1,3,/o/ocean/00001948.jpg
2583,045.Northern_Fulmar/Northern_Fulmar_0028_43752.jpg,1,2,1,3,/l/lake/natural/00000661.jpg
3749,065.Slaty_backed_Gull/Slaty_Backed_Gull_0035_796026.jpg,1,2,1,3,/l/lake/natural/00001067.jpg
8468,145.Elegant_Tern/Elegant_Tern_0030_151067.jpg,1,2,1,3,/o/ocean/00000138.jpg
1400,025.Pelagic_Cormorant/Pelagic_Cormorant_0014_23801.jpg,1,2,1,3,/l/lake/natural/00002067.jpg
3684,064.Ring_billed_Gull/Ring_Billed_Gull_0009_51301.jpg,1,2,1,3,/l/lake/natural/00004554.jpg
4101,071.Long_tailed_Jaeger/Long_Tailed_Jaeger_0047_797075.jpg,1,2,1,3,/o/ocean/00004401.jpg
2632,046.Gadwall/Gadwall_0065_31659.jpg,1,2,1,3,/l/lake/natural/00002833.jpg
4141,072.Pomarine_Jaeger/Pomarine_Jaeger_0034_61247.jpg,1,2,1,3,/l/lake/natural/00003551.jpg
1339,024.Red_faced_Cormorant/Red_Faced_Cormorant_0027_23482.jpg,1,2,1,3,/o/ocean/00003554.jpg
8529,146.Forsters_Tern/Forsters_Tern_0109_152094.jpg,1,2,1,3,/o/ocean/00002997.jpg
2847,050.Eared_Grebe/Eared_Grebe_0084_34364.jpg,1,2,1,3,/l/lake/natural/00002339.jpg
3705,064.Ring_billed_Gull/Ring_Billed_Gull_0051_51440.jpg,1,2,1,3,/l/lake/natural/00000274.jpg
2577,045.Northern_Fulmar/Northern_Fulmar_0042_43739.jpg,1,2,1,3,/o/ocean/00000034.jpg
8490,145.Elegant_Tern/Elegant_Tern_0084_150922.jpg,1,2,1,3,/l/lake/natural/00002760.jpg
3646,063.Ivory_Gull/Ivory_Gull_0018_49988.jpg,1,2,1,3,/o/ocean/00002438.jpg
5051,087.Mallard/Mallard_0107_76498.jpg,1,2,1,3,/l/lake/natural/00004426.jpg
8511,145.Elegant_Tern/Elegant_Tern_0035_150744.jpg,1,2,1,3,/o/ocean/00003469.jpg
5189,089.Hooded_Merganser/Hooded_Merganser_0025_78996.jpg,1,2,1,3,/l/lake/natural/00004303.jpg
65,002.Laysan_Albatross/Laysan_Albatross_0070_788.jpg,1,2,1,3,/o/ocean/00003115.jpg
8507,145.Elegant_Tern/Elegant_Tern_0036_150972.jpg,1,2,1,3,/o/ocean/00003166.jpg
1132,021.Eastern_Towhee/Eastern_Towhee_0134_22624.jpg,1,2,1,3,/l/lake/natural/00004091.jpg
3552,062.Herring_Gull/Herring_Gull_0083_48674.jpg,1,2,1,3,/o/ocean/00003033.jpg
2830,050.Eared_Grebe/Eared_Grebe_0036_34048.jpg,1,2,1,3,/o/ocean/00002713.jpg
6,001.Black_footed_Albatross/Black_Footed_Albatross_0085_92.jpg,1,2,1,3,/l/lake/natural/00000586.jpg
4144,072.Pomarine_Jaeger/Pomarine_Jaeger_0051_795738.jpg,1,2,1,3,/o/ocean/00003748.jpg
8619,147.Least_Tern/Least_Tern_0113_153415.jpg,1,2,1,3,/o/ocean/00002618.jpg
3329,058.Pigeon_Guillemot/Pigeon_Guillemot_0042_40281.jpg,1,2,1,3,/l/lake/natural/00004831.jpg
244,005.Crested_Auklet/Crested_Auklet_0041_794910.jpg,1,2,1,3,/l/lake/natural/00001700.jpg
8315,142.Black_Tern/Black_Tern_0048_144001.jpg,1,2,1,3,/o/ocean/00003164.jpg
4905,084.Red_legged_Kittiwake/Red_Legged_Kittiwake_0062_795434.jpg,1,2,1,3,/l/lake/natural/00002710.jpg
5029,087.Mallard/Mallard_0130_76836.jpg,1,2,1,3,/o/ocean/00001859.jpg
3582,062.Herring_Gull/Herring_Gull_0132_47395.jpg,1,2,1,3,/o/ocean/00000925.jpg
2636,046.Gadwall/Gadwall_0050_31223.jpg,1,2,1,3,/l/lake/natural/00001826.jpg
5133,088.Western_Meadowlark/Western_Meadowlark_0067_78529.jpg,1,2,1,3,/o/ocean/00004148.jpg
5877,101.White_Pelican/White_Pelican_0025_97604.jpg,1,2,1,3,/o/ocean/00003333.jpg
24,001.Black_footed_Albatross/Black_Footed_Albatross_0061_796082.jpg,1,2,1,3,/l/lake/natural/00000846.jpg
1348,025.Pelagic_Cormorant/Pelagic_Cormorant_0070_23513.jpg,1,2,1,3,/l/lake/natural/00000187.jpg
3011,053.Western_Grebe/Western_Grebe_0077_36355.jpg,1,2,1,3,/o/ocean/00003053.jpg
2532,045.Northern_Fulmar/Northern_Fulmar_0103_44062.jpg,1,2,1,3,/o/ocean/00004059.jpg
5234,090.Red_breasted_Merganser/Red_Breasted_Merganser_0051_79474.jpg,1,2,1,3,/l/lake/natural/00000080.jpg
3445,060.Glaucous_winged_Gull/Glaucous_Winged_Gull_0124_44663.jpg,1,2,1,3,/l/lake/natural/00004096.jpg
6155,106.Horned_Puffin/Horned_Puffin_0084_100637.jpg,1,2,1,3,/l/lake/natural/00000003.jpg
8554,146.Forsters_Tern/Forsters_Tern_0116_151688.jpg,1,2,1,3,/o/ocean/00001372.jpg
1271,023.Brandt_Cormorant/Brandt_Cormorant_0039_22945.jpg,1,2,1,3,/o/ocean/00003334.jpg
157,003.Sooty_Albatross/Sooty_Albatross_0020_796359.jpg,1,2,1,3,/l/lake/natural/00004759.jpg
5843,100.Brown_Pelican/Brown_Pelican_0122_94022.jpg,1,2,1,3,/o/ocean/00004246.jpg
2926,051.Horned_Grebe/Horned_Grebe_0010_34716.jpg,1,2,1,3,/o/ocean/00000017.jpg
2867,050.Eared_Grebe/Eared_Grebe_0001_34433.jpg,1,2,1,3,/o/ocean/00002963.jpg
3357,058.Pigeon_Guillemot/Pigeon_Guillemot_0037_40149.jpg,1,2,1,3,/l/lake/natural/00000534.jpg
3449,060.Glaucous_winged_Gull/Glaucous_Winged_Gull_0130_45210.jpg,1,2,1,3,/o/ocean/00002054.jpg
2968,052.Pied_billed_Grebe/Pied_Billed_Grebe_0014_35424.jpg,1,2,1,3,/l/lake/natural/00003539.jpg
3556,062.Herring_Gull/Herring_Gull_0001_48205.jpg,1,2,1,3,/o/ocean/00003864.jpg
5140,088.Western_Meadowlark/Western_Meadowlark_0091_78576.jpg,1,2,1,3,/l/lake/natural/00004123.jpg
2880,050.Eared_Grebe/Eared_Grebe_0009_34244.jpg,1,2,1,3,/l/lake/natural/00000492.jpg
352,007.Parakeet_Auklet/Parakeet_Auklet_0067_795964.jpg,1,2,1,3,/o/ocean/00004728.jpg
103,002.Laysan_Albatross/Laysan_Albatross_0037_699.jpg,1,2,1,3,/o/ocean/00002527.jpg
5924,102.Western_Wood_Pewee/Western_Wood_Pewee_0032_98121.jpg,1,2,1,3,/o/ocean/00002973.jpg
5886,101.White_Pelican/White_Pelican_0052_96865.jpg,1,2,1,3,/o/ocean/00001400.jpg
4864,084.Red_legged_Kittiwake/Red_Legged_Kittiwake_0060_795414.jpg,1,2,1,3,/l/lake/natural/00001333.jpg
2571,045.Northern_Fulmar/Northern_Fulmar_0064_43710.jpg,1,2,1,3,/o/ocean/00002075.jpg
2540,045.Northern_Fulmar/Northern_Fulmar_0053_43843.jpg,1,2,1,3,/l/lake/natural/00001316.jpg
4110,071.Long_tailed_Jaeger/Long_Tailed_Jaeger_0014_797086.jpg,1,2,1,3,/o/ocean/00004272.jpg
8539,146.Forsters_Tern/Forsters_Tern_0041_149586.jpg,1,2,1,3,/l/lake/natural/00002049.jpg
3499,061.Heermann_Gull/Heermann_Gull_0023_45686.jpg,1,2,1,3,/o/ocean/00002860.jpg
5066,087.Mallard/Mallard_0035_77095.jpg,1,2,1,3,/o/ocean/00001912.jpg
2500,044.Frigatebird/Frigatebird_0011_43213.jpg,1,2,1,3,/o/ocean/00001470.jpg
5025,086.Pacific_Loon/Pacific_Loon_0002_75775.jpg,1,2,1,3,/l/lake/natural/00004227.jpg
3732,065.Slaty_backed_Gull/Slaty_Backed_Gull_0007_53334.jpg,1,2,1,3,/l/lake/natural/00000373.jpg
2851,050.Eared_Grebe/Eared_Grebe_0042_34132.jpg,1,2,1,3,/l/lake/natural/00000347.jpg
2613,046.Gadwall/Gadwall_0009_31847.jpg,1,2,1,3,/l/lake/natural/00004905.jpg
5154,089.Hooded_Merganser/Hooded_Merganser_0037_796731.jpg,1,2,1,3,/o/ocean/00002849.jpg
2977,052.Pied_billed_Grebe/Pied_Billed_Grebe_0045_35962.jpg,1,2,1,3,/l/lake/natural/00001814.jpg
8433,144.Common_Tern/Common_Tern_0092_147779.jpg,1,2,1,3,/l/lake/natural/00003980.jpg
5197,089.Hooded_Merganser/Hooded_Merganser_0016_79079.jpg,1,2,1,3,/o/ocean/00003534.jpg
5132,088.Western_Meadowlark/Western_Meadowlark_0037_77759.jpg,1,2,1,3,/o/ocean/00004068.jpg
381,008.Rhinoceros_Auklet/Rhinoceros_Auklet_0042_2101.jpg,1,2,1,3,/l/lake/natural/00003504.jpg
2863,050.Eared_Grebe/Eared_Grebe_0043_34427.jpg,1,2,1,3,/l/lake/natural/00001545.jpg
2552,045.Northern_Fulmar/Northern_Fulmar_0056_43880.jpg,1,2,1,3,/o/ocean/00001915.jpg
3495,061.Heermann_Gull/Heermann_Gull_0111_45652.jpg,1,2,1,3,/o/ocean/00001525.jpg
3613,063.Ivory_Gull/Ivory_Gull_0010_49169.jpg,1,2,1,3,/l/lake/natural/00004122.jpg
2600,046.Gadwall/Gadwall_0007_31537.jpg,1,2,1,3,/o/ocean/00000713.jpg
3353,058.Pigeon_Guillemot/Pigeon_Guillemot_0079_40389.jpg,1,2,1,3,/o/ocean/00002681.jpg
3603,062.Herring_Gull/Herring_Gull_0093_46029.jpg,1,2,1,3,/o/ocean/00001421.jpg
8345,143.Caspian_Tern/Caspian_Tern_0024_146033.jpg,1,2,1,3,/o/ocean/00003907.jpg
1382,025.Pelagic_Cormorant/Pelagic_Cormorant_0030_23732.jpg,1,2,1,3,/o/ocean/00000597.jpg
88,002.Laysan_Albatross/Laysan_Albatross_0098_621.jpg,1,2,1,3,/l/lake/natural/00001481.jpg
3060,053.Western_Grebe/Western_Grebe_0011_36522.jpg,1,2,1,3,/o/ocean/00003317.jpg
340,007.Parakeet_Auklet/Parakeet_Auklet_0020_795947.jpg,1,2,1,3,/o/ocean/00000672.jpg
5193,089.Hooded_Merganser/Hooded_Merganser_0010_796785.jpg,1,2,1,3,/o/ocean/00001936.jpg
3055,053.Western_Grebe/Western_Grebe_0106_36509.jpg,1,2,1,3,/o/ocean/00001869.jpg
2935,051.Horned_Grebe/Horned_Grebe_0110_35012.jpg,1,2,1,3,/o/ocean/00001505.jpg
3711,064.Ring_billed_Gull/Ring_Billed_Gull_0078_51494.jpg,1,2,1,3,/o/ocean/00003786.jpg
8232,141.Artic_Tern/Artic_Tern_0048_142372.jpg,1,2,1,3,/o/ocean/00001492.jpg
5226,090.Red_breasted_Merganser/Red_Breasted_Merganser_0008_79458.jpg,1,2,1,3,/o/ocean/00003499.jpg
3679,064.Ring_billed_Gull/Ring_Billed_Gull_0034_51270.jpg,1,2,1,3,/o/ocean/00003167.jpg
1268,023.Brandt_Cormorant/Brandt_Cormorant_0036_22937.jpg,1,2,1,3,/l/lake/natural/00000670.jpg
8318,142.Black_Tern/Black_Tern_0070_144292.jpg,1,2,1,3,/l/lake/natural/00003965.jpg
2846,050.Eared_Grebe/Eared_Grebe_0018_34357.jpg,1,2,1,3,/l/lake/natural/00002594.jpg
5949,102.Western_Wood_Pewee/Western_Wood_Pewee_0043_795053.jpg,1,2,1,3,/o/ocean/00003035.jpg
3063,053.Western_Grebe/Western_Grebe_0105_36542.jpg,1,2,1,3,/l/lake/natural/00003327.jpg
2505,044.Frigatebird/Frigatebird_0081_42779.jpg,1,2,1,3,/o/ocean/00003210.jpg
3598,062.Herring_Gull/Herring_Gull_0103_45996.jpg,1,2,1,3,/l/lake/natural/00001973.jpg
282,005.Crested_Auklet/Crested_Auklet_0048_1791.jpg,1,2,1,3,/o/ocean/00003799.jpg
8560,146.Forsters_Tern/Forsters_Tern_0086_152738.jpg,1,2,1,3,/o/ocean/00001114.jpg
5108,088.Western_Meadowlark/Western_Meadowlark_0111_78674.jpg,1,2,1,3,/l/lake/natural/00003646.jpg
3568,062.Herring_Gull/Herring_Gull_0120_48822.jpg,1,2,1,3,/o/ocean/00001095.jpg
2508,044.Frigatebird/Frigatebird_0121_42791.jpg,1,2,1,3,/l/lake/natural/00004741.jpg
5928,102.Western_Wood_Pewee/Western_Wood_Pewee_0077_98133.jpg,1,2,1,3,/l/lake/natural/00003556.jpg
8622,147.Least_Tern/Least_Tern_0035_152932.jpg,1,2,1,3,/l/lake/natural/00003375.jpg
2952,052.Pied_billed_Grebe/Pied_Billed_Grebe_0037_35598.jpg,1,2,1,3,/o/ocean/00004328.jpg
4086,071.Long_tailed_Jaeger/Long_Tailed_Jaeger_0064_60999.jpg,1,2,1,3,/o/ocean/00003814.jpg
3688,064.Ring_billed_Gull/Ring_Billed_Gull_0057_51315.jpg,1,2,1,3,/l/lake/natural/00004619.jpg
2596,046.Gadwall/Gadwall_0080_31747.jpg,1,2,1,3,/l/lake/natural/00003942.jpg
130,003.Sooty_Albatross/Sooty_Albatross_0071_1116.jpg,1,2,1,3,/l/lake/natural/00003390.jpg
4979,086.Pacific_Loon/Pacific_Loon_0041_75782.jpg,1,2,1,3,/l/lake/natural/00000623.jpg
2607,046.Gadwall/Gadwall_0087_31821.jpg,1,2,1,3,/o/ocean/00001908.jpg
3809,066.Western_Gull/Western_Gull_0041_53554.jpg,1,2,1,3,/l/lake/natural/00004889.jpg
5837,100.Brown_Pelican/Brown_Pelican_0003_94427.jpg,1,2,1,3,/l/lake/natural/00003625.jpg
3019,053.Western_Grebe/Western_Grebe_0013_36383.jpg,1,2,1,3,/l/lake/natural/00002981.jpg
3758,065.Slaty_backed_Gull/Slaty_Backed_Gull_0078_796042.jpg,1,2,1,3,/o/ocean/00004129.jpg
3525,061.Heermann_Gull/Heermann_Gull_0074_45351.jpg,1,2,1,3,/o/ocean/00001546.jpg
3012,053.Western_Grebe/Western_Grebe_0064_36613.jpg,1,2,1,3,/o/ocean/00004549.jpg
3051,053.Western_Grebe/Western_Grebe_0020_36241.jpg,1,2,1,3,/o/ocean/00004078.jpg
5250,090.Red_breasted_Merganser/Red_Breasted_Merganser_0034_79292.jpg,1,2,1,3,/l/lake/natural/00001060.jpg
8383,143.Caspian_Tern/Caspian_Tern_0068_146615.jpg,1,2,1,3,/l/lake/natural/00000684.jpg
3607,063.Ivory_Gull/Ivory_Gull_0110_49408.jpg,1,2,1,3,/o/ocean/00000260.jpg
8447,144.Common_Tern/Common_Tern_0044_148680.jpg,1,2,1,3,/o/ocean/00001965.jpg
4982,086.Pacific_Loon/Pacific_Loon_0018_75564.jpg,1,2,1,3,/o/ocean/00000093.jpg
3682,064.Ring_billed_Gull/Ring_Billed_Gull_0085_51292.jpg,1,2,1,3,/l/lake/natural/00004413.jpg
22,001.Black_footed_Albatross/Black_Footed_Albatross_0090_796077.jpg,1,2,1,3,/o/ocean/00001119.jpg
5846,100.Brown_Pelican/Brown_Pelican_0040_94051.jpg,1,2,1,3,/o/ocean/00004496.jpg
107,002.Laysan_Albatross/Laysan_Albatross_0004_930.jpg,1,2,1,3,/l/lake/natural/00003080.jpg
3354,058.Pigeon_Guillemot/Pigeon_Guillemot_0052_40137.jpg,1,2,1,3,/l/lake/natural/00002208.jpg
1162,021.Eastern_Towhee/Eastern_Towhee_0001_22314.jpg,1,2,1,3,/l/lake/natural/00003181.jpg
3058,053.Western_Grebe/Western_Grebe_0002_36518.jpg,1,2,1,3,/o/ocean/00003015.jpg
2991,052.Pied_billed_Grebe/Pied_Billed_Grebe_0095_35496.jpg,1,2,1,3,/l/lake/natural/00004561.jpg
13,001.Black_footed_Albatross/Black_Footed_Albatross_0049_796063.jpg,1,2,1,3,/l/lake/natural/00003971.jpg
3312,058.Pigeon_Guillemot/Pigeon_Guillemot_0012_40236.jpg,1,2,1,3,/o/ocean/00003940.jpg
3322,058.Pigeon_Guillemot/Pigeon_Guillemot_0096_39995.jpg,1,2,1,3,/l/lake/natural/00003719.jpg
8547,146.Forsters_Tern/Forsters_Tern_0021_144734.jpg,1,2,1,3,/l/lake/natural/00002991.jpg
3384,059.California_Gull/California_Gull_0037_41066.jpg,1,2,1,3,/o/ocean/00001872.jpg
8252,141.Artic_Tern/Artic_Tern_0138_142527.jpg,1,2,1,3,/l/lake/natural/00002404.jpg
50,001.Black_footed_Albatross/Black_Footed_Albatross_0045_796129.jpg,1,2,1,3,/l/lake/natural/00004199.jpg
3455,060.Glaucous_winged_Gull/Glaucous_Winged_Gull_0116_45236.jpg,1,2,1,3,/o/ocean/00001238.jpg
4991,086.Pacific_Loon/Pacific_Loon_0020_75596.jpg,1,2,1,3,/l/lake/natural/00004874.jpg
3600,062.Herring_Gull/Herring_Gull_0082_47540.jpg,1,2,1,3,/o/ocean/00004880.jpg
98,002.Laysan_Albatross/Laysan_Albatross_0064_674.jpg,1,2,1,3,/l/lake/natural/00003863.jpg
1319,024.Red_faced_Cormorant/Red_Faced_Cormorant_0038_796313.jpg,1,2,1,3,/o/ocean/00000092.jpg
5973,102.Western_Wood_Pewee/Western_Wood_Pewee_0069_98299.jpg,1,2,1,3,/o/ocean/00004240.jpg
2561,045.Northern_Fulmar/Northern_Fulmar_0015_43658.jpg,1,2,1,3,/o/ocean/00004385.jpg
3368,059.California_Gull/California_Gull_0131_40963.jpg,1,2,1,3,/o/ocean/00004009.jpg
5942,102.Western_Wood_Pewee/Western_Wood_Pewee_0073_795044.jpg,1,2,1,3,/l/lake/natural/00004343.jpg
5898,101.White_Pelican/White_Pelican_0014_96417.jpg,1,2,1,3,/o/ocean/00004572.jpg
8508,145.Elegant_Tern/Elegant_Tern_0039_150944.jpg,1,2,1,3,/l/lake/natural/00000497.jpg
357,007.Parakeet_Auklet/Parakeet_Auklet_0051_795971.jpg,1,2,1,3,/o/ocean/00003412.jpg
2525,044.Frigatebird/Frigatebird_0031_42979.jpg,1,2,1,3,/l/lake/natural/00001653.jpg
8261,141.Artic_Tern/Artic_Tern_0041_142079.jpg,1,2,1,3,/o/ocean/00000220.jpg
386,008.Rhinoceros_Auklet/Rhinoceros_Auklet_0044_797502.jpg,1,2,1,3,/o/ocean/00000399.jpg
4140,072.Pomarine_Jaeger/Pomarine_Jaeger_0008_61231.jpg,1,2,1,3,/o/ocean/00004344.jpg
8581,146.Forsters_Tern/Forsters_Tern_0083_151282.jpg,1,2,1,3,/o/ocean/00003624.jpg
3328,058.Pigeon_Guillemot/Pigeon_Guillemot_0023_39829.jpg,1,2,1,3,/o/ocean/00002772.jpg
8270,141.Artic_Tern/Artic_Tern_0044_142151.jpg,1,2,1,3,/l/lake/natural/00004087.jpg
8227,141.Artic_Tern/Artic_Tern_0015_141829.jpg,1,2,1,3,/l/lake/natural/00001657.jpg
33,001.Black_footed_Albatross/Black_Footed_Albatross_0064_796101.jpg,1,2,1,3,/l/lake/natural/00001220.jpg
8487,145.Elegant_Tern/Elegant_Tern_0023_150654.jpg,1,2,1,3,/l/lake/natural/00000265.jpg
2862,050.Eared_Grebe/Eared_Grebe_0037_34169.jpg,1,2,1,3,/l/lake/natural/00002620.jpg
6157,106.Horned_Puffin/Horned_Puffin_0050_100645.jpg,1,2,1,3,/l/lake/natural/00000912.jpg
279,005.Crested_Auklet/Crested_Auklet_0036_794905.jpg,1,2,1,3,/o/ocean/00003892.jpg
8495,145.Elegant_Tern/Elegant_Tern_0099_150682.jpg,1,2,1,3,/l/lake/natural/00004634.jpg
1258,023.Brandt_Cormorant/Brandt_Cormorant_0042_23151.jpg,1,2,1,3,/o/ocean/00000319.jpg
2495,044.Frigatebird/Frigatebird_0118_43189.jpg,1,2,1,3,/o/ocean/00001018.jpg
2902,051.Horned_Grebe/Horned_Grebe_0045_34859.jpg,1,2,1,3,/o/ocean/00002241.jpg
2923,051.Horned_Grebe/Horned_Grebe_0001_34723.jpg,1,2,1,3,/l/lake/natural/00004725.jpg
3834,066.Western_Gull/Western_Gull_0100_54761.jpg,1,2,1,3,/o/ocean/00003972.jpg
3444,060.Glaucous_winged_Gull/Glaucous_Winged_Gull_0056_44658.jpg,1,2,1,3,/o/ocean/00004944.jpg
4125,071.Long_tailed_Jaeger/Long_Tailed_Jaeger_0034_797102.jpg,1,2,1,3,/o/ocean/00001601.jpg
4153,072.Pomarine_Jaeger/Pomarine_Jaeger_0042_795755.jpg,1,2,1,3,/o/ocean/00001876.jpg
8488,145.Elegant_Tern/Elegant_Tern_0072_150911.jpg,1,2,1,3,/o/ocean/00002408.jpg
2921,051.Horned_Grebe/Horned_Grebe_0100_34462.jpg,1,2,1,3,/o/ocean/00002893.jpg
87,002.Laysan_Albatross/Laysan_Albatross_0035_876.jpg,1,2,1,3,/l/lake/natural/00003429.jpg
4077,071.Long_tailed_Jaeger/Long_Tailed_Jaeger_0025_60937.jpg,1,2,1,3,/l/lake/natural/00003224.jpg
3669,064.Ring_billed_Gull/Ring_Billed_Gull_0039_50191.jpg,1,2,1,3,/o/ocean/00003626.jpg
2988,052.Pied_billed_Grebe/Pied_Billed_Grebe_0041_35224.jpg,1,2,1,3,/l/lake/natural/00000175.jpg
5165,089.Hooded_Merganser/Hooded_Merganser_0076_796756.jpg,1,2,1,3,/l/lake/natural/00003690.jpg
5940,102.Western_Wood_Pewee/Western_Wood_Pewee_0017_795041.jpg,1,2,1,3,/o/ocean/00003522.jpg
8640,147.Least_Tern/Least_Tern_0029_154064.jpg,1,2,1,3,/o/ocean/00003409.jpg
3667,064.Ring_billed_Gull/Ring_Billed_Gull_0013_50180.jpg,1,2,1,3,/l/lake/natural/00002729.jpg
8275,141.Artic_Tern/Artic_Tern_0014_141716.jpg,1,2,1,3,/o/ocean/00002094.jpg
8613,147.Least_Tern/Least_Tern_0096_153868.jpg,1,2,1,3,/o/ocean/00003382.jpg
5806,100.Brown_Pelican/Brown_Pelican_0041_93720.jpg,1,2,1,3,/l/lake/natural/00000779.jpg
3644,063.Ivory_Gull/Ivory_Gull_0038_49298.jpg,1,2,1,3,/l/lake/natural/00004622.jpg
8577,146.Forsters_Tern/Forsters_Tern_0059_151269.jpg,1,2,1,3,/l/lake/natural/00003391.jpg
5015,086.Pacific_Loon/Pacific_Loon_0044_75467.jpg,1,2,1,3,/o/ocean/00004403.jpg
5816,100.Brown_Pelican/Brown_Pelican_0073_94823.jpg,1,2,1,3,/o/ocean/00001479.jpg
8257,141.Artic_Tern/Artic_Tern_0115_142570.jpg,1,2,1,3,/l/lake/natural/00004100.jpg
2837,050.Eared_Grebe/Eared_Grebe_0086_34064.jpg,1,2,1,3,/l/lake/natural/00002092.jpg
3826,066.Western_Gull/Western_Gull_0065_55728.jpg,1,2,1,3,/l/lake/natural/00004076.jpg
8634,147.Least_Tern/Least_Tern_0107_154015.jpg,1,2,1,3,/o/ocean/00002271.jpg
387,008.Rhinoceros_Auklet/Rhinoceros_Auklet_0040_797503.jpg,1,2,1,3,/l/lake/natural/00002414.jpg
5120,088.Western_Meadowlark/Western_Meadowlark_0063_77946.jpg,1,2,1,3,/l/lake/natural/00004536.jpg
422,008.Rhinoceros_Auklet/Rhinoceros_Auklet_0022_2170.jpg,1,2,1,3,/o/ocean/00003320.jpg
156,003.Sooty_Albatross/Sooty_Albatross_0069_796358.jpg,1,2,1,3,/o/ocean/00003182.jpg
3547,062.Herring_Gull/Herring_Gull_0049_46508.jpg,1,2,1,3,/o/ocean/00000462.jpg
3716,064.Ring_billed_Gull/Ring_Billed_Gull_0056_51523.jpg,1,2,1,3,/l/lake/natural/00004198.jpg
252,005.Crested_Auklet/Crested_Auklet_0059_794929.jpg,1,2,1,3,/l/lake/natural/00000348.jpg
292,006.Least_Auklet/Least_Auklet_0032_795068.jpg,1,2,1,3,/l/lake/natural/00001905.jpg
4966,086.Pacific_Loon/Pacific_Loon_0001_75521.jpg,1,2,1,3,/o/ocean/00004379.jpg
1386,025.Pelagic_Cormorant/Pelagic_Cormorant_0016_23509.jpg,1,2,1,3,/l/lake/natural/00002989.jpg
2541,045.Northern_Fulmar/Northern_Fulmar_0038_43846.jpg,1,2,1,3,/o/ocean/00002379.jpg
3474,060.Glaucous_winged_Gull/Glaucous_Winged_Gull_0061_44852.jpg,1,2,1,3,/o/ocean/00001850.jpg
1306,024.Red_faced_Cormorant/Red_Faced_Cormorant_0057_796286.jpg,1,2,1,3,/l/lake/natural/00003488.jpg
3829,066.Western_Gull/Western_Gull_0071_54207.jpg,1,2,1,3,/o/ocean/00000489.jpg
5969,102.Western_Wood_Pewee/Western_Wood_Pewee_0065_98001.jpg,1,2,1,3,/o/ocean/00001609.jpg
8417,144.Common_Tern/Common_Tern_0056_148549.jpg,1,2,1,3,/o/ocean/00001067.jpg
1379,025.Pelagic_Cormorant/Pelagic_Cormorant_0005_23720.jpg,1,2,1,3,/o/ocean/00004949.jpg
2949,051.Horned_Grebe/Horned_Grebe_0029_34557.jpg,1,2,1,3,/l/lake/natural/00002370.jpg
3478,060.Glaucous_winged_Gull/Glaucous_Winged_Gull_0053_44881.jpg,1,2,1,3,/l/lake/natural/00004265.jpg
2622,046.Gadwall/Gadwall_0059_31646.jpg,1,2,1,3,/l/lake/natural/00000662.jpg
3713,064.Ring_billed_Gull/Ring_Billed_Gull_0105_51513.jpg,1,2,1,3,/o/ocean/00000826.jpg
8362,143.Caspian_Tern/Caspian_Tern_0111_145995.jpg,1,2,1,3,/o/ocean/00002492.jpg
8268,141.Artic_Tern/Artic_Tern_0082_142127.jpg,1,2,1,3,/o/ocean/00002689.jpg
8617,147.Least_Tern/Least_Tern_0111_153308.jpg,1,2,1,3,/o/ocean/00002430.jpg
5829,100.Brown_Pelican/Brown_Pelican_0018_94432.jpg,1,2,1,3,/o/ocean/00003931.jpg
8272,141.Artic_Tern/Artic_Tern_0037_141141.jpg,1,2,1,3,/l/lake/natural/00000236.jpg
3779,066.Western_Gull/Western_Gull_0078_53595.jpg,1,2,1,3,/l/lake/natural/00003138.jpg
2853,050.Eared_Grebe/Eared_Grebe_0035_34137.jpg,1,2,1,3,/l/lake/natural/00002797.jpg
2879,050.Eared_Grebe/Eared_Grebe_0074_34238.jpg,1,2,1,3,/o/ocean/00002399.jpg
4176,072.Pomarine_Jaeger/Pomarine_Jaeger_0053_795792.jpg,1,2,1,3,/o/ocean/00000624.jpg
5925,102.Western_Wood_Pewee/Western_Wood_Pewee_0062_98123.jpg,1,2,1,3,/o/ocean/00004946.jpg
3627,063.Ivory_Gull/Ivory_Gull_0062_49722.jpg,1,2,1,3,/l/lake/natural/00003922.jpg
3500,061.Heermann_Gull/Heermann_Gull_0034_45693.jpg,1,2,1,3,/l/lake/natural/00004818.jpg
8388,143.Caspian_Tern/Caspian_Tern_0016_145314.jpg,1,2,1,3,/o/ocean/00002086.jpg
3823,066.Western_Gull/Western_Gull_0035_55703.jpg,1,2,1,3,/o/ocean/00002914.jpg
3566,062.Herring_Gull/Herring_Gull_0145_46220.jpg,1,2,1,3,/o/ocean/00000331.jpg
5938,102.Western_Wood_Pewee/Western_Wood_Pewee_0031_795038.jpg,1,2,1,3,/o/ocean/00001432.jpg
8317,142.Black_Tern/Black_Tern_0032_144029.jpg,1,2,1,3,/o/ocean/00000030.jpg
2834,050.Eared_Grebe/Eared_Grebe_0063_34054.jpg,1,2,1,3,/l/lake/natural/00004146.jpg
4866,084.Red_legged_Kittiwake/Red_Legged_Kittiwake_0058_795417.jpg,1,2,1,3,/l/lake/natural/00002452.jpg
5071,087.Mallard/Mallard_0045_77129.jpg,1,2,1,3,/l/lake/natural/00003875.jpg
3050,053.Western_Grebe/Western_Grebe_0083_36033.jpg,1,2,1,3,/l/lake/natural/00003845.jpg
3726,064.Ring_billed_Gull/Ring_Billed_Gull_0106_52729.jpg,1,2,1,3,/l/lake/natural/00001239.jpg
4179,072.Pomarine_Jaeger/Pomarine_Jaeger_0028_795797.jpg,1,2,1,3,/l/lake/natural/00000871.jpg
4879,084.Red_legged_Kittiwake/Red_Legged_Kittiwake_0020_795439.jpg,1,2,1,3,/l/lake/natural/00001722.jpg
8380,143.Caspian_Tern/Caspian_Tern_0063_146082.jpg,1,2,1,3,/l/lake/natural/00000253.jpg
3767,065.Slaty_backed_Gull/Slaty_Backed_Gull_0008_53145.jpg,1,2,1,3,/l/lake/natural/00000119.jpg
3538,061.Heermann_Gull/Heermann_Gull_0004_45936.jpg,1,2,1,3,/o/ocean/00002774.jpg
3059,053.Western_Grebe/Western_Grebe_0036_36521.jpg,1,2,1,3,/l/lake/natural/00003367.jpg
4901,084.Red_legged_Kittiwake/Red_Legged_Kittiwake_0037_73794.jpg,1,2,1,3,/l/lake/natural/00004807.jpg
8349,143.Caspian_Tern/Caspian_Tern_0005_145929.jpg,1,2,1,3,/l/lake/natural/00003303.jpg
3315,058.Pigeon_Guillemot/Pigeon_Guillemot_0071_40216.jpg,1,2,1,3,/l/lake/natural/00002341.jpg
4990,086.Pacific_Loon/Pacific_Loon_0026_75593.jpg,1,2,1,3,/o/ocean/00002434.jpg
4132,071.Long_tailed_Jaeger/Long_Tailed_Jaeger_0010_60895.jpg,1,2,1,3,/o/ocean/00002955.jpg
3477,060.Glaucous_winged_Gull/Glaucous_Winged_Gull_0004_44361.jpg,1,2,1,3,/o/ocean/00004308.jpg
8330,142.Black_Tern/Black_Tern_0073_144638.jpg,1,2,1,3,/o/ocean/00001309.jpg
4180,072.Pomarine_Jaeger/Pomarine_Jaeger_0014_61335.jpg,1,2,1,3,/l/lake/natural/00003210.jpg
3791,066.Western_Gull/Western_Gull_0143_54909.jpg,1,2,1,3,/o/ocean/00000564.jpg
5046,087.Mallard/Mallard_0024_75932.jpg,1,2,1,3,/l/lake/natural/00003371.jpg
5095,088.Western_Meadowlark/Western_Meadowlark_0116_77862.jpg,1,2,1,3,/l/lake/natural/00001064.jpg
2472,044.Frigatebird/Frigatebird_0054_43019.jpg,1,2,1,3,/l/lake/natural/00000776.jpg
5871,101.White_Pelican/White_Pelican_0051_97833.jpg,1,2,1,3,/o/ocean/00003722.jpg
5110,088.Western_Meadowlark/Western_Meadowlark_0014_78421.jpg,1,2,1,3,/l/lake/natural/00004974.jpg
2570,045.Northern_Fulmar/Northern_Fulmar_0027_43705.jpg,1,2,1,3,/o/ocean/00004672.jpg
3527,061.Heermann_Gull/Heermann_Gull_0091_45363.jpg,1,2,1,3,/l/lake/natural/00003864.jpg
2839,050.Eared_Grebe/Eared_Grebe_0032_34078.jpg,1,2,1,3,/l/lake/natural/00001150.jpg
83,002.Laysan_Albatross/Laysan_Albatross_0102_611.jpg,1,2,1,3,/l/lake/natural/00001154.jpg
3549,062.Herring_Gull/Herring_Gull_0115_47123.jpg,1,2,1,3,/l/lake/natural/00004216.jpg
3489,061.Heermann_Gull/Heermann_Gull_0018_45608.jpg,1,2,1,3,/l/lake/natural/00001241.jpg
8293,142.Black_Tern/Black_Tern_0056_143906.jpg,1,2,1,3,/l/lake/natural/00002788.jpg
5167,089.Hooded_Merganser/Hooded_Merganser_0071_796760.jpg,1,2,1,3,/l/lake/natural/00000442.jpg
8461,144.Common_Tern/Common_Tern_0057_149749.jpg,1,2,1,3,/o/ocean/00001069.jpg
4148,072.Pomarine_Jaeger/Pomarine_Jaeger_0058_795746.jpg,1,2,1,3,/o/ocean/00004745.jpg
5122,088.Western_Meadowlark/Western_Meadowlark_0028_78487.jpg,1,2,1,3,/l/lake/natural/00001092.jpg
363,007.Parakeet_Auklet/Parakeet_Auklet_0016_795977.jpg,1,2,1,3,/l/lake/natural/00001767.jpg
3642,063.Ivory_Gull/Ivory_Gull_0114_49535.jpg,1,2,1,3,/l/lake/natural/00004442.jpg
134,003.Sooty_Albatross/Sooty_Albatross_0033_1128.jpg,1,2,1,3,/l/lake/natural/00001049.jpg
178,003.Sooty_Albatross/Sooty_Albatross_0013_796402.jpg,1,2,1,3,/o/ocean/00004794.jpg
54,001.Black_footed_Albatross/Black_Footed_Albatross_0003_796136.jpg,1,2,1,3,/o/ocean/00003538.jpg
3013,053.Western_Grebe/Western_Grebe_0038_36363.jpg,1,2,1,3,/l/lake/natural/00002718.jpg
346,007.Parakeet_Auklet/Parakeet_Auklet_0050_795957.jpg,1,2,1,3,/l/lake/natural/00001727.jpg
5232,090.Red_breasted_Merganser/Red_Breasted_Merganser_0082_79214.jpg,1,2,1,3,/o/ocean/00002150.jpg
5858,100.Brown_Pelican/Brown_Pelican_0070_93678.jpg,1,2,1,3,/o/ocean/00000255.jpg
5115,088.Western_Meadowlark/Western_Meadowlark_0026_78438.jpg,1,2,1,3,/o/ocean/00002233.jpg
8582,146.Forsters_Tern/Forsters_Tern_0004_152358.jpg,1,2,1,3,/o/ocean/00001641.jpg
8497,145.Elegant_Tern/Elegant_Tern_0033_150687.jpg,1,2,1,3,/o/ocean/00002018.jpg
1169,021.Eastern_Towhee/Eastern_Towhee_0129_22358.jpg,1,2,1,3,/o/ocean/00004917.jpg
4139,072.Pomarine_Jaeger/Pomarine_Jaeger_0010_61457.jpg,1,2,1,3,/l/lake/natural/00003093.jpg
2553,045.Northern_Fulmar/Northern_Fulmar_0063_43631.jpg,1,2,1,3,/l/lake/natural/00001894.jpg
3723,064.Ring_billed_Gull/Ring_Billed_Gull_0104_52614.jpg,1,2,1,3,/o/ocean/00003215.jpg
45,001.Black_footed_Albatross/Black_Footed_Albatross_0082_796121.jpg,1,2,1,3,/l/lake/natural/00003849.jpg
5911,101.White_Pelican/White_Pelican_0080_95721.jpg,1,2,1,3,/l/lake/natural/00001432.jpg
2485,044.Frigatebird/Frigatebird_0096_43571.jpg,1,2,1,3,/o/ocean/00003420.jpg
1351,025.Pelagic_Cormorant/Pelagic_Cormorant_0046_23588.jpg,1,2,1,3,/o/ocean/00004359.jpg
61,002.Laysan_Albatross/Laysan_Albatross_0002_1027.jpg,1,2,1,3,/o/ocean/00000963.jpg
8304,142.Black_Tern/Black_Tern_0008_143965.jpg,1,2,1,3,/l/lake/natural/00002876.jpg
4971,086.Pacific_Loon/Pacific_Loon_0064_75532.jpg,1,2,1,3,/l/lake/natural/00003011.jpg
6192,106.Horned_Puffin/Horned_Puffin_0003_101045.jpg,1,2,1,3,/o/ocean/00004490.jpg
2967,052.Pied_billed_Grebe/Pied_Billed_Grebe_0004_35808.jpg,1,2,1,3,/o/ocean/00000621.jpg
27,001.Black_footed_Albatross/Black_Footed_Albatross_0024_796089.jpg,1,2,1,3,/l/lake/natural/00003901.jpg
5238,090.Red_breasted_Merganser/Red_Breasted_Merganser_0024_79483.jpg,1,2,1,3,/o/ocean/00000279.jpg
146,003.Sooty_Albatross/Sooty_Albatross_0042_1210.jpg,1,2,1,3,/l/lake/natural/00001152.jpg
5041,087.Mallard/Mallard_0033_76565.jpg,1,2,1,3,/l/lake/natural/00004505.jpg
2929,051.Horned_Grebe/Horned_Grebe_0069_34990.jpg,1,2,1,3,/o/ocean/00000541.jpg
1385,025.Pelagic_Cormorant/Pelagic_Cormorant_0041_23763.jpg,1,2,1,3,/o/ocean/00000229.jpg
8541,146.Forsters_Tern/Forsters_Tern_0091_151895.jpg,1,2,1,3,/o/ocean/00002096.jpg
1168,021.Eastern_Towhee/Eastern_Towhee_0049_22357.jpg,1,2,1,3,/o/ocean/00002818.jpg
8418,144.Common_Tern/Common_Tern_0063_147789.jpg,1,2,1,3,/l/lake/natural/00003815.jpg
1254,023.Brandt_Cormorant/Brandt_Cormorant_0001_23398.jpg,1,2,1,3,/l/lake/natural/00004701.jpg
1359,025.Pelagic_Cormorant/Pelagic_Cormorant_0042_23522.jpg,1,2,1,3,/l/lake/natural/00000448.jpg
4080,071.Long_tailed_Jaeger/Long_Tailed_Jaeger_0033_60955.jpg,1,2,1,3,/l/lake/natural/00000034.jpg
5972,102.Western_Wood_Pewee/Western_Wood_Pewee_0063_98295.jpg,1,2,1,3,/l/lake/natural/00000520.jpg
3729,065.Slaty_backed_Gull/Slaty_Backed_Gull_0061_53309.jpg,1,2,1,3,/l/lake/natural/00003311.jpg
2594,046.Gadwall/Gadwall_0058_31660.jpg,1,2,1,3,/l/lake/natural/00003365.jpg
119,002.Laysan_Albatross/Laysan_Albatross_0079_506.jpg,1,2,1,3,/o/ocean/00001621.jpg
4986,086.Pacific_Loon/Pacific_Loon_0068_75836.jpg,1,2,1,3,/o/ocean/00003545.jpg
1292,024.Red_faced_Cormorant/Red_Faced_Cormorant_0026_796289.jpg,1,2,1,3,/o/ocean/00001779.jpg
2649,046.Gadwall/Gadwall_0013_31020.jpg,1,2,1,3,/l/lake/natural/00004398.jpg
5901,101.White_Pelican/White_Pelican_0076_96427.jpg,1,2,1,3,/l/lake/natural/00003990.jpg
5028,087.Mallard/Mallard_0044_76317.jpg,1,2,1,3,/o/ocean/00004332.jpg
5106,088.Western_Meadowlark/Western_Meadowlark_0108_78155.jpg,1,2,1,3,/o/ocean/00001292.jpg
8610,147.Least_Tern/Least_Tern_0008_153313.jpg,1,2,1,3,/l/lake/natural/00000695.jpg
4109,071.Long_tailed_Jaeger/Long_Tailed_Jaeger_0028_797082.jpg,1,2,1,3,/l/lake/natural/00004046.jpg
2835,050.Eared_Grebe/Eared_Grebe_0071_34311.jpg,1,2,1,3,/l/lake/natural/00001990.jpg
351,007.Parakeet_Auklet/Parakeet_Auklet_0055_795963.jpg,1,2,1,3,/l/lake/natural/00001873.jpg
1284,023.Brandt_Cormorant/Brandt_Cormorant_0071_23007.jpg,1,2,1,3,/o/ocean/00004237.jpg
3416,059.California_Gull/California_Gull_0058_40858.jpg,1,2,1,3,/l/lake/natural/00004742.jpg
4885,084.Red_legged_Kittiwake/Red_Legged_Kittiwake_0017_795451.jpg,1,2,1,3,/o/ocean/00003925.jpg
6147,106.Horned_Puffin/Horned_Puffin_0011_100621.jpg,1,2,1,3,/l/lake/natural/00002799.jpg
8342,142.Black_Tern/Black_Tern_0105_144380.jpg,1,2,1,3,/l/lake/natural/00003060.jpg
3570,062.Herring_Gull/Herring_Gull_0056_46783.jpg,1,2,1,3,/o/ocean/00003436.jpg
1388,025.Pelagic_Cormorant/Pelagic_Cormorant_0082_23844.jpg,1,2,1,3,/l/lake/natural/00000455.jpg
3529,061.Heermann_Gull/Heermann_Gull_0121_45375.jpg,1,2,1,3,/l/lake/natural/00002982.jpg
391,008.Rhinoceros_Auklet/Rhinoceros_Auklet_0051_797510.jpg,1,2,1,3,/o/ocean/00004028.jpg
8438,144.Common_Tern/Common_Tern_0108_149672.jpg,1,2,1,3,/o/ocean/00002507.jpg
6200,106.Horned_Puffin/Horned_Puffin_0026_100937.jpg,1,2,1,3,/l/lake/natural/00001436.jpg
2470,044.Frigatebird/Frigatebird_0089_43013.jpg,1,2,1,3,/l/lake/natural/00004512.jpg
8314,142.Black_Tern/Black_Tern_0050_144000.jpg,1,2,1,3,/l/lake/natural/00000769.jpg
3662,063.Ivory_Gull/Ivory_Gull_0023_49385.jpg,1,2,1,3,/l/lake/natural/00001787.jpg
424,008.Rhinoceros_Auklet/Rhinoceros_Auklet_0039_2174.jpg,1,2,1,3,/o/ocean/00004194.jpg
5884,101.White_Pelican/White_Pelican_0036_96863.jpg,1,2,1,3,/o/ocean/00001820.jpg
4187,072.Pomarine_Jaeger/Pomarine_Jaeger_0029_61365.jpg,1,2,1,3,/l/lake/natural/00002167.jpg
2483,044.Frigatebird/Frigatebird_0097_43567.jpg,1,2,1,3,/o/ocean/00002275.jpg
3580,062.Herring_Gull/Herring_Gull_0015_46353.jpg,1,2,1,3,/l/lake/natural/00003208.jpg
3592,062.Herring_Gull/Herring_Gull_0055_47994.jpg,1,2,1,3,/o/ocean/00003918.jpg
4089,071.Long_tailed_Jaeger/Long_Tailed_Jaeger_0055_61046.jpg,1,2,1,3,/l/lake/natural/00000875.jpg
2498,044.Frigatebird/Frigatebird_0092_43206.jpg,1,2,1,3,/l/lake/natural/00002494.jpg
8325,142.Black_Tern/Black_Tern_0091_144063.jpg,1,2,1,3,/l/lake/natural/00001068.jpg
3004,052.Pied_billed_Grebe/Pied_Billed_Grebe_0029_35551.jpg,1,2,1,3,/o/ocean/00000323.jpg
8591,147.Least_Tern/Least_Tern_0025_153678.jpg,1,2,1,3,/l/lake/natural/00000112.jpg
90,002.Laysan_Albatross/Laysan_Albatross_0034_628.jpg,1,2,1,3,/l/lake/natural/00004171.jpg
8351,143.Caspian_Tern/Caspian_Tern_0069_145931.jpg,1,2,1,3,/o/ocean/00004091.jpg
2531,045.Northern_Fulmar/Northern_Fulmar_0033_43794.jpg,1,2,1,3,/l/lake/natural/00001809.jpg
8505,145.Elegant_Tern/Elegant_Tern_0005_150708.jpg,1,2,1,3,/l/lake/natural/00004109.jpg
1289,023.Brandt_Cormorant/Brandt_Cormorant_0047_23337.jpg,1,2,1,3,/l/lake/natural/00002095.jpg
4087,071.Long_tailed_Jaeger/Long_Tailed_Jaeger_0045_61007.jpg,1,2,1,3,/l/lake/natural/00002561.jpg
1,001.Black_footed_Albatross/Black_Footed_Albatross_0046_18.jpg,1,2,1,3,/o/ocean/00001222.jpg
3399,059.California_Gull/California_Gull_0089_40716.jpg,1,2,1,3,/l/lake/natural/00004219.jpg
3317,058.Pigeon_Guillemot/Pigeon_Guillemot_0009_40218.jpg,1,2,1,3,/l/lake/natural/00001005.jpg
6152,106.Horned_Puffin/Horned_Puffin_0015_100889.jpg,1,2,1,3,/o/ocean/00001541.jpg
8320,142.Black_Tern/Black_Tern_0024_144039.jpg,1,2,1,3,/l/lake/natural/00003619.jpg
3550,062.Herring_Gull/Herring_Gull_0070_46615.jpg,1,2,1,3,/l/lake/natural/00004173.jpg
3777,066.Western_Gull/Western_Gull_0013_54794.jpg,1,2,1,3,/l/lake/natural/00000480.jpg
173,003.Sooty_Albatross/Sooty_Albatross_0006_796390.jpg,1,2,1,3,/l/lake/natural/00003996.jpg
1350,025.Pelagic_Cormorant/Pelagic_Cormorant_0063_23515.jpg,1,2,1,3,/o/ocean/00004461.jpg
3579,062.Herring_Gull/Herring_Gull_0045_46845.jpg,1,2,1,3,/o/ocean/00000249.jpg
2493,044.Frigatebird/Frigatebird_0016_43159.jpg,1,2,1,3,/o/ocean/00001211.jpg
2878,050.Eared_Grebe/Eared_Grebe_0007_34236.jpg,1,2,1,3,/l/lake/natural/00001950.jpg
2494,044.Frigatebird/Frigatebird_0129_43183.jpg,1,2,1,3,/l/lake/natural/00002152.jpg
2627,046.Gadwall/Gadwall_0093_30898.jpg,1,2,1,3,/o/ocean/00004188.jpg
4181,072.Pomarine_Jaeger/Pomarine_Jaeger_0073_795800.jpg,1,2,1,3,/l/lake/natural/00001563.jpg
3789,066.Western_Gull/Western_Gull_0012_53605.jpg,1,2,1,3,/l/lake/natural/00000599.jpg
8389,143.Caspian_Tern/Caspian_Tern_0022_144922.jpg,1,2,1,3,/l/lake/natural/00002154.jpg
3,001.Black_footed_Albatross/Black_Footed_Albatross_0002_55.jpg,1,2,1,3,/l/lake/natural/00004330.jpg
5870,101.White_Pelican/White_Pelican_0031_97064.jpg,1,2,1,3,/o/ocean/00004278.jpg
4083,071.Long_tailed_Jaeger/Long_Tailed_Jaeger_0044_60968.jpg,1,2,1,3,/l/lake/natural/00000303.jpg
8446,144.Common_Tern/Common_Tern_0051_150469.jpg,1,2,1,3,/o/ocean/00003617.jpg
3419,059.California_Gull/California_Gull_0026_41386.jpg,1,2,1,3,/o/ocean/00001977.jpg
3409,059.California_Gull/California_Gull_0091_41276.jpg,1,2,1,3,/l/lake/natural/00000153.jpg
8439,144.Common_Tern/Common_Tern_0078_149161.jpg,1,2,1,3,/l/lake/natural/00000982.jpg
2893,051.Horned_Grebe/Horned_Grebe_0058_34568.jpg,1,2,1,3,/o/ocean/00000013.jpg
1367,025.Pelagic_Cormorant/Pelagic_Cormorant_0075_23645.jpg,1,2,1,3,/o/ocean/00004875.jpg
4889,084.Red_legged_Kittiwake/Red_Legged_Kittiwake_0015_73792.jpg,1,2,1,3,/o/ocean/00001011.jpg
129,003.Sooty_Albatross/Sooty_Albatross_0044_1105.jpg,1,2,1,3,/o/ocean/00001941.jpg
16,001.Black_footed_Albatross/Black_Footed_Albatross_0016_796067.jpg,1,2,1,3,/l/lake/natural/00002359.jpg
309,006.Least_Auklet/Least_Auklet_0041_795107.jpg,1,2,1,3,/o/ocean/00003495.jpg
2538,045.Northern_Fulmar/Northern_Fulmar_0045_43581.jpg,1,2,1,3,/o/ocean/00000587.jpg
4138,072.Pomarine_Jaeger/Pomarine_Jaeger_0030_61447.jpg,1,2,1,3,/l/lake/natural/00000920.jpg
4195,072.Pomarine_Jaeger/Pomarine_Jaeger_0015_61429.jpg,1,2,1,3,/l/lake/natural/00003648.jpg
5862,100.Brown_Pelican/Brown_Pelican_0072_94974.jpg,1,2,1,3,/l/lake/natural/00001934.jpg
2941,051.Horned_Grebe/Horned_Grebe_0114_34517.jpg,1,2,1,3,/o/ocean/00004206.jpg
5847,100.Brown_Pelican/Brown_Pelican_0128_94059.jpg,1,2,1,3,/o/ocean/00002487.jpg
4888,084.Red_legged_Kittiwake/Red_Legged_Kittiwake_0040_795455.jpg,1,2,1,3,/o/ocean/00001090.jpg
8356,143.Caspian_Tern/Caspian_Tern_0010_145667.jpg,1,2,1,3,/l/lake/natural/00004073.jpg
3808,066.Western_Gull/Western_Gull_0069_53553.jpg,1,2,1,3,/l/lake/natural/00000597.jpg
8464,145.Elegant_Tern/Elegant_Tern_0093_150534.jpg,1,2,1,3,/o/ocean/00003313.jpg
2971,052.Pied_billed_Grebe/Pied_Billed_Grebe_0023_35687.jpg,1,2,1,3,/o/ocean/00000334.jpg
3788,066.Western_Gull/Western_Gull_0110_53861.jpg,1,2,1,3,/l/lake/natural/00000602.jpg
2604,046.Gadwall/Gadwall_0082_31301.jpg,1,2,1,3,/o/ocean/00000608.jpg
1371,025.Pelagic_Cormorant/Pelagic_Cormorant_0002_23680.jpg,1,2,1,3,/l/lake/natural/00003974.jpg
8474,145.Elegant_Tern/Elegant_Tern_0085_151091.jpg,1,2,1,3,/o/ocean/00003316.jpg
5218,090.Red_breasted_Merganser/Red_Breasted_Merganser_0052_79178.jpg,1,2,1,3,/o/ocean/00003961.jpg
3326,058.Pigeon_Guillemot/Pigeon_Guillemot_0089_40008.jpg,1,2,1,3,/l/lake/natural/00004979.jpg
8434,144.Common_Tern/Common_Tern_0055_149486.jpg,1,2,1,3,/l/lake/natural/00003329.jpg
8573,146.Forsters_Tern/Forsters_Tern_0126_151257.jpg,1,2,1,3,/l/lake/natural/00001637.jpg
6173,106.Horned_Puffin/Horned_Puffin_0069_101018.jpg,1,2,1,3,/o/ocean/00003087.jpg
5202,089.Hooded_Merganser/Hooded_Merganser_0028_79061.jpg,1,2,1,3,/o/ocean/00004227.jpg
2578,045.Northern_Fulmar/Northern_Fulmar_0021_43743.jpg,1,2,1,3,/o/ocean/00001021.jpg
5005,086.Pacific_Loon/Pacific_Loon_0008_75428.jpg,1,2,1,3,/l/lake/natural/00001524.jpg
5201,089.Hooded_Merganser/Hooded_Merganser_0068_79057.jpg,1,2,1,3,/o/ocean/00004427.jpg
5807,100.Brown_Pelican/Brown_Pelican_0102_93727.jpg,1,2,1,3,/l/lake/natural/00004949.jpg
8586,147.Least_Tern/Least_Tern_0127_154141.jpg,1,2,1,3,/l/lake/natural/00003258.jpg
5177,089.Hooded_Merganser/Hooded_Merganser_0086_796780.jpg,1,2,1,3,/l/lake/natural/00003756.jpg
3742,065.Slaty_backed_Gull/Slaty_Backed_Gull_0066_796016.jpg,1,2,1,3,/l/lake/natural/00004946.jpg
17,001.Black_footed_Albatross/Black_Footed_Albatross_0065_796068.jpg,1,2,1,3,/l/lake/natural/00000282.jpg
8623,147.Least_Tern/Least_Tern_0129_153449.jpg,1,2,1,3,/l/lake/natural/00000816.jpg
8596,147.Least_Tern/Least_Tern_0128_153732.jpg,1,2,1,3,/o/ocean/00004032.jpg
3487,061.Heermann_Gull/Heermann_Gull_0093_45576.jpg,1,2,1,3,/o/ocean/00004562.jpg
5094,088.Western_Meadowlark/Western_Meadowlark_0060_78368.jpg,1,2,1,3,/l/lake/natural/00000006.jpg
1345,025.Pelagic_Cormorant/Pelagic_Cormorant_0009_23561.jpg,1,2,1,3,/o/ocean/00004311.jpg
3442,060.Glaucous_winged_Gull/Glaucous_Winged_Gull_0112_44731.jpg,1,2,1,3,/o/ocean/00001951.jpg
112,002.Laysan_Albatross/Laysan_Albatross_0021_737.jpg,1,2,1,3,/l/lake/natural/00004346.jpg
3727,065.Slaty_backed_Gull/Slaty_Backed_Gull_0017_796034.jpg,1,2,1,3,/o/ocean/00000957.jpg
2919,051.Horned_Grebe/Horned_Grebe_0014_34968.jpg,1,2,1,3,/l/lake/natural/00003927.jpg
3056,053.Western_Grebe/Western_Grebe_0043_36183.jpg,1,2,1,3,/o/ocean/00003644.jpg
3585,062.Herring_Gull/Herring_Gull_0068_46392.jpg,1,2,1,3,/l/lake/natural/00004113.jpg
3021,053.Western_Grebe/Western_Grebe_0033_36395.jpg,1,2,1,3,/o/ocean/00004224.jpg
8485,145.Elegant_Tern/Elegant_Tern_0090_45924.jpg,1,2,1,3,/l/lake/natural/00000758.jpg
5243,090.Red_breasted_Merganser/Red_Breasted_Merganser_0079_79519.jpg,1,2,1,3,/l/lake/natural/00001673.jpg
384,008.Rhinoceros_Auklet/Rhinoceros_Auklet_0037_797499.jpg,1,2,1,3,/l/lake/natural/00001103.jpg
4196,072.Pomarine_Jaeger/Pomarine_Jaeger_0023_61431.jpg,1,2,1,3,/o/ocean/00003996.jpg
8319,142.Black_Tern/Black_Tern_0104_144038.jpg,1,2,1,3,/l/lake/natural/00004952.jpg
3543,061.Heermann_Gull/Heermann_Gull_0001_45472.jpg,1,2,1,3,/o/ocean/00004295.jpg
3654,063.Ivory_Gull/Ivory_Gull_0108_49356.jpg,1,2,1,3,/l/lake/natural/00002490.jpg
3768,065.Slaty_backed_Gull/Slaty_Backed_Gull_0085_53158.jpg,1,2,1,3,/l/lake/natural/00003195.jpg
2936,051.Horned_Grebe/Horned_Grebe_0064_35015.jpg,1,2,1,3,/o/ocean/00004341.jpg
4128,071.Long_tailed_Jaeger/Long_Tailed_Jaeger_0046_797103.jpg,1,2,1,3,/o/ocean/00002650.jpg
3831,066.Western_Gull/Western_Gull_0011_53713.jpg,1,2,1,3,/o/ocean/00001155.jpg
3330,058.Pigeon_Guillemot/Pigeon_Guillemot_0082_40290.jpg,1,2,1,3,/o/ocean/00003380.jpg
8455,144.Common_Tern/Common_Tern_0014_149194.jpg,1,2,1,3,/o/ocean/00004546.jpg
1265,023.Brandt_Cormorant/Brandt_Cormorant_0049_22924.jpg,1,2,1,3,/l/lake/natural/00002279.jpg
1172,021.Eastern_Towhee/Eastern_Towhee_0024_22382.jpg,1,2,1,3,/o/ocean/00003007.jpg
3364,058.Pigeon_Guillemot/Pigeon_Guillemot_0100_40179.jpg,1,2,1,3,/o/ocean/00001758.jpg
5893,101.White_Pelican/White_Pelican_0016_96659.jpg,1,2,1,3,/o/ocean/00001273.jpg
8537,146.Forsters_Tern/Forsters_Tern_0071_152142.jpg,1,2,1,3,/l/lake/natural/00004214.jpg
8364,143.Caspian_Tern/Caspian_Tern_0119_145492.jpg,1,2,1,3,/o/ocean/00004837.jpg
52,001.Black_footed_Albatross/Black_Footed_Albatross_0088_796133.jpg,1,2,1,3,/l/lake/natural/00002119.jpg
8266,141.Artic_Tern/Artic_Tern_0027_141617.jpg,1,2,1,3,/o/ocean/00004446.jpg
1247,023.Brandt_Cormorant/Brandt_Cormorant_0065_23118.jpg,1,2,1,3,/l/lake/natural/00001737.jpg
4967,086.Pacific_Loon/Pacific_Loon_0048_75524.jpg,1,2,1,3,/o/ocean/00001706.jpg
8454,144.Common_Tern/Common_Tern_0103_149733.jpg,1,2,1,3,/l/lake/natural/00003253.jpg
1323,024.Red_faced_Cormorant/Red_Faced_Cormorant_0020_796318.jpg,1,2,1,3,/o/ocean/00002025.jpg
3584,062.Herring_Gull/Herring_Gull_0027_46389.jpg,1,2,1,3,/o/ocean/00003505.jpg
4084,071.Long_tailed_Jaeger/Long_Tailed_Jaeger_0019_60970.jpg,1,2,1,3,/l/lake/natural/00004374.jpg
4862,084.Red_legged_Kittiwake/Red_Legged_Kittiwake_0051_795404.jpg,1,2,1,3,/l/lake/natural/00002665.jpg
8234,141.Artic_Tern/Artic_Tern_0059_141876.jpg,1,2,1,3,/o/ocean/00001186.jpg
1148,021.Eastern_Towhee/Eastern_Towhee_0108_22182.jpg,1,2,1,3,/o/ocean/00003515.jpg
394,008.Rhinoceros_Auklet/Rhinoceros_Auklet_0041_797515.jpg,1,2,1,3,/o/ocean/00001325.jpg
8326,142.Black_Tern/Black_Tern_0033_144328.jpg,1,2,1,3,/l/lake/natural/00000254.jpg
3648,063.Ivory_Gull/Ivory_Gull_0077_49051.jpg,1,2,1,3,/l/lake/natural/00001682.jpg
8575,146.Forsters_Tern/Forsters_Tern_0003_151547.jpg,1,2,1,3,/l/lake/natural/00000849.jpg
1264,023.Brandt_Cormorant/Brandt_Cormorant_0003_22922.jpg,1,2,1,3,/o/ocean/00000245.jpg
8283,141.Artic_Tern/Artic_Tern_0011_143355.jpg,1,2,1,3,/l/lake/natural/00000660.jpg
1393,025.Pelagic_Cormorant/Pelagic_Cormorant_0076_23523.jpg,1,2,1,3,/l/lake/natural/00003211.jpg
3452,060.Glaucous_winged_Gull/Glaucous_Winged_Gull_0017_45224.jpg,1,2,1,3,/l/lake/natural/00002399.jpg
8608,147.Least_Tern/Least_Tern_0098_153820.jpg,1,2,1,3,/o/ocean/00001773.jpg
8501,145.Elegant_Tern/Elegant_Tern_0079_150953.jpg,1,2,1,3,/o/ocean/00002045.jpg
1390,025.Pelagic_Cormorant/Pelagic_Cormorant_0096_23775.jpg,1,2,1,3,/l/lake/natural/00001326.jpg
3344,058.Pigeon_Guillemot/Pigeon_Guillemot_0043_39861.jpg,1,2,1,3,/o/ocean/00001993.jpg
407,008.Rhinoceros_Auklet/Rhinoceros_Auklet_0003_797535.jpg,1,2,1,3,/o/ocean/00000779.jpg
3410,059.California_Gull/California_Gull_0043_41326.jpg,1,2,1,3,/o/ocean/00002594.jpg
68,002.Laysan_Albatross/Laysan_Albatross_0053_543.jpg,1,2,1,3,/l/lake/natural/00003406.jpg
1266,023.Brandt_Cormorant/Brandt_Cormorant_0030_22926.jpg,1,2,1,3,/o/ocean/00004176.jpg
325,007.Parakeet_Auklet/Parakeet_Auklet_0017_795924.jpg,1,2,1,3,/l/lake/natural/00001000.jpg
8595,147.Least_Tern/Least_Tern_0011_153722.jpg,1,2,1,3,/l/lake/natural/00000549.jpg
8629,147.Least_Tern/Least_Tern_0021_153979.jpg,1,2,1,3,/o/ocean/00001607.jpg
3367,058.Pigeon_Guillemot/Pigeon_Guillemot_0011_39935.jpg,1,2,1,3,/l/lake/natural/00000588.jpg
5113,088.Western_Meadowlark/Western_Meadowlark_0107_78608.jpg,1,2,1,3,/o/ocean/00000089.jpg
308,006.Least_Auklet/Least_Auklet_0055_795106.jpg,1,2,1,3,/o/ocean/00002832.jpg
47,001.Black_footed_Albatross/Black_Footed_Albatross_0050_796125.jpg,1,2,1,3,/o/ocean/00003257.jpg
1138,021.Eastern_Towhee/Eastern_Towhee_0067_22142.jpg,1,2,1,3,/l/lake/natural/00003509.jpg
3638,063.Ivory_Gull/Ivory_Gull_0004_49019.jpg,1,2,1,3,/o/ocean/00000614.jpg
2606,046.Gadwall/Gadwall_0079_31052.jpg,1,2,1,3,/l/lake/natural/00001634.jpg
38,001.Black_footed_Albatross/Black_Footed_Albatross_0053_796109.jpg,1,2,1,3,/o/ocean/00003883.jpg
8561,146.Forsters_Tern/Forsters_Tern_0097_151731.jpg,1,2,1,3,/o/ocean/00000068.jpg
5034,087.Mallard/Mallard_0128_77396.jpg,1,2,1,3,/o/ocean/00003713.jpg
2574,045.Northern_Fulmar/Northern_Fulmar_0036_43718.jpg,1,2,1,3,/l/lake/natural/00001295.jpg
8311,142.Black_Tern/Black_Tern_0025_144503.jpg,1,2,1,3,/l/lake/natural/00000239.jpg
8580,146.Forsters_Tern/Forsters_Tern_0095_152067.jpg,1,2,1,3,/o/ocean/00002429.jpg
8506,145.Elegant_Tern/Elegant_Tern_0101_150715.jpg,1,2,1,3,/o/ocean/00004292.jpg
132,003.Sooty_Albatross/Sooty_Albatross_0030_1122.jpg,1,2,1,3,/l/lake/natural/00002595.jpg
4883,084.Red_legged_Kittiwake/Red_Legged_Kittiwake_0047_795445.jpg,1,2,1,3,/o/ocean/00004233.jpg
3804,066.Western_Gull/Western_Gull_0029_54143.jpg,1,2,1,3,/o/ocean/00000058.jpg
2961,052.Pied_billed_Grebe/Pied_Billed_Grebe_0040_35981.jpg,1,2,1,3,/l/lake/natural/00000031.jpg
8242,141.Artic_Tern/Artic_Tern_0019_141922.jpg,1,2,1,3,/o/ocean/00004374.jpg
8475,145.Elegant_Tern/Elegant_Tern_0060_150837.jpg,1,2,1,3,/o/ocean/00000612.jpg
6201,106.Horned_Puffin/Horned_Puffin_0061_100845.jpg,1,2,1,3,/o/ocean/00003871.jpg
6160,106.Horned_Puffin/Horned_Puffin_0071_100651.jpg,1,2,1,3,/l/lake/natural/00002469.jpg
8310,142.Black_Tern/Black_Tern_0064_143990.jpg,1,2,1,3,/o/ocean/00000572.jpg
2940,051.Horned_Grebe/Horned_Grebe_0008_34515.jpg,1,2,1,3,/l/lake/natural/00003523.jpg
2633,046.Gadwall/Gadwall_0052_30915.jpg,1,2,1,3,/l/lake/natural/00000356.jpg
92,002.Laysan_Albatross/Laysan_Albatross_0058_637.jpg,1,2,1,3,/l/lake/natural/00002464.jpg
2492,044.Frigatebird/Frigatebird_0015_43132.jpg,1,2,1,3,/o/ocean/00000582.jpg
3029,053.Western_Grebe/Western_Grebe_0104_36164.jpg,1,2,1,3,/o/ocean/00003014.jpg
1153,021.Eastern_Towhee/Eastern_Towhee_0112_22231.jpg,1,2,1,3,/l/lake/natural/00003737.jpg
1133,021.Eastern_Towhee/Eastern_Towhee_0091_22629.jpg,1,2,1,3,/l/lake/natural/00000844.jpg
4978,086.Pacific_Loon/Pacific_Loon_0024_75555.jpg,1,2,1,3,/l/lake/natural/00000332.jpg
2885,050.Eared_Grebe/Eared_Grebe_0031_34262.jpg,1,2,1,3,/l/lake/natural/00004180.jpg
3457,060.Glaucous_winged_Gull/Glaucous_Winged_Gull_0022_44733.jpg,1,2,1,3,/o/ocean/00001329.jpg
8372,143.Caspian_Tern/Caspian_Tern_0108_145278.jpg,1,2,1,3,/o/ocean/00001891.jpg
3797,066.Western_Gull/Western_Gull_0007_53431.jpg,1,2,1,3,/l/lake/natural/00000483.jpg
314,006.Least_Auklet/Least_Auklet_0046_795118.jpg,1,2,1,3,/o/ocean/00002783.jpg
8525,146.Forsters_Tern/Forsters_Tern_0098_151258.jpg,1,2,1,3,/o/ocean/00002901.jpg
1347,025.Pelagic_Cormorant/Pelagic_Cormorant_0032_23570.jpg,1,2,1,3,/l/lake/natural/00001106.jpg
4976,086.Pacific_Loon/Pacific_Loon_0049_75780.jpg,1,2,1,3,/o/ocean/00003406.jpg
114,002.Laysan_Albatross/Laysan_Albatross_0059_488.jpg,1,2,1,3,/o/ocean/00002406.jpg
3691,064.Ring_billed_Gull/Ring_Billed_Gull_0089_51348.jpg,1,2,1,3,/o/ocean/00000935.jpg
5082,087.Mallard/Mallard_0078_76238.jpg,1,2,1,3,/l/lake/natural/00002265.jpg
5207,090.Red_breasted_Merganser/Red_Breasted_Merganser_0031_79372.jpg,1,2,1,3,/l/lake/natural/00000255.jpg
161,003.Sooty_Albatross/Sooty_Albatross_0076_796365.jpg,1,2,1,3,/l/lake/natural/00001622.jpg
3601,062.Herring_Gull/Herring_Gull_0016_48969.jpg,1,2,1,3,/l/lake/natural/00004165.jpg
8476,145.Elegant_Tern/Elegant_Tern_0024_150852.jpg,1,2,1,3,/o/ocean/00002743.jpg
3594,062.Herring_Gull/Herring_Gull_0138_48023.jpg,1,2,1,3,/l/lake/natural/00000514.jpg
5118,088.Western_Meadowlark/Western_Meadowlark_0033_78312.jpg,1,2,1,3,/l/lake/natural/00001882.jpg
4172,072.Pomarine_Jaeger/Pomarine_Jaeger_0017_795782.jpg,1,2,1,3,/o/ocean/00003235.jpg
4145,072.Pomarine_Jaeger/Pomarine_Jaeger_0077_795739.jpg,1,2,1,3,/l/lake/natural/00000272.jpg
5941,102.Western_Wood_Pewee/Western_Wood_Pewee_0029_795042.jpg,1,2,1,3,/o/ocean/00001847.jpg
4981,086.Pacific_Loon/Pacific_Loon_0010_75818.jpg,1,2,1,3,/o/ocean/00001307.jpg
5021,086.Pacific_Loon/Pacific_Loon_0043_75747.jpg,1,2,1,3,/l/lake/natural/00001970.jpg
4081,071.Long_tailed_Jaeger/Long_Tailed_Jaeger_0030_60961.jpg,1,2,1,3,/o/ocean/00002332.jpg
2476,044.Frigatebird/Frigatebird_0073_43038.jpg,1,2,1,3,/o/ocean/00004528.jpg
3351,058.Pigeon_Guillemot/Pigeon_Guillemot_0057_40130.jpg,1,2,1,3,/o/ocean/00004499.jpg
5057,087.Mallard/Mallard_0112_77046.jpg,1,2,1,3,/l/lake/natural/00003283.jpg
8316,142.Black_Tern/Black_Tern_0044_144021.jpg,1,2,1,3,/o/ocean/00002410.jpg
5917,102.Western_Wood_Pewee/Western_Wood_Pewee_0070_98225.jpg,1,2,1,3,/o/ocean/00004989.jpg
1160,021.Eastern_Towhee/Eastern_Towhee_0080_22303.jpg,1,2,1,3,/o/ocean/00000362.jpg
106,002.Laysan_Albatross/Laysan_Albatross_0042_801.jpg,1,2,1,3,/o/ocean/00000050.jpg
265,005.Crested_Auklet/Crested_Auklet_0053_794966.jpg,1,2,1,3,/l/lake/natural/00002401.jpg
5823,100.Brown_Pelican/Brown_Pelican_0017_94383.jpg,1,2,1,3,/l/lake/natural/00003068.jpg
4999,086.Pacific_Loon/Pacific_Loon_0047_75393.jpg,1,2,1,3,/o/ocean/00004370.jpg
2648,046.Gadwall/Gadwall_0027_30966.jpg,1,2,1,3,/o/ocean/00002539.jpg
3733,065.Slaty_backed_Gull/Slaty_Backed_Gull_0027_53080.jpg,1,2,1,3,/o/ocean/00000248.jpg
5810,100.Brown_Pelican/Brown_Pelican_0002_94773.jpg,1,2,1,3,/o/ocean/00004517.jpg
3707,064.Ring_billed_Gull/Ring_Billed_Gull_0036_51461.jpg,1,2,1,3,/l/lake/natural/00003816.jpg
8448,144.Common_Tern/Common_Tern_0047_149195.jpg,1,2,1,3,/l/lake/natural/00004940.jpg
5166,089.Hooded_Merganser/Hooded_Merganser_0074_796757.jpg,1,2,1,3,/o/ocean/00000253.jpg
5253,090.Red_breasted_Merganser/Red_Breasted_Merganser_0083_79562.jpg,1,2,1,3,/l/lake/natural/00001494.jpg
2979,052.Pied_billed_Grebe/Pied_Billed_Grebe_0065_35713.jpg,1,2,1,3,/o/ocean/00003377.jpg
1395,025.Pelagic_Cormorant/Pelagic_Cormorant_0099_23784.jpg,1,2,1,3,/l/lake/natural/00004936.jpg
1275,023.Brandt_Cormorant/Brandt_Cormorant_0033_22975.jpg,1,2,1,3,/l/lake/natural/00000541.jpg
2983,052.Pied_billed_Grebe/Pied_Billed_Grebe_0084_35863.jpg,1,2,1,3,/o/ocean/00000029.jpg
3370,059.California_Gull/California_Gull_0067_40973.jpg,1,2,1,3,/o/ocean/00002821.jpg
5897,101.White_Pelican/White_Pelican_0040_96026.jpg,1,2,1,3,/o/ocean/00000987.jpg
298,006.Least_Auklet/Least_Auklet_0039_795081.jpg,1,2,1,3,/l/lake/natural/00000798.jpg
4115,071.Long_tailed_Jaeger/Long_Tailed_Jaeger_0066_60921.jpg,1,2,1,3,/o/ocean/00003012.jpg
1158,021.Eastern_Towhee/Eastern_Towhee_0015_22275.jpg,1,2,1,3,/o/ocean/00003993.jpg
3677,064.Ring_billed_Gull/Ring_Billed_Gull_0044_50239.jpg,1,2,1,3,/l/lake/natural/00002941.jpg
5070,087.Mallard/Mallard_0109_76616.jpg,1,2,1,3,/o/ocean/00001170.jpg
2960,052.Pied_billed_Grebe/Pied_Billed_Grebe_0007_35399.jpg,1,2,1,3,/o/ocean/00002076.jpg
1333,024.Red_faced_Cormorant/Red_Faced_Cormorant_0047_796330.jpg,1,2,1,3,/l/lake/natural/00002949.jpg
8273,141.Artic_Tern/Artic_Tern_0119_142682.jpg,1,2,1,3,/l/lake/natural/00004371.jpg
6176,106.Horned_Puffin/Horned_Puffin_0036_100974.jpg,1,2,1,3,/l/lake/natural/00002780.jpg
2610,046.Gadwall/Gadwall_0041_31064.jpg,1,2,1,3,/o/ocean/00004888.jpg
8338,142.Black_Tern/Black_Tern_0034_144106.jpg,1,2,1,3,/l/lake/natural/00000444.jpg
1150,021.Eastern_Towhee/Eastern_Towhee_0125_22220.jpg,1,2,1,3,/l/lake/natural/00001749.jpg
3557,062.Herring_Gull/Herring_Gull_0078_48718.jpg,1,2,1,3,/o/ocean/00003619.jpg
3313,058.Pigeon_Guillemot/Pigeon_Guillemot_0062_39853.jpg,1,2,1,3,/o/ocean/00004358.jpg
2497,044.Frigatebird/Frigatebird_0088_43201.jpg,1,2,1,3,/o/ocean/00000767.jpg
8260,141.Artic_Tern/Artic_Tern_0142_142078.jpg,1,2,1,3,/l/lake/natural/00002954.jpg
4854,084.Red_legged_Kittiwake/Red_Legged_Kittiwake_0033_795395.jpg,1,2,1,3,/o/ocean/00000311.jpg
2499,044.Frigatebird/Frigatebird_0098_43207.jpg,1,2,1,3,/l/lake/natural/00001492.jpg
5136,088.Western_Meadowlark/Western_Meadowlark_0100_78037.jpg,1,2,1,3,/l/lake/natural/00004898.jpg
4865,084.Red_legged_Kittiwake/Red_Legged_Kittiwake_0043_795416.jpg,1,2,1,3,/o/ocean/00002357.jpg
3763,065.Slaty_backed_Gull/Slaty_Backed_Gull_0063_796050.jpg,1,2,1,3,/o/ocean/00004235.jpg
2572,045.Northern_Fulmar/Northern_Fulmar_0037_43712.jpg,1,2,1,3,/l/lake/natural/00004045.jpg
76,002.Laysan_Albatross/Laysan_Albatross_0060_777.jpg,1,2,1,3,/l/lake/natural/00003718.jpg
2951,052.Pied_billed_Grebe/Pied_Billed_Grebe_0038_35798.jpg,1,2,1,3,/o/ocean/00004526.jpg
1285,023.Brandt_Cormorant/Brandt_Cormorant_0084_23265.jpg,1,2,1,3,/o/ocean/00004335.jpg
3470,060.Glaucous_winged_Gull/Glaucous_Winged_Gull_0011_44827.jpg,1,2,1,3,/l/lake/natural/00000773.jpg
1342,024.Red_faced_Cormorant/Red_Faced_Cormorant_0023_796328.jpg,1,2,1,3,/l/lake/natural/00002001.jpg
4175,072.Pomarine_Jaeger/Pomarine_Jaeger_0054_795791.jpg,1,2,1,3,/o/ocean/00002080.jpg
5010,086.Pacific_Loon/Pacific_Loon_0003_75442.jpg,1,2,1,3,/l/lake/natural/00000138.jpg
5191,089.Hooded_Merganser/Hooded_Merganser_0043_796783.jpg,1,2,1,3,/o/ocean/00004273.jpg
2963,052.Pied_billed_Grebe/Pied_Billed_Grebe_0078_35410.jpg,1,2,1,3,/o/ocean/00000251.jpg
3631,063.Ivory_Gull/Ivory_Gull_0092_49996.jpg,1,2,1,3,/o/ocean/00002425.jpg
1273,023.Brandt_Cormorant/Brandt_Cormorant_0053_22957.jpg,1,2,1,3,/o/ocean/00001180.jpg
163,003.Sooty_Albatross/Sooty_Albatross_0065_796367.jpg,1,2,1,3,/o/ocean/00001922.jpg
5905,101.White_Pelican/White_Pelican_0034_97466.jpg,1,2,1,3,/o/ocean/00003601.jpg
1373,025.Pelagic_Cormorant/Pelagic_Cormorant_0010_23711.jpg,1,2,1,3,/l/lake/natural/00001242.jpg
3649,063.Ivory_Gull/Ivory_Gull_0093_49052.jpg,1,2,1,3,/l/lake/natural/00002643.jpg
1330,024.Red_faced_Cormorant/Red_Faced_Cormorant_0001_796327.jpg,1,2,1,3,/o/ocean/00000809.jpg
1305,024.Red_faced_Cormorant/Red_Faced_Cormorant_0024_796285.jpg,1,2,1,3,/o/ocean/00001950.jpg
239,005.Crested_Auklet/Crested_Auklet_0006_1813.jpg,1,2,1,3,/l/lake/natural/00000847.jpg
2507,044.Frigatebird/Frigatebird_0120_43300.jpg,1,2,1,3,/o/ocean/00002169.jpg
8395,143.Caspian_Tern/Caspian_Tern_0058_145886.jpg,1,2,1,3,/o/ocean/00002562.jpg
5918,102.Western_Wood_Pewee/Western_Wood_Pewee_0014_98094.jpg,1,2,1,3,/l/lake/natural/00002070.jpg
419,008.Rhinoceros_Auklet/Rhinoceros_Auklet_0048_2162.jpg,1,2,1,3,/o/ocean/00002937.jpg
8546,146.Forsters_Tern/Forsters_Tern_0042_151644.jpg,1,2,1,3,/l/lake/natural/00000793.jpg
4996,086.Pacific_Loon/Pacific_Loon_0042_75385.jpg,1,2,1,3,/l/lake/natural/00003241.jpg
5929,102.Western_Wood_Pewee/Western_Wood_Pewee_0018_98153.jpg,1,2,1,3,/o/ocean/00003020.jpg
8571,146.Forsters_Tern/Forsters_Tern_0010_151243.jpg,1,2,1,3,/l/lake/natural/00002668.jpg
3461,060.Glaucous_winged_Gull/Glaucous_Winged_Gull_0076_44744.jpg,1,2,1,3,/o/ocean/00002710.jpg
3420,059.California_Gull/California_Gull_0014_40880.jpg,1,2,1,3,/o/ocean/00000016.jpg
8600,147.Least_Tern/Least_Tern_0058_153747.jpg,1,2,1,3,/l/lake/natural/00000853.jpg
5056,087.Mallard/Mallard_0043_77038.jpg,1,2,1,3,/l/lake/natural/00002411.jpg
405,008.Rhinoceros_Auklet/Rhinoceros_Auklet_0046_797532.jpg,1,2,1,3,/o/ocean/00004934.jpg
1243,023.Brandt_Cormorant/Brandt_Cormorant_0052_23356.jpg,1,2,1,3,/o/ocean/00004854.jpg
5909,101.White_Pelican/White_Pelican_0087_97247.jpg,1,2,1,3,/o/ocean/00002692.jpg
8467,145.Elegant_Tern/Elegant_Tern_0077_150548.jpg,1,2,1,3,/l/lake/natural/00001986.jpg
4085,071.Long_tailed_Jaeger/Long_Tailed_Jaeger_0017_797081.jpg,1,2,1,3,/o/ocean/00000231.jpg
5936,102.Western_Wood_Pewee/Western_Wood_Pewee_0010_98204.jpg,1,2,1,3,/o/ocean/00000500.jpg
6170,106.Horned_Puffin/Horned_Puffin_0035_100690.jpg,1,2,1,3,/l/lake/natural/00001395.jpg
3007,052.Pied_billed_Grebe/Pied_Billed_Grebe_0056_35623.jpg,1,2,1,3,/o/ocean/00000434.jpg
3798,066.Western_Gull/Western_Gull_0070_54978.jpg,1,2,1,3,/o/ocean/00001356.jpg
3562,062.Herring_Gull/Herring_Gull_0071_48751.jpg,1,2,1,3,/l/lake/natural/00000149.jpg
8620,147.Least_Tern/Least_Tern_0089_152912.jpg,1,2,1,3,/o/ocean/00003692.jpg
1396,025.Pelagic_Cormorant/Pelagic_Cormorant_0073_23785.jpg,1,2,1,3,/l/lake/natural/00003657.jpg
5954,102.Western_Wood_Pewee/Western_Wood_Pewee_0045_97972.jpg,1,2,1,3,/o/ocean/00002387.jpg
2630,046.Gadwall/Gadwall_0095_30911.jpg,1,2,1,3,/l/lake/natural/00002147.jpg
4094,071.Long_tailed_Jaeger/Long_Tailed_Jaeger_0049_797063.jpg,1,2,1,3,/l/lake/natural/00004461.jpg
8503,145.Elegant_Tern/Elegant_Tern_0107_150960.jpg,1,2,1,3,/l/lake/natural/00001719.jpg
3782,066.Western_Gull/Western_Gull_0104_53816.jpg,1,2,1,3,/o/ocean/00001398.jpg
5224,090.Red_breasted_Merganser/Red_Breasted_Merganser_0001_79199.jpg,1,2,1,3,/o/ocean/00000056.jpg
26,001.Black_footed_Albatross/Black_Footed_Albatross_0033_796086.jpg,1,2,1,3,/o/ocean/00000040.jpg
5085,087.Mallard/Mallard_0004_76958.jpg,1,2,1,3,/o/ocean/00000309.jpg
5060,087.Mallard/Mallard_0106_77568.jpg,1,2,1,3,/o/ocean/00000358.jpg
8414,144.Common_Tern/Common_Tern_0045_150067.jpg,1,2,1,3,/o/ocean/00000971.jpg
8359,143.Caspian_Tern/Caspian_Tern_0062_145981.jpg,1,2,1,3,/l/lake/natural/00000881.jpg
59,001.Black_footed_Albatross/Black_Footed_Albatross_0058_796074.jpg,1,2,1,3,/l/lake/natural/00001972.jpg
3821,066.Western_Gull/Western_Gull_0024_53631.jpg,1,2,1,3,/l/lake/natural/00003028.jpg
369,007.Parakeet_Auklet/Parakeet_Auklet_0061_795990.jpg,1,2,1,3,/o/ocean/00001530.jpg
5059,087.Mallard/Mallard_0083_77052.jpg,1,2,1,3,/l/lake/natural/00002629.jpg
8278,141.Artic_Tern/Artic_Tern_0024_143268.jpg,1,2,1,3,/o/ocean/00000305.jpg
1118,021.Eastern_Towhee/Eastern_Towhee_0110_22549.jpg,1,2,1,3,/o/ocean/00004897.jpg
